ID,Resume_str,Resume_html,Category
570,"Noah Chen
Summary
Motivated banking associate professional with a proven track record of 12 years managing cross-functional initiatives.

Skills
kyc, customer relationship management, underwriting, credit analysis, loan processing, compliance, risk assessment

Experience
Utilized credit analysis, customer relationship management, underwriting to support key business objectives and improve team performance.
Utilized compliance, risk assessment, customer relationship management to support key business objectives and improve team performance.
Utilized customer relationship management, loan processing, credit analysis to support key business objectives and improve team performance.

Education
MBA in Finance","<html><body><p>Noah Chen</p><p>Summary</p><p>Motivated banking associate professional with a proven track record of 12 years managing cross-functional initiatives.</p><p>Skills</p><p>kyc, customer relationship management, underwriting, credit analysis, loan processing, compliance, risk assessment</p><p>Experience</p><p>Utilized credit analysis, customer relationship management, underwriting to support key business objectives and improve team performance.</p><p>Utilized compliance, risk assessment, customer relationship management to support key business objectives and improve team performance.</p><p>Utilized customer relationship management, loan processing, credit analysis to support key business objectives and improve team performance.</p><p>Education</p><p>MBA in Finance</p></body></html>",BANKING
265,"Wei Singh
Summary
Results-driven healthcare professional with 3 years of experience delivering high-impact outcomes in fast-paced environments.

Skills
ehr, vital signs monitoring, medical records, clinical, medication administration, hipaa, emr, patient care

Experience
Utilized emr, medication administration, vital signs monitoring to support key business objectives and improve team performance.
Utilized clinical, medication administration, ehr to support key business objectives and improve team performance.
Utilized vital signs monitoring, medication administration, hipaa to support key business objectives and improve team performance.

Education
Diploma in Finance","<html><body><p>Wei Singh</p><p>Summary</p><p>Results-driven healthcare professional with 3 years of experience delivering high-impact outcomes in fast-paced environments.</p><p>Skills</p><p>ehr, vital signs monitoring, medical records, clinical, medication administration, hipaa, emr, patient care</p><p>Experience</p><p>Utilized emr, medication administration, vital signs monitoring to support key business objectives and improve team performance.</p><p>Utilized clinical, medication administration, ehr to support key business objectives and improve team performance.</p><p>Utilized vital signs monitoring, medication administration, hipaa to support key business objectives and improve team performance.</p><p>Education</p><p>Diploma in Finance</p></body></html>",HEALTHCARE
291,"Priya Sharma
Summary
Detail-oriented sales representative offering 7+ years of hands-on expertise and a strong record of measurable results.

Skills
prospecting, sales, client relationship, crm, closing deals, negotiation, salesforce, quota attainment

Experience
Utilized negotiation, client relationship, quota attainment to support key business objectives and improve team performance.
Utilized closing deals, crm, prospecting to support key business objectives and improve team performance.
Utilized sales, client relationship, closing deals to support key business objectives and improve team performance.
Utilized negotiation, prospecting, crm to support key business objectives and improve team performance.

Education
Bachelor of Engineering in Business Administration","<html><body><p>Priya Sharma</p><p>Summary</p><p>Detail-oriented sales representative offering 7+ years of hands-on expertise and a strong record of measurable results.</p><p>Skills</p><p>prospecting, sales, client relationship, crm, closing deals, negotiation, salesforce, quota attainment</p><p>Experience</p><p>Utilized negotiation, client relationship, quota attainment to support key business objectives and improve team performance.</p><p>Utilized closing deals, crm, prospecting to support key business objectives and improve team performance.</p><p>Utilized sales, client relationship, closing deals to support key business objectives and improve team performance.</p><p>Utilized negotiation, prospecting, crm to support key business objectives and improve team performance.</p><p>Education</p><p>Bachelor of Engineering in Business Administration</p></body></html>",SALES
597,"Grace Singh
Summary
Motivated banking associate professional with a proven track record of 4 years managing cross-functional initiatives.

Skills
customer relationship management, kyc, risk assessment, credit analysis, underwriting, loan processing, compliance

Experience
Utilized underwriting, loan processing, customer relationship management to support key business objectives and improve team performance.
Utilized underwriting, credit analysis, kyc to support key business objectives and improve team performance.
Utilized loan processing, risk assessment, compliance to support key business objectives and improve team performance.

Education
Master of Science in Marketing","<html><body><p>Grace Singh</p><p>Summary</p><p>Motivated banking associate professional with a proven track record of 4 years managing cross-functional initiatives.</p><p>Skills</p><p>customer relationship management, kyc, risk assessment, credit analysis, underwriting, loan processing, compliance</p><p>Experience</p><p>Utilized underwriting, loan processing, customer relationship management to support key business objectives and improve team performance.</p><p>Utilized underwriting, credit analysis, kyc to support key business objectives and improve team performance.</p><p>Utilized loan processing, risk assessment, compliance to support key business objectives and improve team performance.</p><p>Education</p><p>Master of Science in Marketing</p></body></html>",BANKING
174,"Ravi Lopez
Summary
Motivated legal counsel professional with a proven track record of 11 years managing cross-functional initiatives.

Skills
regulatory filings, compliance, westlaw, client counseling, case management, contract review

Experience
Utilized westlaw, compliance, case management to support key business objectives and improve team performance.
Utilized westlaw, regulatory filings, client counseling to support key business objectives and improve team performance.
Utilized compliance, westlaw, contract review to support key business objectives and improve team performance.
Utilized contract review, westlaw, regulatory filings to support key business objectives and improve team performance.

Education
Diploma in Education","<html><body><p>Ravi Lopez</p><p>Summary</p><p>Motivated legal counsel professional with a proven track record of 11 years managing cross-functional initiatives.</p><p>Skills</p><p>regulatory filings, compliance, westlaw, client counseling, case management, contract review</p><p>Experience</p><p>Utilized westlaw, compliance, case management to support key business objectives and improve team performance.</p><p>Utilized westlaw, regulatory filings, client counseling to support key business objectives and improve team performance.</p><p>Utilized compliance, westlaw, contract review to support key business objectives and improve team performance.</p><p>Utilized contract review, westlaw, regulatory filings to support key business objectives and improve team performance.</p><p>Education</p><p>Diploma in Education</p></body></html>",ADVOCATE
247,"Wei Brown
Summary
Results-driven healthcare professional with 3 years of experience delivering high-impact outcomes in fast-paced environments.

Skills
vital signs monitoring, medical records, triage, clinical, medication administration, hipaa

Experience
Utilized medication administration, vital signs monitoring, clinical to support key business objectives and improve team performance.
Utilized triage, vital signs monitoring, clinical to support key business objectives and improve team performance.
Utilized medication administration, clinical, medical records to support key business objectives and improve team performance.

Education
Master of Science in Business Administration","<html><body><p>Wei Brown</p><p>Summary</p><p>Results-driven healthcare professional with 3 years of experience delivering high-impact outcomes in fast-paced environments.</p><p>Skills</p><p>vital signs monitoring, medical records, triage, clinical, medication administration, hipaa</p><p>Experience</p><p>Utilized medication administration, vital signs monitoring, clinical to support key business objectives and improve team performance.</p><p>Utilized triage, vital signs monitoring, clinical to support key business objectives and improve team performance.</p><p>Utilized medication administration, clinical, medical records to support key business objectives and improve team performance.</p><p>Education</p><p>Master of Science in Business Administration</p></body></html>",HEALTHCARE
158,"Wei Khan
Summary
Motivated educator professional with a proven track record of 12 years managing cross-functional initiatives.

Skills
differentiated instruction, tutoring, lesson planning, parent communication, student assessment, special education, instructional design

Experience
Utilized differentiated instruction, special education, student assessment to support key business objectives and improve team performance.
Utilized parent communication, student assessment, differentiated instruction to support key business objectives and improve team performance.
Utilized tutoring, student assessment, lesson planning to support key business objectives and improve team performance.
Utilized instructional design, student assessment, tutoring to support key business objectives and improve team performance.

Education
Bachelor of Arts in Marketing","<html><body><p>Wei Khan</p><p>Summary</p><p>Motivated educator professional with a proven track record of 12 years managing cross-functional initiatives.</p><p>Skills</p><p>differentiated instruction, tutoring, lesson planning, parent communication, student assessment, special education, instructional design</p><p>Experience</p><p>Utilized differentiated instruction, special education, student assessment to support key business objectives and improve team performance.</p><p>Utilized parent communication, student assessment, differentiated instruction to support key business objectives and improve team performance.</p><p>Utilized tutoring, student assessment, lesson planning to support key business objectives and improve team performance.</p><p>Utilized instructional design, student assessment, tutoring to support key business objectives and improve team performance.</p><p>Education</p><p>Bachelor of Arts in Marketing</p></body></html>",TEACHER
69,"Aisha Johnson
Summary
Results-driven human resources specialist with 6 years of experience delivering high-impact outcomes in fast-paced environments.

Skills
onboarding, benefits administration, performance management, talent acquisition, conflict resolution, hris, labor relations, compensation

Experience
Utilized conflict resolution, hris, labor relations to support key business objectives and improve team performance.
Utilized labor relations, benefits administration, conflict resolution to support key business objectives and improve team performance.
Utilized benefits administration, performance management, conflict resolution to support key business objectives and improve team performance.

Education
MBA in Marketing","<html><body><p>Aisha Johnson</p><p>Summary</p><p>Results-driven human resources specialist with 6 years of experience delivering high-impact outcomes in fast-paced environments.</p><p>Skills</p><p>onboarding, benefits administration, performance management, talent acquisition, conflict resolution, hris, labor relations, compensation</p><p>Experience</p><p>Utilized conflict resolution, hris, labor relations to support key business objectives and improve team performance.</p><p>Utilized labor relations, benefits administration, conflict resolution to support key business objectives and improve team performance.</p><p>Utilized benefits administration, performance management, conflict resolution to support key business objectives and improve team performance.</p><p>Education</p><p>MBA in Marketing</p></body></html>",HR
31,"Ravi Brown
Summary
Results-driven software engineer with 6 years of experience delivering high-impact outcomes in fast-paced environments.

Skills
rest api, sql, docker, scrum, aws, machine learning, linux, microservices

Experience
Utilized microservices, sql, docker to support key business objectives and improve team performance.
Utilized aws, docker, linux to support key business objectives and improve team performance.

Education
Bachelor of Engineering in Education","<html><body><p>Ravi Brown</p><p>Summary</p><p>Results-driven software engineer with 6 years of experience delivering high-impact outcomes in fast-paced environments.</p><p>Skills</p><p>rest api, sql, docker, scrum, aws, machine learning, linux, microservices</p><p>Experience</p><p>Utilized microservices, sql, docker to support key business objectives and improve team performance.</p><p>Utilized aws, docker, linux to support key business objectives and improve team performance.</p><p>Education</p><p>Bachelor of Engineering in Education</p></body></html>",INFORMATION-TECHNOLOGY
275,"Neha Patel
Summary
Motivated healthcare professional professional with a proven track record of 6 years managing cross-functional initiatives.

Skills
vital signs monitoring, ehr, healthcare compliance, triage, hipaa, patient care, medication administration

Experience
Utilized medication administration, healthcare compliance, hipaa to support key business objectives and improve team performance.
Utilized hipaa, ehr, medication administration to support key business objectives and improve team performance.
Utilized vital signs monitoring, triage, medication administration to support key business objectives and improve team performance.

Education
Bachelor of Engineering in Marketing","<html><body><p>Neha Patel</p><p>Summary</p><p>Motivated healthcare professional professional with a proven track record of 6 years managing cross-functional initiatives.</p><p>Skills</p><p>vital signs monitoring, ehr, healthcare compliance, triage, hipaa, patient care, medication administration</p><p>Experience</p><p>Utilized medication administration, healthcare compliance, hipaa to support key business objectives and improve team performance.</p><p>Utilized hipaa, ehr, medication administration to support key business objectives and improve team performance.</p><p>Utilized vital signs monitoring, triage, medication administration to support key business objectives and improve team performance.</p><p>Education</p><p>Bachelor of Engineering in Marketing</p></body></html>",HEALTHCARE
417,"Grace Lopez
Summary
Detail-oriented accountant offering 3+ years of hands-on expertise and a strong record of measurable results.

Skills
gaap, accounting, reconciliation, quickbooks, financial statements, general ledger, auditing

Experience
Utilized quickbooks, auditing, reconciliation to support key business objectives and improve team performance.
Utilized quickbooks, reconciliation, auditing to support key business objectives and improve team performance.
Utilized financial statements, auditing, quickbooks to support key business objectives and improve team performance.

Education
Diploma in Marketing","<html><body><p>Grace Lopez</p><p>Summary</p><p>Detail-oriented accountant offering 3+ years of hands-on expertise and a strong record of measurable results.</p><p>Skills</p><p>gaap, accounting, reconciliation, quickbooks, financial statements, general ledger, auditing</p><p>Experience</p><p>Utilized quickbooks, auditing, reconciliation to support key business objectives and improve team performance.</p><p>Utilized quickbooks, reconciliation, auditing to support key business objectives and improve team performance.</p><p>Utilized financial statements, auditing, quickbooks to support key business objectives and improve team performance.</p><p>Education</p><p>Diploma in Marketing</p></body></html>",ACCOUNTANT
231,"Noah Brown
Summary
Motivated business development manager professional with a proven track record of 13 years managing cross-functional initiatives.

Skills
negotiation, partnership development, business development, account management, salesforce, market research, crm, revenue growth

Experience
Utilized market research, partnership development, account management to support key business objectives and improve team performance.
Utilized crm, account management, partnership development to support key business objectives and improve team performance.

Education
MBA in Mechanical Engineering","<html><body><p>Noah Brown</p><p>Summary</p><p>Motivated business development manager professional with a proven track record of 13 years managing cross-functional initiatives.</p><p>Skills</p><p>negotiation, partnership development, business development, account management, salesforce, market research, crm, revenue growth</p><p>Experience</p><p>Utilized market research, partnership development, account management to support key business objectives and improve team performance.</p><p>Utilized crm, account management, partnership development to support key business objectives and improve team performance.</p><p>Education</p><p>MBA in Mechanical Engineering</p></body></html>",BUSINESS-DEVELOPMENT
10,"Priya Patel
Summary
Detail-oriented software engineer offering 8+ years of hands-on expertise and a strong record of measurable results.

Skills
react, cloud computing, sql, scrum, agile, docker, rest api

Experience
Utilized agile, react, docker to support key business objectives and improve team performance.
Utilized rest api, cloud computing, docker to support key business objectives and improve team performance.
Utilized scrum, rest api, docker to support key business objectives and improve team performance.
Utilized cloud computing, scrum, react to support key business objectives and improve team performance.

Education
Bachelor of Science in Computer Science","<html><body><p>Priya Patel</p><p>Summary</p><p>Detail-oriented software engineer offering 8+ years of hands-on expertise and a strong record of measurable results.</p><p>Skills</p><p>react, cloud computing, sql, scrum, agile, docker, rest api</p><p>Experience</p><p>Utilized agile, react, docker to support key business objectives and improve team performance.</p><p>Utilized rest api, cloud computing, docker to support key business objectives and improve team performance.</p><p>Utilized scrum, rest api, docker to support key business objectives and improve team performance.</p><p>Utilized cloud computing, scrum, react to support key business objectives and improve team performance.</p><p>Education</p><p>Bachelor of Science in Computer Science</p></body></html>",INFORMATION-TECHNOLOGY
523,"Omar Khan
Summary
Detail-oriented aviation operations coordinator offering 12+ years of hands-on expertise and a strong record of measurable results.

Skills
faa regulations, flight operations, logistics coordination, ground operations, safety compliance, aircraft maintenance

Experience
Utilized logistics coordination, aircraft maintenance, faa regulations to support key business objectives and improve team performance.
Utilized safety compliance, ground operations, logistics coordination to support key business objectives and improve team performance.
Utilized aircraft maintenance, logistics coordination, ground operations to support key business objectives and improve team performance.

Education
Bachelor of Arts in Nursing","<html><body><p>Omar Khan</p><p>Summary</p><p>Detail-oriented aviation operations coordinator offering 12+ years of hands-on expertise and a strong record of measurable results.</p><p>Skills</p><p>faa regulations, flight operations, logistics coordination, ground operations, safety compliance, aircraft maintenance</p><p>Experience</p><p>Utilized logistics coordination, aircraft maintenance, faa regulations to support key business objectives and improve team performance.</p><p>Utilized safety compliance, ground operations, logistics coordination to support key business objectives and improve team performance.</p><p>Utilized aircraft maintenance, logistics coordination, ground operations to support key business objectives and improve team performance.</p><p>Education</p><p>Bachelor of Arts in Nursing</p></body></html>",AVIATION
90,"Wei Patel
Summary
Detail-oriented product designer offering 7+ years of hands-on expertise and a strong record of measurable results.

Skills
photoshop, ux design, branding, graphic design, prototyping, sketch, figma, indesign

Experience
Utilized ux design, indesign, photoshop to support key business objectives and improve team performance.
Utilized figma, branding, indesign to support key business objectives and improve team performance.
Utilized sketch, figma, ux design to support key business objectives and improve team performance.

Education
Bachelor of Engineering in Accounting","<html><body><p>Wei Patel</p><p>Summary</p><p>Detail-oriented product designer offering 7+ years of hands-on expertise and a strong record of measurable results.</p><p>Skills</p><p>photoshop, ux design, branding, graphic design, prototyping, sketch, figma, indesign</p><p>Experience</p><p>Utilized ux design, indesign, photoshop to support key business objectives and improve team performance.</p><p>Utilized figma, branding, indesign to support key business objectives and improve team performance.</p><p>Utilized sketch, figma, ux design to support key business objectives and improve team performance.</p><p>Education</p><p>Bachelor of Engineering in Accounting</p></body></html>",DESIGNER
357,"Aisha Davis
Summary
Detail-oriented finance analyst offering 14+ years of hands-on expertise and a strong record of measurable results.

Skills
excel, variance analysis, risk management, budgeting, investment analysis, financial reporting

Experience
Utilized budgeting, variance analysis, financial reporting to support key business objectives and improve team performance.
Utilized budgeting, excel, investment analysis to support key business objectives and improve team performance.
Utilized variance analysis, financial reporting, budgeting to support key business objectives and improve team performance.

Education
Bachelor of Arts in Business Administration","<html><body><p>Aisha Davis</p><p>Summary</p><p>Detail-oriented finance analyst offering 14+ years of hands-on expertise and a strong record of measurable results.</p><p>Skills</p><p>excel, variance analysis, risk management, budgeting, investment analysis, financial reporting</p><p>Experience</p><p>Utilized budgeting, variance analysis, financial reporting to support key business objectives and improve team performance.</p><p>Utilized budgeting, excel, investment analysis to support key business objectives and improve team performance.</p><p>Utilized variance analysis, financial reporting, budgeting to support key business objectives and improve team performance.</p><p>Education</p><p>Bachelor of Arts in Business Administration</p></body></html>",FINANCE
525,"Alex Johnson
Summary
Detail-oriented aviation operations coordinator offering 6+ years of hands-on expertise and a strong record of measurable results.

Skills
safety compliance, faa regulations, aircraft maintenance, logistics coordination, ground operations, flight operations

Experience
Utilized flight operations, ground operations, logistics coordination to support key business objectives and improve team performance.
Utilized ground operations, safety compliance, faa regulations to support key business objectives and improve team performance.
Utilized flight operations, faa regulations, aircraft maintenance to support key business objectives and improve team performance.

Education
MBA in Mechanical Engineering","<html><body><p>Alex Johnson</p><p>Summary</p><p>Detail-oriented aviation operations coordinator offering 6+ years of hands-on expertise and a strong record of measurable results.</p><p>Skills</p><p>safety compliance, faa regulations, aircraft maintenance, logistics coordination, ground operations, flight operations</p><p>Experience</p><p>Utilized flight operations, ground operations, logistics coordination to support key business objectives and improve team performance.</p><p>Utilized ground operations, safety compliance, faa regulations to support key business objectives and improve team performance.</p><p>Utilized flight operations, faa regulations, aircraft maintenance to support key business objectives and improve team performance.</p><p>Education</p><p>MBA in Mechanical Engineering</p></body></html>",AVIATION
541,"Jordan Kim
Summary
Detail-oriented aviation operations coordinator offering 10+ years of hands-on expertise and a strong record of measurable results.

Skills
ground operations, safety compliance, logistics coordination, faa regulations, aircraft maintenance, flight operations

Experience
Utilized faa regulations, flight operations, ground operations to support key business objectives and improve team performance.
Utilized faa regulations, ground operations, flight operations to support key business objectives and improve team performance.

Education
Master of Science in Finance","<html><body><p>Jordan Kim</p><p>Summary</p><p>Detail-oriented aviation operations coordinator offering 10+ years of hands-on expertise and a strong record of measurable results.</p><p>Skills</p><p>ground operations, safety compliance, logistics coordination, faa regulations, aircraft maintenance, flight operations</p><p>Experience</p><p>Utilized faa regulations, flight operations, ground operations to support key business objectives and improve team performance.</p><p>Utilized faa regulations, ground operations, flight operations to support key business objectives and improve team performance.</p><p>Education</p><p>Master of Science in Finance</p></body></html>",AVIATION
261,"Jordan Khan
Summary
Detail-oriented healthcare professional offering 8+ years of hands-on expertise and a strong record of measurable results.

Skills
healthcare compliance, hipaa, triage, clinical, nursing, medical records, medication administration, patient care, vital signs monitoring

Experience
Utilized medication administration, triage, clinical to support key business objectives and improve team performance.
Utilized vital signs monitoring, medication administration, healthcare compliance to support key business objectives and improve team performance.
Utilized triage, medical records, nursing to support key business objectives and improve team performance.
Utilized triage, vital signs monitoring, medication administration to support key business objectives and improve team performance.

Education
Master of Science in Business Administration","<html><body><p>Jordan Khan</p><p>Summary</p><p>Detail-oriented healthcare professional offering 8+ years of hands-on expertise and a strong record of measurable results.</p><p>Skills</p><p>healthcare compliance, hipaa, triage, clinical, nursing, medical records, medication administration, patient care, vital signs monitoring</p><p>Experience</p><p>Utilized medication administration, triage, clinical to support key business objectives and improve team performance.</p><p>Utilized vital signs monitoring, medication administration, healthcare compliance to support key business objectives and improve team performance.</p><p>Utilized triage, medical records, nursing to support key business objectives and improve team performance.</p><p>Utilized triage, vital signs monitoring, medication administration to support key business objectives and improve team performance.</p><p>Education</p><p>Master of Science in Business Administration</p></body></html>",HEALTHCARE
428,"Omar Davis
Summary
Motivated accountant professional with a proven track record of 12 years managing cross-functional initiatives.

Skills
reconciliation, accounts payable, tax, general ledger, accounts receivable, quickbooks, accounting, bookkeeping

Experience
Utilized accounts payable, quickbooks, tax to support key business objectives and improve team performance.
Utilized accounting, quickbooks, bookkeeping to support key business objectives and improve team performance.

Education
Bachelor of Science in Education","<html><body><p>Omar Davis</p><p>Summary</p><p>Motivated accountant professional with a proven track record of 12 years managing cross-functional initiatives.</p><p>Skills</p><p>reconciliation, accounts payable, tax, general ledger, accounts receivable, quickbooks, accounting, bookkeeping</p><p>Experience</p><p>Utilized accounts payable, quickbooks, tax to support key business objectives and improve team performance.</p><p>Utilized accounting, quickbooks, bookkeeping to support key business objectives and improve team performance.</p><p>Education</p><p>Bachelor of Science in Education</p></body></html>",ACCOUNTANT
238,"Emma Singh
Summary
Motivated business development manager professional with a proven track record of 9 years managing cross-functional initiatives.

Skills
market research, account management, crm, partnership development, business development, salesforce

Experience
Utilized business development, account management, crm to support key business objectives and improve team performance.
Utilized crm, partnership development, salesforce to support key business objectives and improve team performance.

Education
MBA in Nursing","<html><body><p>Emma Singh</p><p>Summary</p><p>Motivated business development manager professional with a proven track record of 9 years managing cross-functional initiatives.</p><p>Skills</p><p>market research, account management, crm, partnership development, business development, salesforce</p><p>Experience</p><p>Utilized business development, account management, crm to support key business objectives and improve team performance.</p><p>Utilized crm, partnership development, salesforce to support key business objectives and improve team performance.</p><p>Education</p><p>MBA in Nursing</p></body></html>",BUSINESS-DEVELOPMENT
436,"Noah Chen
Summary
Motivated accountant professional with a proven track record of 3 years managing cross-functional initiatives.

Skills
accounting, general ledger, gaap, accounts payable, accounts receivable, reconciliation, financial statements

Experience
Utilized accounts receivable, general ledger, accounting to support key business objectives and improve team performance.
Utilized gaap, accounting, accounts receivable to support key business objectives and improve team performance.
Utilized general ledger, accounts payable, accounting to support key business objectives and improve team performance.

Education
Bachelor of Engineering in Design","<html><body><p>Noah Chen</p><p>Summary</p><p>Motivated accountant professional with a proven track record of 3 years managing cross-functional initiatives.</p><p>Skills</p><p>accounting, general ledger, gaap, accounts payable, accounts receivable, reconciliation, financial statements</p><p>Experience</p><p>Utilized accounts receivable, general ledger, accounting to support key business objectives and improve team performance.</p><p>Utilized gaap, accounting, accounts receivable to support key business objectives and improve team performance.</p><p>Utilized general ledger, accounts payable, accounting to support key business objectives and improve team performance.</p><p>Education</p><p>Bachelor of Engineering in Design</p></body></html>",ACCOUNTANT
155,"Jordan Garcia
Summary
Results-driven educator with 11 years of experience delivering high-impact outcomes in fast-paced environments.

Skills
parent communication, tutoring, special education, student assessment, lesson planning, differentiated instruction

Experience
Utilized parent communication, tutoring, student assessment to support key business objectives and improve team performance.
Utilized special education, tutoring, lesson planning to support key business objectives and improve team performance.
Utilized tutoring, lesson planning, special education to support key business objectives and improve team performance.
Utilized differentiated instruction, special education, parent communication to support key business objectives and improve team performance.

Education
Master of Science in Accounting","<html><body><p>Jordan Garcia</p><p>Summary</p><p>Results-driven educator with 11 years of experience delivering high-impact outcomes in fast-paced environments.</p><p>Skills</p><p>parent communication, tutoring, special education, student assessment, lesson planning, differentiated instruction</p><p>Experience</p><p>Utilized parent communication, tutoring, student assessment to support key business objectives and improve team performance.</p><p>Utilized special education, tutoring, lesson planning to support key business objectives and improve team performance.</p><p>Utilized tutoring, lesson planning, special education to support key business objectives and improve team performance.</p><p>Utilized differentiated instruction, special education, parent communication to support key business objectives and improve team performance.</p><p>Education</p><p>Master of Science in Accounting</p></body></html>",TEACHER
598,"Wei Kim
Summary
Detail-oriented banking associate offering 8+ years of hands-on expertise and a strong record of measurable results.

Skills
compliance, credit analysis, loan processing, underwriting, kyc, customer relationship management

Experience
Utilized credit analysis, customer relationship management, compliance to support key business objectives and improve team performance.
Utilized customer relationship management, loan processing, credit analysis to support key business objectives and improve team performance.

Education
Diploma in Education","<html><body><p>Wei Kim</p><p>Summary</p><p>Detail-oriented banking associate offering 8+ years of hands-on expertise and a strong record of measurable results.</p><p>Skills</p><p>compliance, credit analysis, loan processing, underwriting, kyc, customer relationship management</p><p>Experience</p><p>Utilized credit analysis, customer relationship management, compliance to support key business objectives and improve team performance.</p><p>Utilized customer relationship management, loan processing, credit analysis to support key business objectives and improve team performance.</p><p>Education</p><p>Diploma in Education</p></body></html>",BANKING
176,"Neha Johnson
Summary
Detail-oriented legal counsel offering 6+ years of hands-on expertise and a strong record of measurable results.

Skills
legal research, regulatory filings, compliance, negotiation, client counseling, legal writing

Experience
Utilized compliance, regulatory filings, legal writing to support key business objectives and improve team performance.
Utilized legal writing, legal research, client counseling to support key business objectives and improve team performance.
Utilized negotiation, compliance, regulatory filings to support key business objectives and improve team performance.

Education
Bachelor of Arts in Business Administration","<html><body><p>Neha Johnson</p><p>Summary</p><p>Detail-oriented legal counsel offering 6+ years of hands-on expertise and a strong record of measurable results.</p><p>Skills</p><p>legal research, regulatory filings, compliance, negotiation, client counseling, legal writing</p><p>Experience</p><p>Utilized compliance, regulatory filings, legal writing to support key business objectives and improve team performance.</p><p>Utilized legal writing, legal research, client counseling to support key business objectives and improve team performance.</p><p>Utilized negotiation, compliance, regulatory filings to support key business objectives and improve team performance.</p><p>Education</p><p>Bachelor of Arts in Business Administration</p></body></html>",ADVOCATE
572,"Sofia Chen
Summary
Motivated banking associate professional with a proven track record of 13 years managing cross-functional initiatives.

Skills
risk assessment, loan processing, credit analysis, kyc, customer relationship management, compliance, underwriting

Experience
Utilized compliance, underwriting, loan processing to support key business objectives and improve team performance.
Utilized risk assessment, customer relationship management, loan processing to support key business objectives and improve team performance.
Utilized risk assessment, compliance, loan processing to support key business objectives and improve team performance.
Utilized credit analysis, loan processing, underwriting to support key business objectives and improve team performance.

Education
Master of Science in Accounting","<html><body><p>Sofia Chen</p><p>Summary</p><p>Motivated banking associate professional with a proven track record of 13 years managing cross-functional initiatives.</p><p>Skills</p><p>risk assessment, loan processing, credit analysis, kyc, customer relationship management, compliance, underwriting</p><p>Experience</p><p>Utilized compliance, underwriting, loan processing to support key business objectives and improve team performance.</p><p>Utilized risk assessment, customer relationship management, loan processing to support key business objectives and improve team performance.</p><p>Utilized risk assessment, compliance, loan processing to support key business objectives and improve team performance.</p><p>Utilized credit analysis, loan processing, underwriting to support key business objectives and improve team performance.</p><p>Education</p><p>Master of Science in Accounting</p></body></html>",BANKING
433,"Priya Garcia
Summary
Detail-oriented accountant offering 13+ years of hands-on expertise and a strong record of measurable results.

Skills
gaap, auditing, general ledger, financial statements, accounts receivable, tax, quickbooks, bookkeeping

Experience
Utilized auditing, tax, bookkeeping to support key business objectives and improve team performance.
Utilized quickbooks, financial statements, tax to support key business objectives and improve team performance.
Utilized general ledger, gaap, quickbooks to support key business objectives and improve team performance.

Education
Bachelor of Arts in Computer Science","<html><body><p>Priya Garcia</p><p>Summary</p><p>Detail-oriented accountant offering 13+ years of hands-on expertise and a strong record of measurable results.</p><p>Skills</p><p>gaap, auditing, general ledger, financial statements, accounts receivable, tax, quickbooks, bookkeeping</p><p>Experience</p><p>Utilized auditing, tax, bookkeeping to support key business objectives and improve team performance.</p><p>Utilized quickbooks, financial statements, tax to support key business objectives and improve team performance.</p><p>Utilized general ledger, gaap, quickbooks to support key business objectives and improve team performance.</p><p>Education</p><p>Bachelor of Arts in Computer Science</p></body></html>",ACCOUNTANT
569,"Taylor Khan
Summary
Detail-oriented banking associate offering 14+ years of hands-on expertise and a strong record of measurable results.

Skills
compliance, loan processing, risk assessment, underwriting, credit analysis, customer relationship management, kyc

Experience
Utilized risk assessment, compliance, underwriting to support key business objectives and improve team performance.
Utilized risk assessment, customer relationship management, kyc to support key business objectives and improve team performance.

Education
Bachelor of Engineering in Design","<html><body><p>Taylor Khan</p><p>Summary</p><p>Detail-oriented banking associate offering 14+ years of hands-on expertise and a strong record of measurable results.</p><p>Skills</p><p>compliance, loan processing, risk assessment, underwriting, credit analysis, customer relationship management, kyc</p><p>Experience</p><p>Utilized risk assessment, compliance, underwriting to support key business objectives and improve team performance.</p><p>Utilized risk assessment, customer relationship management, kyc to support key business objectives and improve team performance.</p><p>Education</p><p>Bachelor of Engineering in Design</p></body></html>",BANKING
118,"Liam Garcia
Summary
Results-driven product designer with 14 years of experience delivering high-impact outcomes in fast-paced environments.

Skills
branding, typography, illustrator, prototyping, ui design, photoshop, wireframing

Experience
Utilized branding, photoshop, illustrator to support key business objectives and improve team performance.
Utilized wireframing, prototyping, photoshop to support key business objectives and improve team performance.
Utilized typography, illustrator, ui design to support key business objectives and improve team performance.

Education
Master of Science in Design","<html><body><p>Liam Garcia</p><p>Summary</p><p>Results-driven product designer with 14 years of experience delivering high-impact outcomes in fast-paced environments.</p><p>Skills</p><p>branding, typography, illustrator, prototyping, ui design, photoshop, wireframing</p><p>Experience</p><p>Utilized branding, photoshop, illustrator to support key business objectives and improve team performance.</p><p>Utilized wireframing, prototyping, photoshop to support key business objectives and improve team performance.</p><p>Utilized typography, illustrator, ui design to support key business objectives and improve team performance.</p><p>Education</p><p>Master of Science in Design</p></body></html>",DESIGNER
503,"Taylor Chen
Summary
Results-driven digital marketing specialist with 8 years of experience delivering high-impact outcomes in fast-paced environments.

Skills
digital marketing, google analytics, social media marketing, campaign management, email marketing, content strategy, brand strategy, seo

Experience
Utilized brand strategy, content strategy, campaign management to support key business objectives and improve team performance.
Utilized google analytics, email marketing, brand strategy to support key business objectives and improve team performance.

Education
Bachelor of Arts in Education","<html><body><p>Taylor Chen</p><p>Summary</p><p>Results-driven digital marketing specialist with 8 years of experience delivering high-impact outcomes in fast-paced environments.</p><p>Skills</p><p>digital marketing, google analytics, social media marketing, campaign management, email marketing, content strategy, brand strategy, seo</p><p>Experience</p><p>Utilized brand strategy, content strategy, campaign management to support key business objectives and improve team performance.</p><p>Utilized google analytics, email marketing, brand strategy to support key business objectives and improve team performance.</p><p>Education</p><p>Bachelor of Arts in Education</p></body></html>",DIGITAL-MEDIA
515,"Wei Patel
Summary
Motivated digital marketing specialist professional with a proven track record of 13 years managing cross-functional initiatives.

Skills
brand strategy, google analytics, email marketing, copywriting, digital marketing, social media marketing, campaign management

Experience
Utilized google analytics, email marketing, digital marketing to support key business objectives and improve team performance.
Utilized brand strategy, campaign management, copywriting to support key business objectives and improve team performance.

Education
Bachelor of Science in Nursing","<html><body><p>Wei Patel</p><p>Summary</p><p>Motivated digital marketing specialist professional with a proven track record of 13 years managing cross-functional initiatives.</p><p>Skills</p><p>brand strategy, google analytics, email marketing, copywriting, digital marketing, social media marketing, campaign management</p><p>Experience</p><p>Utilized google analytics, email marketing, digital marketing to support key business objectives and improve team performance.</p><p>Utilized brand strategy, campaign management, copywriting to support key business objectives and improve team performance.</p><p>Education</p><p>Bachelor of Science in Nursing</p></body></html>",DIGITAL-MEDIA
635,"Sofia Davis
Summary
Detail-oriented construction project manager offering 3+ years of hands-on expertise and a strong record of measurable results.

Skills
subcontractor management, cost estimation, osha compliance, project scheduling, blueprint reading, site supervision

Experience
Utilized project scheduling, subcontractor management, cost estimation to support key business objectives and improve team performance.
Utilized cost estimation, subcontractor management, site supervision to support key business objectives and improve team performance.
Utilized site supervision, subcontractor management, cost estimation to support key business objectives and improve team performance.
Utilized cost estimation, project scheduling, osha compliance to support key business objectives and improve team performance.

Education
Diploma in Computer Science","<html><body><p>Sofia Davis</p><p>Summary</p><p>Detail-oriented construction project manager offering 3+ years of hands-on expertise and a strong record of measurable results.</p><p>Skills</p><p>subcontractor management, cost estimation, osha compliance, project scheduling, blueprint reading, site supervision</p><p>Experience</p><p>Utilized project scheduling, subcontractor management, cost estimation to support key business objectives and improve team performance.</p><p>Utilized cost estimation, subcontractor management, site supervision to support key business objectives and improve team performance.</p><p>Utilized site supervision, subcontractor management, cost estimation to support key business objectives and improve team performance.</p><p>Utilized cost estimation, project scheduling, osha compliance to support key business objectives and improve team performance.</p><p>Education</p><p>Diploma in Computer Science</p></body></html>",CONSTRUCTION
76,"Priya Chen
Summary
Results-driven human resources specialist with 7 years of experience delivering high-impact outcomes in fast-paced environments.

Skills
training and development, employee relations, talent acquisition, performance management, recruiting, labor relations, conflict resolution

Experience
Utilized talent acquisition, training and development, recruiting to support key business objectives and improve team performance.
Utilized recruiting, conflict resolution, labor relations to support key business objectives and improve team performance.
Utilized recruiting, training and development, performance management to support key business objectives and improve team performance.
Utilized conflict resolution, performance management, training and development to support key business objectives and improve team performance.

Education
Diploma in Business Administration","<html><body><p>Priya Chen</p><p>Summary</p><p>Results-driven human resources specialist with 7 years of experience delivering high-impact outcomes in fast-paced environments.</p><p>Skills</p><p>training and development, employee relations, talent acquisition, performance management, recruiting, labor relations, conflict resolution</p><p>Experience</p><p>Utilized talent acquisition, training and development, recruiting to support key business objectives and improve team performance.</p><p>Utilized recruiting, conflict resolution, labor relations to support key business objectives and improve team performance.</p><p>Utilized recruiting, training and development, performance management to support key business objectives and improve team performance.</p><p>Utilized conflict resolution, performance management, training and development to support key business objectives and improve team performance.</p><p>Education</p><p>Diploma in Business Administration</p></body></html>",HR
110,"Neha Garcia
Summary
Motivated product designer professional with a proven track record of 14 years managing cross-functional initiatives.

Skills
typography, sketch, photoshop, indesign, ux design, adobe creative suite, prototyping, wireframing, illustrator, graphic design

Experience
Utilized indesign, sketch, wireframing to support key business objectives and improve team performance.
Utilized indesign, graphic design, prototyping to support key business objectives and improve team performance.

Education
Master of Science in Computer Science","<html><body><p>Neha Garcia</p><p>Summary</p><p>Motivated product designer professional with a proven track record of 14 years managing cross-functional initiatives.</p><p>Skills</p><p>typography, sketch, photoshop, indesign, ux design, adobe creative suite, prototyping, wireframing, illustrator, graphic design</p><p>Experience</p><p>Utilized indesign, sketch, wireframing to support key business objectives and improve team performance.</p><p>Utilized indesign, graphic design, prototyping to support key business objectives and improve team performance.</p><p>Education</p><p>Master of Science in Computer Science</p></body></html>",DESIGNER
63,"Liam Khan
Summary
Motivated human resources specialist professional with a proven track record of 1 years managing cross-functional initiatives.

Skills
employee relations, training and development, performance management, benefits administration, payroll, talent acquisition, labor relations, conflict resolution, recruiting

Experience
Utilized talent acquisition, labor relations, payroll to support key business objectives and improve team performance.
Utilized labor relations, recruiting, performance management to support key business objectives and improve team performance.

Education
Bachelor of Science in Nursing","<html><body><p>Liam Khan</p><p>Summary</p><p>Motivated human resources specialist professional with a proven track record of 1 years managing cross-functional initiatives.</p><p>Skills</p><p>employee relations, training and development, performance management, benefits administration, payroll, talent acquisition, labor relations, conflict resolution, recruiting</p><p>Experience</p><p>Utilized talent acquisition, labor relations, payroll to support key business objectives and improve team performance.</p><p>Utilized labor relations, recruiting, performance management to support key business objectives and improve team performance.</p><p>Education</p><p>Bachelor of Science in Nursing</p></body></html>",HR
281,"Grace Singh
Summary
Detail-oriented sales representative offering 14+ years of hands-on expertise and a strong record of measurable results.

Skills
salesforce, prospecting, client relationship, crm, quota attainment, cold calling, upselling, closing deals, sales

Experience
Utilized upselling, cold calling, salesforce to support key business objectives and improve team performance.
Utilized salesforce, closing deals, cold calling to support key business objectives and improve team performance.
Utilized cold calling, prospecting, quota attainment to support key business objectives and improve team performance.

Education
Bachelor of Arts in Accounting","<html><body><p>Grace Singh</p><p>Summary</p><p>Detail-oriented sales representative offering 14+ years of hands-on expertise and a strong record of measurable results.</p><p>Skills</p><p>salesforce, prospecting, client relationship, crm, quota attainment, cold calling, upselling, closing deals, sales</p><p>Experience</p><p>Utilized upselling, cold calling, salesforce to support key business objectives and improve team performance.</p><p>Utilized salesforce, closing deals, cold calling to support key business objectives and improve team performance.</p><p>Utilized cold calling, prospecting, quota attainment to support key business objectives and improve team performance.</p><p>Education</p><p>Bachelor of Arts in Accounting</p></body></html>",SALES
109,"Omar Lopez
Summary
Motivated product designer professional with a proven track record of 3 years managing cross-functional initiatives.

Skills
indesign, typography, figma, wireframing, photoshop, ux design, sketch

Experience
Utilized figma, ux design, indesign to support key business objectives and improve team performance.
Utilized wireframing, figma, indesign to support key business objectives and improve team performance.

Education
Bachelor of Arts in Finance","<html><body><p>Omar Lopez</p><p>Summary</p><p>Motivated product designer professional with a proven track record of 3 years managing cross-functional initiatives.</p><p>Skills</p><p>indesign, typography, figma, wireframing, photoshop, ux design, sketch</p><p>Experience</p><p>Utilized figma, ux design, indesign to support key business objectives and improve team performance.</p><p>Utilized wireframing, figma, indesign to support key business objectives and improve team performance.</p><p>Education</p><p>Bachelor of Arts in Finance</p></body></html>",DESIGNER
72,"Noah Brown
Summary
Detail-oriented human resources specialist offering 9+ years of hands-on expertise and a strong record of measurable results.

Skills
talent acquisition, compensation, payroll, hris, conflict resolution, labor relations, employee relations

Experience
Utilized employee relations, conflict resolution, compensation to support key business objectives and improve team performance.
Utilized employee relations, payroll, talent acquisition to support key business objectives and improve team performance.

Education
Bachelor of Engineering in Marketing","<html><body><p>Noah Brown</p><p>Summary</p><p>Detail-oriented human resources specialist offering 9+ years of hands-on expertise and a strong record of measurable results.</p><p>Skills</p><p>talent acquisition, compensation, payroll, hris, conflict resolution, labor relations, employee relations</p><p>Experience</p><p>Utilized employee relations, conflict resolution, compensation to support key business objectives and improve team performance.</p><p>Utilized employee relations, payroll, talent acquisition to support key business objectives and improve team performance.</p><p>Education</p><p>Bachelor of Engineering in Marketing</p></body></html>",HR
2,"Alex Davis
Summary
Motivated software engineer professional with a proven track record of 4 years managing cross-functional initiatives.

Skills
sql, linux, machine learning, microservices, agile, kubernetes, django, aws, java

Experience
Utilized django, agile, microservices to support key business objectives and improve team performance.
Utilized kubernetes, machine learning, aws to support key business objectives and improve team performance.

Education
Bachelor of Science in Mechanical Engineering","<html><body><p>Alex Davis</p><p>Summary</p><p>Motivated software engineer professional with a proven track record of 4 years managing cross-functional initiatives.</p><p>Skills</p><p>sql, linux, machine learning, microservices, agile, kubernetes, django, aws, java</p><p>Experience</p><p>Utilized django, agile, microservices to support key business objectives and improve team performance.</p><p>Utilized kubernetes, machine learning, aws to support key business objectives and improve team performance.</p><p>Education</p><p>Bachelor of Science in Mechanical Engineering</p></body></html>",INFORMATION-TECHNOLOGY
55,"Emma Brown
Summary
Results-driven human resources specialist with 9 years of experience delivering high-impact outcomes in fast-paced environments.

Skills
labor relations, hris, recruiting, employee relations, talent acquisition, training and development, onboarding

Experience
Utilized employee relations, recruiting, talent acquisition to support key business objectives and improve team performance.
Utilized talent acquisition, labor relations, employee relations to support key business objectives and improve team performance.
Utilized talent acquisition, hris, onboarding to support key business objectives and improve team performance.

Education
Diploma in Business Administration","<html><body><p>Emma Brown</p><p>Summary</p><p>Results-driven human resources specialist with 9 years of experience delivering high-impact outcomes in fast-paced environments.</p><p>Skills</p><p>labor relations, hris, recruiting, employee relations, talent acquisition, training and development, onboarding</p><p>Experience</p><p>Utilized employee relations, recruiting, talent acquisition to support key business objectives and improve team performance.</p><p>Utilized talent acquisition, labor relations, employee relations to support key business objectives and improve team performance.</p><p>Utilized talent acquisition, hris, onboarding to support key business objectives and improve team performance.</p><p>Education</p><p>Diploma in Business Administration</p></body></html>",HR
422,"Neha Johnson
Summary
Results-driven accountant with 9 years of experience delivering high-impact outcomes in fast-paced environments.

Skills
reconciliation, auditing, general ledger, accounts receivable, bookkeeping, gaap, financial statements, accounts payable

Experience
Utilized accounts receivable, reconciliation, gaap to support key business objectives and improve team performance.
Utilized general ledger, financial statements, auditing to support key business objectives and improve team performance.

Education
Bachelor of Engineering in Mechanical Engineering","<html><body><p>Neha Johnson</p><p>Summary</p><p>Results-driven accountant with 9 years of experience delivering high-impact outcomes in fast-paced environments.</p><p>Skills</p><p>reconciliation, auditing, general ledger, accounts receivable, bookkeeping, gaap, financial statements, accounts payable</p><p>Experience</p><p>Utilized accounts receivable, reconciliation, gaap to support key business objectives and improve team performance.</p><p>Utilized general ledger, financial statements, auditing to support key business objectives and improve team performance.</p><p>Education</p><p>Bachelor of Engineering in Mechanical Engineering</p></body></html>",ACCOUNTANT
335,"Omar Brown
Summary
Detail-oriented finance analyst offering 7+ years of hands-on expertise and a strong record of measurable results.

Skills
excel, budgeting, variance analysis, investment analysis, financial analysis, risk management, financial reporting, forecasting, financial modeling

Experience
Utilized financial analysis, variance analysis, excel to support key business objectives and improve team performance.
Utilized financial analysis, financial modeling, risk management to support key business objectives and improve team performance.

Education
Bachelor of Science in Mechanical Engineering","<html><body><p>Omar Brown</p><p>Summary</p><p>Detail-oriented finance analyst offering 7+ years of hands-on expertise and a strong record of measurable results.</p><p>Skills</p><p>excel, budgeting, variance analysis, investment analysis, financial analysis, risk management, financial reporting, forecasting, financial modeling</p><p>Experience</p><p>Utilized financial analysis, variance analysis, excel to support key business objectives and improve team performance.</p><p>Utilized financial analysis, financial modeling, risk management to support key business objectives and improve team performance.</p><p>Education</p><p>Bachelor of Science in Mechanical Engineering</p></body></html>",FINANCE
215,"Noah Khan
Summary
Results-driven business development manager with 3 years of experience delivering high-impact outcomes in fast-paced environments.

Skills
negotiation, account management, market research, revenue growth, lead generation, business development, partnership development, salesforce

Experience
Utilized business development, partnership development, lead generation to support key business objectives and improve team performance.
Utilized negotiation, account management, revenue growth to support key business objectives and improve team performance.
Utilized negotiation, partnership development, salesforce to support key business objectives and improve team performance.

Education
Bachelor of Arts in Accounting","<html><body><p>Noah Khan</p><p>Summary</p><p>Results-driven business development manager with 3 years of experience delivering high-impact outcomes in fast-paced environments.</p><p>Skills</p><p>negotiation, account management, market research, revenue growth, lead generation, business development, partnership development, salesforce</p><p>Experience</p><p>Utilized business development, partnership development, lead generation to support key business objectives and improve team performance.</p><p>Utilized negotiation, account management, revenue growth to support key business objectives and improve team performance.</p><p>Utilized negotiation, partnership development, salesforce to support key business objectives and improve team performance.</p><p>Education</p><p>Bachelor of Arts in Accounting</p></body></html>",BUSINESS-DEVELOPMENT
355,"Grace Kim
Summary
Results-driven finance analyst with 6 years of experience delivering high-impact outcomes in fast-paced environments.

Skills
financial analysis, budgeting, excel, risk management, forecasting, financial modeling, investment analysis, variance analysis, financial reporting

Experience
Utilized forecasting, budgeting, risk management to support key business objectives and improve team performance.
Utilized financial reporting, financial analysis, variance analysis to support key business objectives and improve team performance.

Education
Bachelor of Arts in Marketing","<html><body><p>Grace Kim</p><p>Summary</p><p>Results-driven finance analyst with 6 years of experience delivering high-impact outcomes in fast-paced environments.</p><p>Skills</p><p>financial analysis, budgeting, excel, risk management, forecasting, financial modeling, investment analysis, variance analysis, financial reporting</p><p>Experience</p><p>Utilized forecasting, budgeting, risk management to support key business objectives and improve team performance.</p><p>Utilized financial reporting, financial analysis, variance analysis to support key business objectives and improve team performance.</p><p>Education</p><p>Bachelor of Arts in Marketing</p></body></html>",FINANCE
221,"Ravi Davis
Summary
Detail-oriented business development manager offering 8+ years of hands-on expertise and a strong record of measurable results.

Skills
client relationship, account management, crm, market research, business development, revenue growth, negotiation

Experience
Utilized negotiation, market research, crm to support key business objectives and improve team performance.
Utilized business development, crm, market research to support key business objectives and improve team performance.

Education
Bachelor of Science in Accounting","<html><body><p>Ravi Davis</p><p>Summary</p><p>Detail-oriented business development manager offering 8+ years of hands-on expertise and a strong record of measurable results.</p><p>Skills</p><p>client relationship, account management, crm, market research, business development, revenue growth, negotiation</p><p>Experience</p><p>Utilized negotiation, market research, crm to support key business objectives and improve team performance.</p><p>Utilized business development, crm, market research to support key business objectives and improve team performance.</p><p>Education</p><p>Bachelor of Science in Accounting</p></body></html>",BUSINESS-DEVELOPMENT
286,"Omar Brown
Summary
Motivated sales representative professional with a proven track record of 1 years managing cross-functional initiatives.

Skills
salesforce, crm, prospecting, negotiation, client relationship, closing deals, upselling, cold calling, sales

Experience
Utilized closing deals, salesforce, cold calling to support key business objectives and improve team performance.
Utilized sales, closing deals, upselling to support key business objectives and improve team performance.
Utilized upselling, client relationship, prospecting to support key business objectives and improve team performance.
Utilized client relationship, sales, upselling to support key business objectives and improve team performance.

Education
Bachelor of Engineering in Design","<html><body><p>Omar Brown</p><p>Summary</p><p>Motivated sales representative professional with a proven track record of 1 years managing cross-functional initiatives.</p><p>Skills</p><p>salesforce, crm, prospecting, negotiation, client relationship, closing deals, upselling, cold calling, sales</p><p>Experience</p><p>Utilized closing deals, salesforce, cold calling to support key business objectives and improve team performance.</p><p>Utilized sales, closing deals, upselling to support key business objectives and improve team performance.</p><p>Utilized upselling, client relationship, prospecting to support key business objectives and improve team performance.</p><p>Utilized client relationship, sales, upselling to support key business objectives and improve team performance.</p><p>Education</p><p>Bachelor of Engineering in Design</p></body></html>",SALES
367,"Omar Nguyen
Summary
Detail-oriented mechanical engineer offering 13+ years of hands-on expertise and a strong record of measurable results.

Skills
manufacturing, root cause analysis, matlab, solidworks, autocad, quality control, cad

Experience
Utilized cad, autocad, quality control to support key business objectives and improve team performance.
Utilized matlab, root cause analysis, cad to support key business objectives and improve team performance.

Education
Bachelor of Arts in Computer Science","<html><body><p>Omar Nguyen</p><p>Summary</p><p>Detail-oriented mechanical engineer offering 13+ years of hands-on expertise and a strong record of measurable results.</p><p>Skills</p><p>manufacturing, root cause analysis, matlab, solidworks, autocad, quality control, cad</p><p>Experience</p><p>Utilized cad, autocad, quality control to support key business objectives and improve team performance.</p><p>Utilized matlab, root cause analysis, cad to support key business objectives and improve team performance.</p><p>Education</p><p>Bachelor of Arts in Computer Science</p></body></html>",ENGINEERING
30,"Liam Nguyen
Summary
Motivated software engineer professional with a proven track record of 11 years managing cross-functional initiatives.

Skills
machine learning, ci/cd, java, git, microservices, kubernetes, python, react, rest api, cloud computing

Experience
Utilized java, rest api, microservices to support key business objectives and improve team performance.
Utilized cloud computing, rest api, react to support key business objectives and improve team performance.
Utilized react, python, microservices to support key business objectives and improve team performance.

Education
Diploma in Marketing","<html><body><p>Liam Nguyen</p><p>Summary</p><p>Motivated software engineer professional with a proven track record of 11 years managing cross-functional initiatives.</p><p>Skills</p><p>machine learning, ci/cd, java, git, microservices, kubernetes, python, react, rest api, cloud computing</p><p>Experience</p><p>Utilized java, rest api, microservices to support key business objectives and improve team performance.</p><p>Utilized cloud computing, rest api, react to support key business objectives and improve team performance.</p><p>Utilized react, python, microservices to support key business objectives and improve team performance.</p><p>Education</p><p>Diploma in Marketing</p></body></html>",INFORMATION-TECHNOLOGY
320,"Aisha Patel
Summary
Results-driven finance analyst with 4 years of experience delivering high-impact outcomes in fast-paced environments.

Skills
variance analysis, risk management, budgeting, financial reporting, forecasting, financial analysis, financial modeling

Experience
Utilized risk management, budgeting, financial modeling to support key business objectives and improve team performance.
Utilized risk management, financial modeling, variance analysis to support key business objectives and improve team performance.
Utilized financial reporting, financial analysis, variance analysis to support key business objectives and improve team performance.
Utilized variance analysis, financial modeling, financial reporting to support key business objectives and improve team performance.

Education
Diploma in Marketing","<html><body><p>Aisha Patel</p><p>Summary</p><p>Results-driven finance analyst with 4 years of experience delivering high-impact outcomes in fast-paced environments.</p><p>Skills</p><p>variance analysis, risk management, budgeting, financial reporting, forecasting, financial analysis, financial modeling</p><p>Experience</p><p>Utilized risk management, budgeting, financial modeling to support key business objectives and improve team performance.</p><p>Utilized risk management, financial modeling, variance analysis to support key business objectives and improve team performance.</p><p>Utilized financial reporting, financial analysis, variance analysis to support key business objectives and improve team performance.</p><p>Utilized variance analysis, financial modeling, financial reporting to support key business objectives and improve team performance.</p><p>Education</p><p>Diploma in Marketing</p></body></html>",FINANCE
278,"Priya Garcia
Summary
Motivated healthcare professional professional with a proven track record of 11 years managing cross-functional initiatives.

Skills
vital signs monitoring, patient care, nursing, medication administration, hipaa, emr, triage, medical records, ehr, clinical

Experience
Utilized emr, patient care, vital signs monitoring to support key business objectives and improve team performance.
Utilized clinical, ehr, triage to support key business objectives and improve team performance.
Utilized nursing, hipaa, vital signs monitoring to support key business objectives and improve team performance.

Education
Master of Science in Finance","<html><body><p>Priya Garcia</p><p>Summary</p><p>Motivated healthcare professional professional with a proven track record of 11 years managing cross-functional initiatives.</p><p>Skills</p><p>vital signs monitoring, patient care, nursing, medication administration, hipaa, emr, triage, medical records, ehr, clinical</p><p>Experience</p><p>Utilized emr, patient care, vital signs monitoring to support key business objectives and improve team performance.</p><p>Utilized clinical, ehr, triage to support key business objectives and improve team performance.</p><p>Utilized nursing, hipaa, vital signs monitoring to support key business objectives and improve team performance.</p><p>Education</p><p>Master of Science in Finance</p></body></html>",HEALTHCARE
583,"Emma Brown
Summary
Detail-oriented banking associate offering 6+ years of hands-on expertise and a strong record of measurable results.

Skills
underwriting, customer relationship management, compliance, credit analysis, kyc, loan processing

Experience
Utilized compliance, kyc, loan processing to support key business objectives and improve team performance.
Utilized underwriting, kyc, customer relationship management to support key business objectives and improve team performance.

Education
Diploma in Finance","<html><body><p>Emma Brown</p><p>Summary</p><p>Detail-oriented banking associate offering 6+ years of hands-on expertise and a strong record of measurable results.</p><p>Skills</p><p>underwriting, customer relationship management, compliance, credit analysis, kyc, loan processing</p><p>Experience</p><p>Utilized compliance, kyc, loan processing to support key business objectives and improve team performance.</p><p>Utilized underwriting, kyc, customer relationship management to support key business objectives and improve team performance.</p><p>Education</p><p>Diploma in Finance</p></body></html>",BANKING
310,"Neha Johnson
Summary
Results-driven sales representative with 10 years of experience delivering high-impact outcomes in fast-paced environments.

Skills
crm, client relationship, negotiation, quota attainment, sales, cold calling, prospecting, upselling

Experience
Utilized negotiation, client relationship, cold calling to support key business objectives and improve team performance.
Utilized negotiation, client relationship, prospecting to support key business objectives and improve team performance.
Utilized client relationship, crm, negotiation to support key business objectives and improve team performance.

Education
Diploma in Accounting","<html><body><p>Neha Johnson</p><p>Summary</p><p>Results-driven sales representative with 10 years of experience delivering high-impact outcomes in fast-paced environments.</p><p>Skills</p><p>crm, client relationship, negotiation, quota attainment, sales, cold calling, prospecting, upselling</p><p>Experience</p><p>Utilized negotiation, client relationship, cold calling to support key business objectives and improve team performance.</p><p>Utilized negotiation, client relationship, prospecting to support key business objectives and improve team performance.</p><p>Utilized client relationship, crm, negotiation to support key business objectives and improve team performance.</p><p>Education</p><p>Diploma in Accounting</p></body></html>",SALES
334,"Taylor Khan
Summary
Motivated finance analyst professional with a proven track record of 11 years managing cross-functional initiatives.

Skills
financial reporting, excel, forecasting, variance analysis, budgeting, financial modeling

Experience
Utilized financial reporting, excel, variance analysis to support key business objectives and improve team performance.
Utilized forecasting, financial modeling, excel to support key business objectives and improve team performance.
Utilized forecasting, budgeting, excel to support key business objectives and improve team performance.

Education
Bachelor of Engineering in Design","<html><body><p>Taylor Khan</p><p>Summary</p><p>Motivated finance analyst professional with a proven track record of 11 years managing cross-functional initiatives.</p><p>Skills</p><p>financial reporting, excel, forecasting, variance analysis, budgeting, financial modeling</p><p>Experience</p><p>Utilized financial reporting, excel, variance analysis to support key business objectives and improve team performance.</p><p>Utilized forecasting, financial modeling, excel to support key business objectives and improve team performance.</p><p>Utilized forecasting, budgeting, excel to support key business objectives and improve team performance.</p><p>Education</p><p>Bachelor of Engineering in Design</p></body></html>",FINANCE
81,"Neha Patel
Summary
Results-driven product designer with 10 years of experience delivering high-impact outcomes in fast-paced environments.

Skills
ui design, ux design, graphic design, photoshop, figma, wireframing, prototyping, typography

Experience
Utilized wireframing, typography, graphic design to support key business objectives and improve team performance.
Utilized photoshop, ui design, prototyping to support key business objectives and improve team performance.
Utilized graphic design, photoshop, figma to support key business objectives and improve team performance.

Education
MBA in Education","<html><body><p>Neha Patel</p><p>Summary</p><p>Results-driven product designer with 10 years of experience delivering high-impact outcomes in fast-paced environments.</p><p>Skills</p><p>ui design, ux design, graphic design, photoshop, figma, wireframing, prototyping, typography</p><p>Experience</p><p>Utilized wireframing, typography, graphic design to support key business objectives and improve team performance.</p><p>Utilized photoshop, ui design, prototyping to support key business objectives and improve team performance.</p><p>Utilized graphic design, photoshop, figma to support key business objectives and improve team performance.</p><p>Education</p><p>MBA in Education</p></body></html>",DESIGNER
257,"Taylor Lopez
Summary
Detail-oriented healthcare professional offering 14+ years of hands-on expertise and a strong record of measurable results.

Skills
healthcare compliance, vital signs monitoring, hipaa, medication administration, clinical, ehr, patient care, nursing, emr, medical records

Experience
Utilized patient care, nursing, emr to support key business objectives and improve team performance.
Utilized hipaa, medical records, medication administration to support key business objectives and improve team performance.

Education
Bachelor of Engineering in Education","<html><body><p>Taylor Lopez</p><p>Summary</p><p>Detail-oriented healthcare professional offering 14+ years of hands-on expertise and a strong record of measurable results.</p><p>Skills</p><p>healthcare compliance, vital signs monitoring, hipaa, medication administration, clinical, ehr, patient care, nursing, emr, medical records</p><p>Experience</p><p>Utilized patient care, nursing, emr to support key business objectives and improve team performance.</p><p>Utilized hipaa, medical records, medication administration to support key business objectives and improve team performance.</p><p>Education</p><p>Bachelor of Engineering in Education</p></body></html>",HEALTHCARE
133,"Grace Lopez
Summary
Motivated educator professional with a proven track record of 3 years managing cross-functional initiatives.

Skills
classroom management, differentiated instruction, special education, lesson planning, tutoring, curriculum development, parent communication, student assessment, instructional design

Experience
Utilized tutoring, differentiated instruction, student assessment to support key business objectives and improve team performance.
Utilized parent communication, classroom management, special education to support key business objectives and improve team performance.
Utilized special education, instructional design, differentiated instruction to support key business objectives and improve team performance.

Education
Diploma in Finance","<html><body><p>Grace Lopez</p><p>Summary</p><p>Motivated educator professional with a proven track record of 3 years managing cross-functional initiatives.</p><p>Skills</p><p>classroom management, differentiated instruction, special education, lesson planning, tutoring, curriculum development, parent communication, student assessment, instructional design</p><p>Experience</p><p>Utilized tutoring, differentiated instruction, student assessment to support key business objectives and improve team performance.</p><p>Utilized parent communication, classroom management, special education to support key business objectives and improve team performance.</p><p>Utilized special education, instructional design, differentiated instruction to support key business objectives and improve team performance.</p><p>Education</p><p>Diploma in Finance</p></body></html>",TEACHER
211,"Priya Brown
Summary
Results-driven business development manager with 10 years of experience delivering high-impact outcomes in fast-paced environments.

Skills
client relationship, business development, negotiation, revenue growth, lead generation, salesforce, partnership development, account management, market research

Experience
Utilized market research, lead generation, business development to support key business objectives and improve team performance.
Utilized salesforce, account management, lead generation to support key business objectives and improve team performance.
Utilized business development, revenue growth, account management to support key business objectives and improve team performance.
Utilized partnership development, negotiation, client relationship to support key business objectives and improve team performance.

Education
MBA in Marketing","<html><body><p>Priya Brown</p><p>Summary</p><p>Results-driven business development manager with 10 years of experience delivering high-impact outcomes in fast-paced environments.</p><p>Skills</p><p>client relationship, business development, negotiation, revenue growth, lead generation, salesforce, partnership development, account management, market research</p><p>Experience</p><p>Utilized market research, lead generation, business development to support key business objectives and improve team performance.</p><p>Utilized salesforce, account management, lead generation to support key business objectives and improve team performance.</p><p>Utilized business development, revenue growth, account management to support key business objectives and improve team performance.</p><p>Utilized partnership development, negotiation, client relationship to support key business objectives and improve team performance.</p><p>Education</p><p>MBA in Marketing</p></body></html>",BUSINESS-DEVELOPMENT
478,"Priya Chen
Summary
Results-driven management consultant with 10 years of experience delivering high-impact outcomes in fast-paced environments.

Skills
client presentations, strategy, business case development, data analysis, stakeholder management, project management, process optimization, change management

Experience
Utilized client presentations, strategy, business case development to support key business objectives and improve team performance.
Utilized strategy, data analysis, client presentations to support key business objectives and improve team performance.

Education
Bachelor of Arts in Nursing","<html><body><p>Priya Chen</p><p>Summary</p><p>Results-driven management consultant with 10 years of experience delivering high-impact outcomes in fast-paced environments.</p><p>Skills</p><p>client presentations, strategy, business case development, data analysis, stakeholder management, project management, process optimization, change management</p><p>Experience</p><p>Utilized client presentations, strategy, business case development to support key business objectives and improve team performance.</p><p>Utilized strategy, data analysis, client presentations to support key business objectives and improve team performance.</p><p>Education</p><p>Bachelor of Arts in Nursing</p></body></html>",CONSULTANT
44,"Noah Davis
Summary
Motivated human resources specialist professional with a proven track record of 3 years managing cross-functional initiatives.

Skills
performance management, payroll, training and development, recruiting, hris, compensation, conflict resolution, labor relations, talent acquisition, employee relations

Experience
Utilized employee relations, compensation, payroll to support key business objectives and improve team performance.
Utilized labor relations, payroll, employee relations to support key business objectives and improve team performance.
Utilized performance management, training and development, conflict resolution to support key business objectives and improve team performance.
Utilized training and development, payroll, labor relations to support key business objectives and improve team performance.

Education
Bachelor of Science in Marketing","<html><body><p>Noah Davis</p><p>Summary</p><p>Motivated human resources specialist professional with a proven track record of 3 years managing cross-functional initiatives.</p><p>Skills</p><p>performance management, payroll, training and development, recruiting, hris, compensation, conflict resolution, labor relations, talent acquisition, employee relations</p><p>Experience</p><p>Utilized employee relations, compensation, payroll to support key business objectives and improve team performance.</p><p>Utilized labor relations, payroll, employee relations to support key business objectives and improve team performance.</p><p>Utilized performance management, training and development, conflict resolution to support key business objectives and improve team performance.</p><p>Utilized training and development, payroll, labor relations to support key business objectives and improve team performance.</p><p>Education</p><p>Bachelor of Science in Marketing</p></body></html>",HR
220,"Sofia Nguyen
Summary
Detail-oriented business development manager offering 4+ years of hands-on expertise and a strong record of measurable results.

Skills
market research, account management, lead generation, negotiation, partnership development, salesforce

Experience
Utilized salesforce, account management, negotiation to support key business objectives and improve team performance.
Utilized salesforce, account management, partnership development to support key business objectives and improve team performance.
Utilized salesforce, account management, lead generation to support key business objectives and improve team performance.
Utilized account management, salesforce, partnership development to support key business objectives and improve team performance.

Education
Master of Science in Marketing","<html><body><p>Sofia Nguyen</p><p>Summary</p><p>Detail-oriented business development manager offering 4+ years of hands-on expertise and a strong record of measurable results.</p><p>Skills</p><p>market research, account management, lead generation, negotiation, partnership development, salesforce</p><p>Experience</p><p>Utilized salesforce, account management, negotiation to support key business objectives and improve team performance.</p><p>Utilized salesforce, account management, partnership development to support key business objectives and improve team performance.</p><p>Utilized salesforce, account management, lead generation to support key business objectives and improve team performance.</p><p>Utilized account management, salesforce, partnership development to support key business objectives and improve team performance.</p><p>Education</p><p>Master of Science in Marketing</p></body></html>",BUSINESS-DEVELOPMENT
411,"Aisha Kim
Summary
Detail-oriented accountant offering 11+ years of hands-on expertise and a strong record of measurable results.

Skills
financial statements, accounts receivable, accounting, reconciliation, bookkeeping, tax, gaap, quickbooks, auditing

Experience
Utilized reconciliation, gaap, accounting to support key business objectives and improve team performance.
Utilized quickbooks, accounts receivable, tax to support key business objectives and improve team performance.

Education
Master of Science in Computer Science","<html><body><p>Aisha Kim</p><p>Summary</p><p>Detail-oriented accountant offering 11+ years of hands-on expertise and a strong record of measurable results.</p><p>Skills</p><p>financial statements, accounts receivable, accounting, reconciliation, bookkeeping, tax, gaap, quickbooks, auditing</p><p>Experience</p><p>Utilized reconciliation, gaap, accounting to support key business objectives and improve team performance.</p><p>Utilized quickbooks, accounts receivable, tax to support key business objectives and improve team performance.</p><p>Education</p><p>Master of Science in Computer Science</p></body></html>",ACCOUNTANT
108,"Alex Nguyen
Summary
Detail-oriented product designer offering 11+ years of hands-on expertise and a strong record of measurable results.

Skills
sketch, ux design, indesign, adobe creative suite, photoshop, figma, ui design, typography, branding, graphic design

Experience
Utilized ui design, graphic design, indesign to support key business objectives and improve team performance.
Utilized photoshop, ui design, indesign to support key business objectives and improve team performance.
Utilized branding, typography, adobe creative suite to support key business objectives and improve team performance.

Education
Bachelor of Engineering in Accounting","<html><body><p>Alex Nguyen</p><p>Summary</p><p>Detail-oriented product designer offering 11+ years of hands-on expertise and a strong record of measurable results.</p><p>Skills</p><p>sketch, ux design, indesign, adobe creative suite, photoshop, figma, ui design, typography, branding, graphic design</p><p>Experience</p><p>Utilized ui design, graphic design, indesign to support key business objectives and improve team performance.</p><p>Utilized photoshop, ui design, indesign to support key business objectives and improve team performance.</p><p>Utilized branding, typography, adobe creative suite to support key business objectives and improve team performance.</p><p>Education</p><p>Bachelor of Engineering in Accounting</p></body></html>",DESIGNER
553,"Taylor Patel
Summary
Motivated aviation operations coordinator professional with a proven track record of 5 years managing cross-functional initiatives.

Skills
safety compliance, ground operations, logistics coordination, flight operations, faa regulations, aircraft maintenance

Experience
Utilized ground operations, logistics coordination, faa regulations to support key business objectives and improve team performance.
Utilized faa regulations, safety compliance, ground operations to support key business objectives and improve team performance.

Education
Bachelor of Engineering in Nursing","<html><body><p>Taylor Patel</p><p>Summary</p><p>Motivated aviation operations coordinator professional with a proven track record of 5 years managing cross-functional initiatives.</p><p>Skills</p><p>safety compliance, ground operations, logistics coordination, flight operations, faa regulations, aircraft maintenance</p><p>Experience</p><p>Utilized ground operations, logistics coordination, faa regulations to support key business objectives and improve team performance.</p><p>Utilized faa regulations, safety compliance, ground operations to support key business objectives and improve team performance.</p><p>Education</p><p>Bachelor of Engineering in Nursing</p></body></html>",AVIATION
132,"Neha Kim
Summary
Results-driven educator with 6 years of experience delivering high-impact outcomes in fast-paced environments.

Skills
special education, lesson planning, tutoring, differentiated instruction, parent communication, classroom management, curriculum development

Experience
Utilized lesson planning, classroom management, parent communication to support key business objectives and improve team performance.
Utilized classroom management, tutoring, parent communication to support key business objectives and improve team performance.

Education
Bachelor of Engineering in Business Administration","<html><body><p>Neha Kim</p><p>Summary</p><p>Results-driven educator with 6 years of experience delivering high-impact outcomes in fast-paced environments.</p><p>Skills</p><p>special education, lesson planning, tutoring, differentiated instruction, parent communication, classroom management, curriculum development</p><p>Experience</p><p>Utilized lesson planning, classroom management, parent communication to support key business objectives and improve team performance.</p><p>Utilized classroom management, tutoring, parent communication to support key business objectives and improve team performance.</p><p>Education</p><p>Bachelor of Engineering in Business Administration</p></body></html>",TEACHER
557,"Aisha Johnson
Summary
Motivated aviation operations coordinator professional with a proven track record of 12 years managing cross-functional initiatives.

Skills
logistics coordination, faa regulations, safety compliance, ground operations, flight operations, aircraft maintenance

Experience
Utilized aircraft maintenance, logistics coordination, faa regulations to support key business objectives and improve team performance.
Utilized logistics coordination, ground operations, aircraft maintenance to support key business objectives and improve team performance.

Education
Master of Science in Marketing","<html><body><p>Aisha Johnson</p><p>Summary</p><p>Motivated aviation operations coordinator professional with a proven track record of 12 years managing cross-functional initiatives.</p><p>Skills</p><p>logistics coordination, faa regulations, safety compliance, ground operations, flight operations, aircraft maintenance</p><p>Experience</p><p>Utilized aircraft maintenance, logistics coordination, faa regulations to support key business objectives and improve team performance.</p><p>Utilized logistics coordination, ground operations, aircraft maintenance to support key business objectives and improve team performance.</p><p>Education</p><p>Master of Science in Marketing</p></body></html>",AVIATION
496,"Liam Lopez
Summary
Results-driven digital marketing specialist with 7 years of experience delivering high-impact outcomes in fast-paced environments.

Skills
email marketing, content strategy, seo, social media marketing, google analytics, campaign management, digital marketing, brand strategy

Experience
Utilized google analytics, social media marketing, email marketing to support key business objectives and improve team performance.
Utilized google analytics, content strategy, digital marketing to support key business objectives and improve team performance.

Education
Master of Science in Marketing","<html><body><p>Liam Lopez</p><p>Summary</p><p>Results-driven digital marketing specialist with 7 years of experience delivering high-impact outcomes in fast-paced environments.</p><p>Skills</p><p>email marketing, content strategy, seo, social media marketing, google analytics, campaign management, digital marketing, brand strategy</p><p>Experience</p><p>Utilized google analytics, social media marketing, email marketing to support key business objectives and improve team performance.</p><p>Utilized google analytics, content strategy, digital marketing to support key business objectives and improve team performance.</p><p>Education</p><p>Master of Science in Marketing</p></body></html>",DIGITAL-MEDIA
65,"Sofia Nguyen
Summary
Detail-oriented human resources specialist offering 12+ years of hands-on expertise and a strong record of measurable results.

Skills
benefits administration, conflict resolution, onboarding, training and development, payroll, performance management

Experience
Utilized conflict resolution, onboarding, performance management to support key business objectives and improve team performance.
Utilized conflict resolution, payroll, performance management to support key business objectives and improve team performance.

Education
Bachelor of Arts in Mechanical Engineering","<html><body><p>Sofia Nguyen</p><p>Summary</p><p>Detail-oriented human resources specialist offering 12+ years of hands-on expertise and a strong record of measurable results.</p><p>Skills</p><p>benefits administration, conflict resolution, onboarding, training and development, payroll, performance management</p><p>Experience</p><p>Utilized conflict resolution, onboarding, performance management to support key business objectives and improve team performance.</p><p>Utilized conflict resolution, payroll, performance management to support key business objectives and improve team performance.</p><p>Education</p><p>Bachelor of Arts in Mechanical Engineering</p></body></html>",HR
338,"Neha Davis
Summary
Motivated finance analyst professional with a proven track record of 4 years managing cross-functional initiatives.

Skills
financial analysis, variance analysis, financial modeling, forecasting, financial reporting, risk management, excel, budgeting

Experience
Utilized risk management, excel, financial modeling to support key business objectives and improve team performance.
Utilized financial analysis, risk management, financial reporting to support key business objectives and improve team performance.
Utilized financial analysis, excel, risk management to support key business objectives and improve team performance.

Education
Bachelor of Arts in Education","<html><body><p>Neha Davis</p><p>Summary</p><p>Motivated finance analyst professional with a proven track record of 4 years managing cross-functional initiatives.</p><p>Skills</p><p>financial analysis, variance analysis, financial modeling, forecasting, financial reporting, risk management, excel, budgeting</p><p>Experience</p><p>Utilized risk management, excel, financial modeling to support key business objectives and improve team performance.</p><p>Utilized financial analysis, risk management, financial reporting to support key business objectives and improve team performance.</p><p>Utilized financial analysis, excel, risk management to support key business objectives and improve team performance.</p><p>Education</p><p>Bachelor of Arts in Education</p></body></html>",FINANCE
49,"Ravi Khan
Summary
Detail-oriented human resources specialist offering 13+ years of hands-on expertise and a strong record of measurable results.

Skills
talent acquisition, payroll, labor relations, hris, conflict resolution, benefits administration, onboarding, training and development, employee relations

Experience
Utilized payroll, talent acquisition, labor relations to support key business objectives and improve team performance.
Utilized training and development, talent acquisition, conflict resolution to support key business objectives and improve team performance.
Utilized benefits administration, labor relations, talent acquisition to support key business objectives and improve team performance.
Utilized conflict resolution, benefits administration, training and development to support key business objectives and improve team performance.

Education
Diploma in Marketing","<html><body><p>Ravi Khan</p><p>Summary</p><p>Detail-oriented human resources specialist offering 13+ years of hands-on expertise and a strong record of measurable results.</p><p>Skills</p><p>talent acquisition, payroll, labor relations, hris, conflict resolution, benefits administration, onboarding, training and development, employee relations</p><p>Experience</p><p>Utilized payroll, talent acquisition, labor relations to support key business objectives and improve team performance.</p><p>Utilized training and development, talent acquisition, conflict resolution to support key business objectives and improve team performance.</p><p>Utilized benefits administration, labor relations, talent acquisition to support key business objectives and improve team performance.</p><p>Utilized conflict resolution, benefits administration, training and development to support key business objectives and improve team performance.</p><p>Education</p><p>Diploma in Marketing</p></body></html>",HR
78,"Neha Kim
Summary
Detail-oriented human resources specialist offering 1+ years of hands-on expertise and a strong record of measurable results.

Skills
recruiting, hris, talent acquisition, benefits administration, performance management, compensation, labor relations

Experience
Utilized labor relations, recruiting, talent acquisition to support key business objectives and improve team performance.
Utilized talent acquisition, recruiting, labor relations to support key business objectives and improve team performance.
Utilized benefits administration, labor relations, compensation to support key business objectives and improve team performance.

Education
Bachelor of Arts in Finance","<html><body><p>Neha Kim</p><p>Summary</p><p>Detail-oriented human resources specialist offering 1+ years of hands-on expertise and a strong record of measurable results.</p><p>Skills</p><p>recruiting, hris, talent acquisition, benefits administration, performance management, compensation, labor relations</p><p>Experience</p><p>Utilized labor relations, recruiting, talent acquisition to support key business objectives and improve team performance.</p><p>Utilized talent acquisition, recruiting, labor relations to support key business objectives and improve team performance.</p><p>Utilized benefits administration, labor relations, compensation to support key business objectives and improve team performance.</p><p>Education</p><p>Bachelor of Arts in Finance</p></body></html>",HR
627,"Wei Johnson
Summary
Motivated construction project manager professional with a proven track record of 7 years managing cross-functional initiatives.

Skills
osha compliance, subcontractor management, blueprint reading, cost estimation, project scheduling, site supervision

Experience
Utilized osha compliance, subcontractor management, cost estimation to support key business objectives and improve team performance.
Utilized osha compliance, cost estimation, site supervision to support key business objectives and improve team performance.
Utilized cost estimation, subcontractor management, site supervision to support key business objectives and improve team performance.

Education
Bachelor of Arts in Mechanical Engineering","<html><body><p>Wei Johnson</p><p>Summary</p><p>Motivated construction project manager professional with a proven track record of 7 years managing cross-functional initiatives.</p><p>Skills</p><p>osha compliance, subcontractor management, blueprint reading, cost estimation, project scheduling, site supervision</p><p>Experience</p><p>Utilized osha compliance, subcontractor management, cost estimation to support key business objectives and improve team performance.</p><p>Utilized osha compliance, cost estimation, site supervision to support key business objectives and improve team performance.</p><p>Utilized cost estimation, subcontractor management, site supervision to support key business objectives and improve team performance.</p><p>Education</p><p>Bachelor of Arts in Mechanical Engineering</p></body></html>",CONSTRUCTION
39,"Noah Davis
Summary
Motivated software engineer professional with a proven track record of 14 years managing cross-functional initiatives.

Skills
java, machine learning, ci/cd, kubernetes, linux, docker, python, scrum, aws, microservices

Experience
Utilized scrum, aws, microservices to support key business objectives and improve team performance.
Utilized linux, ci/cd, python to support key business objectives and improve team performance.

Education
MBA in Computer Science","<html><body><p>Noah Davis</p><p>Summary</p><p>Motivated software engineer professional with a proven track record of 14 years managing cross-functional initiatives.</p><p>Skills</p><p>java, machine learning, ci/cd, kubernetes, linux, docker, python, scrum, aws, microservices</p><p>Experience</p><p>Utilized scrum, aws, microservices to support key business objectives and improve team performance.</p><p>Utilized linux, ci/cd, python to support key business objectives and improve team performance.</p><p>Education</p><p>MBA in Computer Science</p></body></html>",INFORMATION-TECHNOLOGY
218,"Wei Johnson
Summary
Detail-oriented business development manager offering 7+ years of hands-on expertise and a strong record of measurable results.

Skills
client relationship, account management, revenue growth, market research, crm, lead generation, negotiation, salesforce, partnership development, business development

Experience
Utilized partnership development, crm, lead generation to support key business objectives and improve team performance.
Utilized account management, partnership development, crm to support key business objectives and improve team performance.

Education
Bachelor of Science in Accounting","<html><body><p>Wei Johnson</p><p>Summary</p><p>Detail-oriented business development manager offering 7+ years of hands-on expertise and a strong record of measurable results.</p><p>Skills</p><p>client relationship, account management, revenue growth, market research, crm, lead generation, negotiation, salesforce, partnership development, business development</p><p>Experience</p><p>Utilized partnership development, crm, lead generation to support key business objectives and improve team performance.</p><p>Utilized account management, partnership development, crm to support key business objectives and improve team performance.</p><p>Education</p><p>Bachelor of Science in Accounting</p></body></html>",BUSINESS-DEVELOPMENT
274,"Grace Johnson
Summary
Detail-oriented healthcare professional offering 2+ years of hands-on expertise and a strong record of measurable results.

Skills
healthcare compliance, ehr, emr, vital signs monitoring, medical records, clinical, medication administration, patient care, triage

Experience
Utilized medical records, patient care, vital signs monitoring to support key business objectives and improve team performance.
Utilized vital signs monitoring, triage, ehr to support key business objectives and improve team performance.
Utilized medical records, clinical, vital signs monitoring to support key business objectives and improve team performance.

Education
Bachelor of Engineering in Business Administration","<html><body><p>Grace Johnson</p><p>Summary</p><p>Detail-oriented healthcare professional offering 2+ years of hands-on expertise and a strong record of measurable results.</p><p>Skills</p><p>healthcare compliance, ehr, emr, vital signs monitoring, medical records, clinical, medication administration, patient care, triage</p><p>Experience</p><p>Utilized medical records, patient care, vital signs monitoring to support key business objectives and improve team performance.</p><p>Utilized vital signs monitoring, triage, ehr to support key business objectives and improve team performance.</p><p>Utilized medical records, clinical, vital signs monitoring to support key business objectives and improve team performance.</p><p>Education</p><p>Bachelor of Engineering in Business Administration</p></body></html>",HEALTHCARE
6,"Grace Garcia
Summary
Motivated software engineer professional with a proven track record of 3 years managing cross-functional initiatives.

Skills
python, git, agile, django, sql, cloud computing, java, docker, ci/cd

Experience
Utilized python, cloud computing, django to support key business objectives and improve team performance.
Utilized python, git, agile to support key business objectives and improve team performance.
Utilized sql, django, python to support key business objectives and improve team performance.
Utilized django, git, python to support key business objectives and improve team performance.

Education
Bachelor of Arts in Accounting","<html><body><p>Grace Garcia</p><p>Summary</p><p>Motivated software engineer professional with a proven track record of 3 years managing cross-functional initiatives.</p><p>Skills</p><p>python, git, agile, django, sql, cloud computing, java, docker, ci/cd</p><p>Experience</p><p>Utilized python, cloud computing, django to support key business objectives and improve team performance.</p><p>Utilized python, git, agile to support key business objectives and improve team performance.</p><p>Utilized sql, django, python to support key business objectives and improve team performance.</p><p>Utilized django, git, python to support key business objectives and improve team performance.</p><p>Education</p><p>Bachelor of Arts in Accounting</p></body></html>",INFORMATION-TECHNOLOGY
527,"Noah Garcia
Summary
Detail-oriented aviation operations coordinator offering 13+ years of hands-on expertise and a strong record of measurable results.

Skills
faa regulations, flight operations, ground operations, logistics coordination, safety compliance, aircraft maintenance

Experience
Utilized aircraft maintenance, logistics coordination, safety compliance to support key business objectives and improve team performance.
Utilized faa regulations, aircraft maintenance, ground operations to support key business objectives and improve team performance.

Education
Bachelor of Arts in Business Administration","<html><body><p>Noah Garcia</p><p>Summary</p><p>Detail-oriented aviation operations coordinator offering 13+ years of hands-on expertise and a strong record of measurable results.</p><p>Skills</p><p>faa regulations, flight operations, ground operations, logistics coordination, safety compliance, aircraft maintenance</p><p>Experience</p><p>Utilized aircraft maintenance, logistics coordination, safety compliance to support key business objectives and improve team performance.</p><p>Utilized faa regulations, aircraft maintenance, ground operations to support key business objectives and improve team performance.</p><p>Education</p><p>Bachelor of Arts in Business Administration</p></body></html>",AVIATION
86,"Ravi Garcia
Summary
Detail-oriented product designer offering 13+ years of hands-on expertise and a strong record of measurable results.

Skills
typography, graphic design, ui design, branding, photoshop, prototyping, wireframing, ux design, indesign, figma

Experience
Utilized indesign, photoshop, figma to support key business objectives and improve team performance.
Utilized ux design, branding, wireframing to support key business objectives and improve team performance.
Utilized photoshop, ux design, graphic design to support key business objectives and improve team performance.

Education
Bachelor of Engineering in Computer Science","<html><body><p>Ravi Garcia</p><p>Summary</p><p>Detail-oriented product designer offering 13+ years of hands-on expertise and a strong record of measurable results.</p><p>Skills</p><p>typography, graphic design, ui design, branding, photoshop, prototyping, wireframing, ux design, indesign, figma</p><p>Experience</p><p>Utilized indesign, photoshop, figma to support key business objectives and improve team performance.</p><p>Utilized ux design, branding, wireframing to support key business objectives and improve team performance.</p><p>Utilized photoshop, ux design, graphic design to support key business objectives and improve team performance.</p><p>Education</p><p>Bachelor of Engineering in Computer Science</p></body></html>",DESIGNER
369,"Taylor Khan
Summary
Motivated mechanical engineer professional with a proven track record of 7 years managing cross-functional initiatives.

Skills
cad, project management, six sigma, autocad, root cause analysis, matlab, solidworks, quality control, process improvement, manufacturing

Experience
Utilized solidworks, six sigma, quality control to support key business objectives and improve team performance.
Utilized autocad, quality control, project management to support key business objectives and improve team performance.

Education
Bachelor of Science in Business Administration","<html><body><p>Taylor Khan</p><p>Summary</p><p>Motivated mechanical engineer professional with a proven track record of 7 years managing cross-functional initiatives.</p><p>Skills</p><p>cad, project management, six sigma, autocad, root cause analysis, matlab, solidworks, quality control, process improvement, manufacturing</p><p>Experience</p><p>Utilized solidworks, six sigma, quality control to support key business objectives and improve team performance.</p><p>Utilized autocad, quality control, project management to support key business objectives and improve team performance.</p><p>Education</p><p>Bachelor of Science in Business Administration</p></body></html>",ENGINEERING
636,"Neha Garcia
Summary
Detail-oriented construction project manager offering 8+ years of hands-on expertise and a strong record of measurable results.

Skills
cost estimation, site supervision, subcontractor management, blueprint reading, project scheduling, osha compliance

Experience
Utilized cost estimation, subcontractor management, project scheduling to support key business objectives and improve team performance.
Utilized subcontractor management, site supervision, osha compliance to support key business objectives and improve team performance.
Utilized subcontractor management, blueprint reading, project scheduling to support key business objectives and improve team performance.

Education
Master of Science in Accounting","<html><body><p>Neha Garcia</p><p>Summary</p><p>Detail-oriented construction project manager offering 8+ years of hands-on expertise and a strong record of measurable results.</p><p>Skills</p><p>cost estimation, site supervision, subcontractor management, blueprint reading, project scheduling, osha compliance</p><p>Experience</p><p>Utilized cost estimation, subcontractor management, project scheduling to support key business objectives and improve team performance.</p><p>Utilized subcontractor management, site supervision, osha compliance to support key business objectives and improve team performance.</p><p>Utilized subcontractor management, blueprint reading, project scheduling to support key business objectives and improve team performance.</p><p>Education</p><p>Master of Science in Accounting</p></body></html>",CONSTRUCTION
260,"Jordan Khan
Summary
Results-driven healthcare professional with 9 years of experience delivering high-impact outcomes in fast-paced environments.

Skills
medical records, emr, patient care, nursing, hipaa, ehr, vital signs monitoring

Experience
Utilized nursing, vital signs monitoring, patient care to support key business objectives and improve team performance.
Utilized nursing, medical records, emr to support key business objectives and improve team performance.

Education
Bachelor of Arts in Accounting","<html><body><p>Jordan Khan</p><p>Summary</p><p>Results-driven healthcare professional with 9 years of experience delivering high-impact outcomes in fast-paced environments.</p><p>Skills</p><p>medical records, emr, patient care, nursing, hipaa, ehr, vital signs monitoring</p><p>Experience</p><p>Utilized nursing, vital signs monitoring, patient care to support key business objectives and improve team performance.</p><p>Utilized nursing, medical records, emr to support key business objectives and improve team performance.</p><p>Education</p><p>Bachelor of Arts in Accounting</p></body></html>",HEALTHCARE
304,"Wei Garcia
Summary
Results-driven sales representative with 11 years of experience delivering high-impact outcomes in fast-paced environments.

Skills
client relationship, crm, cold calling, upselling, sales, salesforce, closing deals, negotiation, prospecting

Experience
Utilized sales, cold calling, salesforce to support key business objectives and improve team performance.
Utilized negotiation, client relationship, upselling to support key business objectives and improve team performance.
Utilized negotiation, cold calling, closing deals to support key business objectives and improve team performance.
Utilized closing deals, cold calling, prospecting to support key business objectives and improve team performance.

Education
Bachelor of Science in Nursing","<html><body><p>Wei Garcia</p><p>Summary</p><p>Results-driven sales representative with 11 years of experience delivering high-impact outcomes in fast-paced environments.</p><p>Skills</p><p>client relationship, crm, cold calling, upselling, sales, salesforce, closing deals, negotiation, prospecting</p><p>Experience</p><p>Utilized sales, cold calling, salesforce to support key business objectives and improve team performance.</p><p>Utilized negotiation, client relationship, upselling to support key business objectives and improve team performance.</p><p>Utilized negotiation, cold calling, closing deals to support key business objectives and improve team performance.</p><p>Utilized closing deals, cold calling, prospecting to support key business objectives and improve team performance.</p><p>Education</p><p>Bachelor of Science in Nursing</p></body></html>",SALES
414,"Sofia Nguyen
Summary
Results-driven accountant with 4 years of experience delivering high-impact outcomes in fast-paced environments.

Skills
quickbooks, reconciliation, accounts payable, accounting, bookkeeping, accounts receivable

Experience
Utilized reconciliation, accounts receivable, accounting to support key business objectives and improve team performance.
Utilized bookkeeping, accounts payable, reconciliation to support key business objectives and improve team performance.
Utilized accounting, quickbooks, bookkeeping to support key business objectives and improve team performance.
Utilized accounting, quickbooks, reconciliation to support key business objectives and improve team performance.

Education
MBA in Computer Science","<html><body><p>Sofia Nguyen</p><p>Summary</p><p>Results-driven accountant with 4 years of experience delivering high-impact outcomes in fast-paced environments.</p><p>Skills</p><p>quickbooks, reconciliation, accounts payable, accounting, bookkeeping, accounts receivable</p><p>Experience</p><p>Utilized reconciliation, accounts receivable, accounting to support key business objectives and improve team performance.</p><p>Utilized bookkeeping, accounts payable, reconciliation to support key business objectives and improve team performance.</p><p>Utilized accounting, quickbooks, bookkeeping to support key business objectives and improve team performance.</p><p>Utilized accounting, quickbooks, reconciliation to support key business objectives and improve team performance.</p><p>Education</p><p>MBA in Computer Science</p></body></html>",ACCOUNTANT
577,"Neha Johnson
Summary
Detail-oriented banking associate offering 8+ years of hands-on expertise and a strong record of measurable results.

Skills
risk assessment, loan processing, customer relationship management, underwriting, kyc, credit analysis, compliance

Experience
Utilized risk assessment, customer relationship management, compliance to support key business objectives and improve team performance.
Utilized kyc, credit analysis, loan processing to support key business objectives and improve team performance.

Education
Diploma in Accounting","<html><body><p>Neha Johnson</p><p>Summary</p><p>Detail-oriented banking associate offering 8+ years of hands-on expertise and a strong record of measurable results.</p><p>Skills</p><p>risk assessment, loan processing, customer relationship management, underwriting, kyc, credit analysis, compliance</p><p>Experience</p><p>Utilized risk assessment, customer relationship management, compliance to support key business objectives and improve team performance.</p><p>Utilized kyc, credit analysis, loan processing to support key business objectives and improve team performance.</p><p>Education</p><p>Diploma in Accounting</p></body></html>",BANKING
259,"Omar Lopez
Summary
Detail-oriented healthcare professional offering 7+ years of hands-on expertise and a strong record of measurable results.

Skills
healthcare compliance, vital signs monitoring, medication administration, patient care, emr, triage, hipaa, medical records, ehr, nursing

Experience
Utilized ehr, healthcare compliance, patient care to support key business objectives and improve team performance.
Utilized emr, medical records, hipaa to support key business objectives and improve team performance.
Utilized emr, nursing, medical records to support key business objectives and improve team performance.

Education
Bachelor of Science in Accounting","<html><body><p>Omar Lopez</p><p>Summary</p><p>Detail-oriented healthcare professional offering 7+ years of hands-on expertise and a strong record of measurable results.</p><p>Skills</p><p>healthcare compliance, vital signs monitoring, medication administration, patient care, emr, triage, hipaa, medical records, ehr, nursing</p><p>Experience</p><p>Utilized ehr, healthcare compliance, patient care to support key business objectives and improve team performance.</p><p>Utilized emr, medical records, hipaa to support key business objectives and improve team performance.</p><p>Utilized emr, nursing, medical records to support key business objectives and improve team performance.</p><p>Education</p><p>Bachelor of Science in Accounting</p></body></html>",HEALTHCARE
594,"Wei Brown
Summary
Detail-oriented banking associate offering 6+ years of hands-on expertise and a strong record of measurable results.

Skills
loan processing, underwriting, compliance, customer relationship management, credit analysis, risk assessment, kyc

Experience
Utilized compliance, underwriting, kyc to support key business objectives and improve team performance.
Utilized compliance, customer relationship management, loan processing to support key business objectives and improve team performance.
Utilized customer relationship management, compliance, risk assessment to support key business objectives and improve team performance.
Utilized risk assessment, loan processing, credit analysis to support key business objectives and improve team performance.

Education
Master of Science in Computer Science","<html><body><p>Wei Brown</p><p>Summary</p><p>Detail-oriented banking associate offering 6+ years of hands-on expertise and a strong record of measurable results.</p><p>Skills</p><p>loan processing, underwriting, compliance, customer relationship management, credit analysis, risk assessment, kyc</p><p>Experience</p><p>Utilized compliance, underwriting, kyc to support key business objectives and improve team performance.</p><p>Utilized compliance, customer relationship management, loan processing to support key business objectives and improve team performance.</p><p>Utilized customer relationship management, compliance, risk assessment to support key business objectives and improve team performance.</p><p>Utilized risk assessment, loan processing, credit analysis to support key business objectives and improve team performance.</p><p>Education</p><p>Master of Science in Computer Science</p></body></html>",BANKING
145,"Taylor Johnson
Summary
Results-driven educator with 15 years of experience delivering high-impact outcomes in fast-paced environments.

Skills
curriculum development, differentiated instruction, special education, parent communication, lesson planning, tutoring, student assessment, classroom management, instructional design

Experience
Utilized tutoring, parent communication, classroom management to support key business objectives and improve team performance.
Utilized tutoring, lesson planning, student assessment to support key business objectives and improve team performance.

Education
MBA in Design","<html><body><p>Taylor Johnson</p><p>Summary</p><p>Results-driven educator with 15 years of experience delivering high-impact outcomes in fast-paced environments.</p><p>Skills</p><p>curriculum development, differentiated instruction, special education, parent communication, lesson planning, tutoring, student assessment, classroom management, instructional design</p><p>Experience</p><p>Utilized tutoring, parent communication, classroom management to support key business objectives and improve team performance.</p><p>Utilized tutoring, lesson planning, student assessment to support key business objectives and improve team performance.</p><p>Education</p><p>MBA in Design</p></body></html>",TEACHER
298,"Omar Patel
Summary
Motivated sales representative professional with a proven track record of 10 years managing cross-functional initiatives.

Skills
closing deals, cold calling, upselling, quota attainment, crm, sales, salesforce, client relationship, prospecting

Experience
Utilized client relationship, quota attainment, upselling to support key business objectives and improve team performance.
Utilized closing deals, quota attainment, prospecting to support key business objectives and improve team performance.

Education
MBA in Accounting","<html><body><p>Omar Patel</p><p>Summary</p><p>Motivated sales representative professional with a proven track record of 10 years managing cross-functional initiatives.</p><p>Skills</p><p>closing deals, cold calling, upselling, quota attainment, crm, sales, salesforce, client relationship, prospecting</p><p>Experience</p><p>Utilized client relationship, quota attainment, upselling to support key business objectives and improve team performance.</p><p>Utilized closing deals, quota attainment, prospecting to support key business objectives and improve team performance.</p><p>Education</p><p>MBA in Accounting</p></body></html>",SALES
41,"Wei Lopez
Summary
Motivated human resources specialist professional with a proven track record of 3 years managing cross-functional initiatives.

Skills
compensation, performance management, recruiting, payroll, hris, talent acquisition, benefits administration, training and development, labor relations, conflict resolution

Experience
Utilized compensation, payroll, recruiting to support key business objectives and improve team performance.
Utilized hris, labor relations, compensation to support key business objectives and improve team performance.

Education
Bachelor of Engineering in Nursing","<html><body><p>Wei Lopez</p><p>Summary</p><p>Motivated human resources specialist professional with a proven track record of 3 years managing cross-functional initiatives.</p><p>Skills</p><p>compensation, performance management, recruiting, payroll, hris, talent acquisition, benefits administration, training and development, labor relations, conflict resolution</p><p>Experience</p><p>Utilized compensation, payroll, recruiting to support key business objectives and improve team performance.</p><p>Utilized hris, labor relations, compensation to support key business objectives and improve team performance.</p><p>Education</p><p>Bachelor of Engineering in Nursing</p></body></html>",HR
199,"Taylor Kim
Summary
Results-driven legal counsel with 9 years of experience delivering high-impact outcomes in fast-paced environments.

Skills
client counseling, westlaw, litigation, regulatory filings, case management, negotiation

Experience
Utilized regulatory filings, negotiation, case management to support key business objectives and improve team performance.
Utilized negotiation, regulatory filings, case management to support key business objectives and improve team performance.
Utilized litigation, client counseling, regulatory filings to support key business objectives and improve team performance.

Education
MBA in Mechanical Engineering","<html><body><p>Taylor Kim</p><p>Summary</p><p>Results-driven legal counsel with 9 years of experience delivering high-impact outcomes in fast-paced environments.</p><p>Skills</p><p>client counseling, westlaw, litigation, regulatory filings, case management, negotiation</p><p>Experience</p><p>Utilized regulatory filings, negotiation, case management to support key business objectives and improve team performance.</p><p>Utilized negotiation, regulatory filings, case management to support key business objectives and improve team performance.</p><p>Utilized litigation, client counseling, regulatory filings to support key business objectives and improve team performance.</p><p>Education</p><p>MBA in Mechanical Engineering</p></body></html>",ADVOCATE
361,"Priya Garcia
Summary
Results-driven mechanical engineer with 9 years of experience delivering high-impact outcomes in fast-paced environments.

Skills
six sigma, cad, quality control, autocad, root cause analysis, process improvement, manufacturing

Experience
Utilized quality control, process improvement, cad to support key business objectives and improve team performance.
Utilized cad, root cause analysis, six sigma to support key business objectives and improve team performance.
Utilized manufacturing, six sigma, quality control to support key business objectives and improve team performance.

Education
Bachelor of Science in Education","<html><body><p>Priya Garcia</p><p>Summary</p><p>Results-driven mechanical engineer with 9 years of experience delivering high-impact outcomes in fast-paced environments.</p><p>Skills</p><p>six sigma, cad, quality control, autocad, root cause analysis, process improvement, manufacturing</p><p>Experience</p><p>Utilized quality control, process improvement, cad to support key business objectives and improve team performance.</p><p>Utilized cad, root cause analysis, six sigma to support key business objectives and improve team performance.</p><p>Utilized manufacturing, six sigma, quality control to support key business objectives and improve team performance.</p><p>Education</p><p>Bachelor of Science in Education</p></body></html>",ENGINEERING
56,"Alex Sharma
Summary
Motivated human resources specialist professional with a proven track record of 8 years managing cross-functional initiatives.

Skills
training and development, conflict resolution, benefits administration, talent acquisition, compensation, hris

Experience
Utilized hris, talent acquisition, training and development to support key business objectives and improve team performance.
Utilized training and development, benefits administration, conflict resolution to support key business objectives and improve team performance.
Utilized training and development, conflict resolution, benefits administration to support key business objectives and improve team performance.

Education
Bachelor of Engineering in Business Administration","<html><body><p>Alex Sharma</p><p>Summary</p><p>Motivated human resources specialist professional with a proven track record of 8 years managing cross-functional initiatives.</p><p>Skills</p><p>training and development, conflict resolution, benefits administration, talent acquisition, compensation, hris</p><p>Experience</p><p>Utilized hris, talent acquisition, training and development to support key business objectives and improve team performance.</p><p>Utilized training and development, benefits administration, conflict resolution to support key business objectives and improve team performance.</p><p>Utilized training and development, conflict resolution, benefits administration to support key business objectives and improve team performance.</p><p>Education</p><p>Bachelor of Engineering in Business Administration</p></body></html>",HR
638,"Priya Khan
Summary
Motivated construction project manager professional with a proven track record of 12 years managing cross-functional initiatives.

Skills
blueprint reading, site supervision, subcontractor management, project scheduling, osha compliance, cost estimation

Experience
Utilized osha compliance, cost estimation, blueprint reading to support key business objectives and improve team performance.
Utilized osha compliance, subcontractor management, site supervision to support key business objectives and improve team performance.
Utilized cost estimation, osha compliance, site supervision to support key business objectives and improve team performance.
Utilized subcontractor management, site supervision, blueprint reading to support key business objectives and improve team performance.

Education
MBA in Marketing","<html><body><p>Priya Khan</p><p>Summary</p><p>Motivated construction project manager professional with a proven track record of 12 years managing cross-functional initiatives.</p><p>Skills</p><p>blueprint reading, site supervision, subcontractor management, project scheduling, osha compliance, cost estimation</p><p>Experience</p><p>Utilized osha compliance, cost estimation, blueprint reading to support key business objectives and improve team performance.</p><p>Utilized osha compliance, subcontractor management, site supervision to support key business objectives and improve team performance.</p><p>Utilized cost estimation, osha compliance, site supervision to support key business objectives and improve team performance.</p><p>Utilized subcontractor management, site supervision, blueprint reading to support key business objectives and improve team performance.</p><p>Education</p><p>MBA in Marketing</p></body></html>",CONSTRUCTION
235,"Emma Patel
Summary
Detail-oriented business development manager offering 9+ years of hands-on expertise and a strong record of measurable results.

Skills
business development, lead generation, salesforce, partnership development, market research, revenue growth, client relationship, account management, negotiation

Experience
Utilized market research, revenue growth, lead generation to support key business objectives and improve team performance.
Utilized business development, lead generation, salesforce to support key business objectives and improve team performance.
Utilized account management, market research, lead generation to support key business objectives and improve team performance.

Education
Bachelor of Arts in Nursing","<html><body><p>Emma Patel</p><p>Summary</p><p>Detail-oriented business development manager offering 9+ years of hands-on expertise and a strong record of measurable results.</p><p>Skills</p><p>business development, lead generation, salesforce, partnership development, market research, revenue growth, client relationship, account management, negotiation</p><p>Experience</p><p>Utilized market research, revenue growth, lead generation to support key business objectives and improve team performance.</p><p>Utilized business development, lead generation, salesforce to support key business objectives and improve team performance.</p><p>Utilized account management, market research, lead generation to support key business objectives and improve team performance.</p><p>Education</p><p>Bachelor of Arts in Nursing</p></body></html>",BUSINESS-DEVELOPMENT
398,"Jordan Nguyen
Summary
Detail-oriented mechanical engineer offering 1+ years of hands-on expertise and a strong record of measurable results.

Skills
solidworks, matlab, root cause analysis, project management, cad, quality control, autocad, six sigma

Experience
Utilized quality control, root cause analysis, autocad to support key business objectives and improve team performance.
Utilized cad, matlab, quality control to support key business objectives and improve team performance.

Education
Bachelor of Arts in Education","<html><body><p>Jordan Nguyen</p><p>Summary</p><p>Detail-oriented mechanical engineer offering 1+ years of hands-on expertise and a strong record of measurable results.</p><p>Skills</p><p>solidworks, matlab, root cause analysis, project management, cad, quality control, autocad, six sigma</p><p>Experience</p><p>Utilized quality control, root cause analysis, autocad to support key business objectives and improve team performance.</p><p>Utilized cad, matlab, quality control to support key business objectives and improve team performance.</p><p>Education</p><p>Bachelor of Arts in Education</p></body></html>",ENGINEERING
209,"Jordan Lopez
Summary
Motivated business development manager professional with a proven track record of 11 years managing cross-functional initiatives.

Skills
partnership development, client relationship, business development, negotiation, lead generation, salesforce, account management, revenue growth

Experience
Utilized business development, revenue growth, lead generation to support key business objectives and improve team performance.
Utilized client relationship, salesforce, revenue growth to support key business objectives and improve team performance.

Education
Bachelor of Arts in Marketing","<html><body><p>Jordan Lopez</p><p>Summary</p><p>Motivated business development manager professional with a proven track record of 11 years managing cross-functional initiatives.</p><p>Skills</p><p>partnership development, client relationship, business development, negotiation, lead generation, salesforce, account management, revenue growth</p><p>Experience</p><p>Utilized business development, revenue growth, lead generation to support key business objectives and improve team performance.</p><p>Utilized client relationship, salesforce, revenue growth to support key business objectives and improve team performance.</p><p>Education</p><p>Bachelor of Arts in Marketing</p></body></html>",BUSINESS-DEVELOPMENT
101,"Emma Patel
Summary
Motivated product designer professional with a proven track record of 11 years managing cross-functional initiatives.

Skills
wireframing, indesign, figma, ux design, prototyping, typography

Experience
Utilized indesign, ux design, typography to support key business objectives and improve team performance.
Utilized ux design, prototyping, figma to support key business objectives and improve team performance.

Education
Master of Science in Mechanical Engineering","<html><body><p>Emma Patel</p><p>Summary</p><p>Motivated product designer professional with a proven track record of 11 years managing cross-functional initiatives.</p><p>Skills</p><p>wireframing, indesign, figma, ux design, prototyping, typography</p><p>Experience</p><p>Utilized indesign, ux design, typography to support key business objectives and improve team performance.</p><p>Utilized ux design, prototyping, figma to support key business objectives and improve team performance.</p><p>Education</p><p>Master of Science in Mechanical Engineering</p></body></html>",DESIGNER
24,"Neha Patel
Summary
Motivated software engineer professional with a proven track record of 12 years managing cross-functional initiatives.

Skills
git, rest api, machine learning, microservices, docker, scrum, agile, aws, django

Experience
Utilized scrum, rest api, aws to support key business objectives and improve team performance.
Utilized machine learning, microservices, aws to support key business objectives and improve team performance.
Utilized machine learning, microservices, git to support key business objectives and improve team performance.

Education
Bachelor of Arts in Finance","<html><body><p>Neha Patel</p><p>Summary</p><p>Motivated software engineer professional with a proven track record of 12 years managing cross-functional initiatives.</p><p>Skills</p><p>git, rest api, machine learning, microservices, docker, scrum, agile, aws, django</p><p>Experience</p><p>Utilized scrum, rest api, aws to support key business objectives and improve team performance.</p><p>Utilized machine learning, microservices, aws to support key business objectives and improve team performance.</p><p>Utilized machine learning, microservices, git to support key business objectives and improve team performance.</p><p>Education</p><p>Bachelor of Arts in Finance</p></body></html>",INFORMATION-TECHNOLOGY
549,"Grace Singh
Summary
Results-driven aviation operations coordinator with 11 years of experience delivering high-impact outcomes in fast-paced environments.

Skills
safety compliance, flight operations, ground operations, faa regulations, logistics coordination, aircraft maintenance

Experience
Utilized flight operations, safety compliance, faa regulations to support key business objectives and improve team performance.
Utilized ground operations, logistics coordination, faa regulations to support key business objectives and improve team performance.

Education
Bachelor of Arts in Nursing","<html><body><p>Grace Singh</p><p>Summary</p><p>Results-driven aviation operations coordinator with 11 years of experience delivering high-impact outcomes in fast-paced environments.</p><p>Skills</p><p>safety compliance, flight operations, ground operations, faa regulations, logistics coordination, aircraft maintenance</p><p>Experience</p><p>Utilized flight operations, safety compliance, faa regulations to support key business objectives and improve team performance.</p><p>Utilized ground operations, logistics coordination, faa regulations to support key business objectives and improve team performance.</p><p>Education</p><p>Bachelor of Arts in Nursing</p></body></html>",AVIATION
203,"Sofia Nguyen
Summary
Detail-oriented business development manager offering 3+ years of hands-on expertise and a strong record of measurable results.

Skills
negotiation, lead generation, salesforce, account management, client relationship, partnership development

Experience
Utilized salesforce, client relationship, negotiation to support key business objectives and improve team performance.
Utilized lead generation, salesforce, account management to support key business objectives and improve team performance.

Education
Diploma in Mechanical Engineering","<html><body><p>Sofia Nguyen</p><p>Summary</p><p>Detail-oriented business development manager offering 3+ years of hands-on expertise and a strong record of measurable results.</p><p>Skills</p><p>negotiation, lead generation, salesforce, account management, client relationship, partnership development</p><p>Experience</p><p>Utilized salesforce, client relationship, negotiation to support key business objectives and improve team performance.</p><p>Utilized lead generation, salesforce, account management to support key business objectives and improve team performance.</p><p>Education</p><p>Diploma in Mechanical Engineering</p></body></html>",BUSINESS-DEVELOPMENT
177,"Ravi Brown
Summary
Motivated legal counsel professional with a proven track record of 7 years managing cross-functional initiatives.

Skills
regulatory filings, legal research, client counseling, case management, litigation, contract review, compliance

Experience
Utilized regulatory filings, litigation, legal research to support key business objectives and improve team performance.
Utilized contract review, client counseling, regulatory filings to support key business objectives and improve team performance.

Education
Bachelor of Engineering in Design","<html><body><p>Ravi Brown</p><p>Summary</p><p>Motivated legal counsel professional with a proven track record of 7 years managing cross-functional initiatives.</p><p>Skills</p><p>regulatory filings, legal research, client counseling, case management, litigation, contract review, compliance</p><p>Experience</p><p>Utilized regulatory filings, litigation, legal research to support key business objectives and improve team performance.</p><p>Utilized contract review, client counseling, regulatory filings to support key business objectives and improve team performance.</p><p>Education</p><p>Bachelor of Engineering in Design</p></body></html>",ADVOCATE
82,"Priya Patel
Summary
Results-driven product designer with 3 years of experience delivering high-impact outcomes in fast-paced environments.

Skills
prototyping, illustrator, indesign, adobe creative suite, wireframing, sketch, graphic design, figma, branding

Experience
Utilized figma, illustrator, graphic design to support key business objectives and improve team performance.
Utilized sketch, branding, figma to support key business objectives and improve team performance.
Utilized illustrator, wireframing, indesign to support key business objectives and improve team performance.
Utilized indesign, branding, graphic design to support key business objectives and improve team performance.

Education
Bachelor of Engineering in Marketing","<html><body><p>Priya Patel</p><p>Summary</p><p>Results-driven product designer with 3 years of experience delivering high-impact outcomes in fast-paced environments.</p><p>Skills</p><p>prototyping, illustrator, indesign, adobe creative suite, wireframing, sketch, graphic design, figma, branding</p><p>Experience</p><p>Utilized figma, illustrator, graphic design to support key business objectives and improve team performance.</p><p>Utilized sketch, branding, figma to support key business objectives and improve team performance.</p><p>Utilized illustrator, wireframing, indesign to support key business objectives and improve team performance.</p><p>Utilized indesign, branding, graphic design to support key business objectives and improve team performance.</p><p>Education</p><p>Bachelor of Engineering in Marketing</p></body></html>",DESIGNER
623,"Jordan Davis
Summary
Motivated construction project manager professional with a proven track record of 7 years managing cross-functional initiatives.

Skills
subcontractor management, osha compliance, cost estimation, site supervision, project scheduling, blueprint reading

Experience
Utilized project scheduling, subcontractor management, cost estimation to support key business objectives and improve team performance.
Utilized subcontractor management, project scheduling, site supervision to support key business objectives and improve team performance.

Education
Bachelor of Engineering in Nursing","<html><body><p>Jordan Davis</p><p>Summary</p><p>Motivated construction project manager professional with a proven track record of 7 years managing cross-functional initiatives.</p><p>Skills</p><p>subcontractor management, osha compliance, cost estimation, site supervision, project scheduling, blueprint reading</p><p>Experience</p><p>Utilized project scheduling, subcontractor management, cost estimation to support key business objectives and improve team performance.</p><p>Utilized subcontractor management, project scheduling, site supervision to support key business objectives and improve team performance.</p><p>Education</p><p>Bachelor of Engineering in Nursing</p></body></html>",CONSTRUCTION
621,"Emma Patel
Summary
Detail-oriented construction project manager offering 6+ years of hands-on expertise and a strong record of measurable results.

Skills
osha compliance, site supervision, subcontractor management, project scheduling, blueprint reading, cost estimation

Experience
Utilized blueprint reading, subcontractor management, site supervision to support key business objectives and improve team performance.
Utilized blueprint reading, osha compliance, project scheduling to support key business objectives and improve team performance.

Education
Bachelor of Engineering in Marketing","<html><body><p>Emma Patel</p><p>Summary</p><p>Detail-oriented construction project manager offering 6+ years of hands-on expertise and a strong record of measurable results.</p><p>Skills</p><p>osha compliance, site supervision, subcontractor management, project scheduling, blueprint reading, cost estimation</p><p>Experience</p><p>Utilized blueprint reading, subcontractor management, site supervision to support key business objectives and improve team performance.</p><p>Utilized blueprint reading, osha compliance, project scheduling to support key business objectives and improve team performance.</p><p>Education</p><p>Bachelor of Engineering in Marketing</p></body></html>",CONSTRUCTION
77,"Taylor Sharma
Summary
Detail-oriented human resources specialist offering 6+ years of hands-on expertise and a strong record of measurable results.

Skills
hris, talent acquisition, recruiting, training and development, onboarding, employee relations, compensation, labor relations, performance management

Experience
Utilized labor relations, performance management, employee relations to support key business objectives and improve team performance.
Utilized recruiting, performance management, hris to support key business objectives and improve team performance.
Utilized labor relations, hris, recruiting to support key business objectives and improve team performance.
Utilized training and development, hris, compensation to support key business objectives and improve team performance.

Education
Master of Science in Marketing","<html><body><p>Taylor Sharma</p><p>Summary</p><p>Detail-oriented human resources specialist offering 6+ years of hands-on expertise and a strong record of measurable results.</p><p>Skills</p><p>hris, talent acquisition, recruiting, training and development, onboarding, employee relations, compensation, labor relations, performance management</p><p>Experience</p><p>Utilized labor relations, performance management, employee relations to support key business objectives and improve team performance.</p><p>Utilized recruiting, performance management, hris to support key business objectives and improve team performance.</p><p>Utilized labor relations, hris, recruiting to support key business objectives and improve team performance.</p><p>Utilized training and development, hris, compensation to support key business objectives and improve team performance.</p><p>Education</p><p>Master of Science in Marketing</p></body></html>",HR
513,"Alex Garcia
Summary
Detail-oriented digital marketing specialist offering 10+ years of hands-on expertise and a strong record of measurable results.

Skills
brand strategy, seo, digital marketing, content strategy, copywriting, google analytics, campaign management, social media marketing

Experience
Utilized content strategy, google analytics, brand strategy to support key business objectives and improve team performance.
Utilized content strategy, social media marketing, google analytics to support key business objectives and improve team performance.
Utilized seo, digital marketing, google analytics to support key business objectives and improve team performance.

Education
Diploma in Design","<html><body><p>Alex Garcia</p><p>Summary</p><p>Detail-oriented digital marketing specialist offering 10+ years of hands-on expertise and a strong record of measurable results.</p><p>Skills</p><p>brand strategy, seo, digital marketing, content strategy, copywriting, google analytics, campaign management, social media marketing</p><p>Experience</p><p>Utilized content strategy, google analytics, brand strategy to support key business objectives and improve team performance.</p><p>Utilized content strategy, social media marketing, google analytics to support key business objectives and improve team performance.</p><p>Utilized seo, digital marketing, google analytics to support key business objectives and improve team performance.</p><p>Education</p><p>Diploma in Design</p></body></html>",DIGITAL-MEDIA
70,"Alex Nguyen
Summary
Results-driven human resources specialist with 5 years of experience delivering high-impact outcomes in fast-paced environments.

Skills
conflict resolution, hris, employee relations, benefits administration, onboarding, training and development, performance management, payroll, labor relations

Experience
Utilized benefits administration, labor relations, hris to support key business objectives and improve team performance.
Utilized employee relations, hris, labor relations to support key business objectives and improve team performance.
Utilized hris, conflict resolution, training and development to support key business objectives and improve team performance.

Education
Bachelor of Arts in Education","<html><body><p>Alex Nguyen</p><p>Summary</p><p>Results-driven human resources specialist with 5 years of experience delivering high-impact outcomes in fast-paced environments.</p><p>Skills</p><p>conflict resolution, hris, employee relations, benefits administration, onboarding, training and development, performance management, payroll, labor relations</p><p>Experience</p><p>Utilized benefits administration, labor relations, hris to support key business objectives and improve team performance.</p><p>Utilized employee relations, hris, labor relations to support key business objectives and improve team performance.</p><p>Utilized hris, conflict resolution, training and development to support key business objectives and improve team performance.</p><p>Education</p><p>Bachelor of Arts in Education</p></body></html>",HR
390,"Priya Davis
Summary
Results-driven mechanical engineer with 15 years of experience delivering high-impact outcomes in fast-paced environments.

Skills
six sigma, manufacturing, autocad, root cause analysis, cad, solidworks

Experience
Utilized solidworks, root cause analysis, cad to support key business objectives and improve team performance.
Utilized cad, autocad, solidworks to support key business objectives and improve team performance.

Education
Bachelor of Science in Education","<html><body><p>Priya Davis</p><p>Summary</p><p>Results-driven mechanical engineer with 15 years of experience delivering high-impact outcomes in fast-paced environments.</p><p>Skills</p><p>six sigma, manufacturing, autocad, root cause analysis, cad, solidworks</p><p>Experience</p><p>Utilized solidworks, root cause analysis, cad to support key business objectives and improve team performance.</p><p>Utilized cad, autocad, solidworks to support key business objectives and improve team performance.</p><p>Education</p><p>Bachelor of Science in Education</p></body></html>",ENGINEERING
208,"Aisha Khan
Summary
Detail-oriented business development manager offering 5+ years of hands-on expertise and a strong record of measurable results.

Skills
partnership development, client relationship, business development, revenue growth, account management, crm, market research, negotiation, lead generation

Experience
Utilized market research, crm, account management to support key business objectives and improve team performance.
Utilized client relationship, account management, revenue growth to support key business objectives and improve team performance.
Utilized revenue growth, market research, business development to support key business objectives and improve team performance.

Education
MBA in Marketing","<html><body><p>Aisha Khan</p><p>Summary</p><p>Detail-oriented business development manager offering 5+ years of hands-on expertise and a strong record of measurable results.</p><p>Skills</p><p>partnership development, client relationship, business development, revenue growth, account management, crm, market research, negotiation, lead generation</p><p>Experience</p><p>Utilized market research, crm, account management to support key business objectives and improve team performance.</p><p>Utilized client relationship, account management, revenue growth to support key business objectives and improve team performance.</p><p>Utilized revenue growth, market research, business development to support key business objectives and improve team performance.</p><p>Education</p><p>MBA in Marketing</p></body></html>",BUSINESS-DEVELOPMENT
244,"Grace Sharma
Summary
Results-driven healthcare professional with 9 years of experience delivering high-impact outcomes in fast-paced environments.

Skills
medication administration, emr, ehr, triage, hipaa, medical records, patient care, healthcare compliance, clinical

Experience
Utilized triage, clinical, patient care to support key business objectives and improve team performance.
Utilized medical records, medication administration, patient care to support key business objectives and improve team performance.
Utilized hipaa, ehr, medication administration to support key business objectives and improve team performance.

Education
Master of Science in Computer Science","<html><body><p>Grace Sharma</p><p>Summary</p><p>Results-driven healthcare professional with 9 years of experience delivering high-impact outcomes in fast-paced environments.</p><p>Skills</p><p>medication administration, emr, ehr, triage, hipaa, medical records, patient care, healthcare compliance, clinical</p><p>Experience</p><p>Utilized triage, clinical, patient care to support key business objectives and improve team performance.</p><p>Utilized medical records, medication administration, patient care to support key business objectives and improve team performance.</p><p>Utilized hipaa, ehr, medication administration to support key business objectives and improve team performance.</p><p>Education</p><p>Master of Science in Computer Science</p></body></html>",HEALTHCARE
302,"Liam Johnson
Summary
Motivated sales representative professional with a proven track record of 13 years managing cross-functional initiatives.

Skills
sales, closing deals, upselling, cold calling, salesforce, crm, client relationship

Experience
Utilized closing deals, crm, salesforce to support key business objectives and improve team performance.
Utilized closing deals, salesforce, crm to support key business objectives and improve team performance.
Utilized client relationship, closing deals, sales to support key business objectives and improve team performance.
Utilized cold calling, salesforce, client relationship to support key business objectives and improve team performance.

Education
Bachelor of Arts in Finance","<html><body><p>Liam Johnson</p><p>Summary</p><p>Motivated sales representative professional with a proven track record of 13 years managing cross-functional initiatives.</p><p>Skills</p><p>sales, closing deals, upselling, cold calling, salesforce, crm, client relationship</p><p>Experience</p><p>Utilized closing deals, crm, salesforce to support key business objectives and improve team performance.</p><p>Utilized closing deals, salesforce, crm to support key business objectives and improve team performance.</p><p>Utilized client relationship, closing deals, sales to support key business objectives and improve team performance.</p><p>Utilized cold calling, salesforce, client relationship to support key business objectives and improve team performance.</p><p>Education</p><p>Bachelor of Arts in Finance</p></body></html>",SALES
60,"Alex Johnson
Summary
Detail-oriented human resources specialist offering 5+ years of hands-on expertise and a strong record of measurable results.

Skills
labor relations, payroll, performance management, benefits administration, recruiting, talent acquisition, hris, employee relations

Experience
Utilized labor relations, payroll, hris to support key business objectives and improve team performance.
Utilized hris, labor relations, payroll to support key business objectives and improve team performance.
Utilized labor relations, employee relations, talent acquisition to support key business objectives and improve team performance.

Education
Master of Science in Education","<html><body><p>Alex Johnson</p><p>Summary</p><p>Detail-oriented human resources specialist offering 5+ years of hands-on expertise and a strong record of measurable results.</p><p>Skills</p><p>labor relations, payroll, performance management, benefits administration, recruiting, talent acquisition, hris, employee relations</p><p>Experience</p><p>Utilized labor relations, payroll, hris to support key business objectives and improve team performance.</p><p>Utilized hris, labor relations, payroll to support key business objectives and improve team performance.</p><p>Utilized labor relations, employee relations, talent acquisition to support key business objectives and improve team performance.</p><p>Education</p><p>Master of Science in Education</p></body></html>",HR
131,"Wei Garcia
Summary
Motivated educator professional with a proven track record of 9 years managing cross-functional initiatives.

Skills
special education, parent communication, instructional design, lesson planning, curriculum development, student assessment, differentiated instruction, tutoring, classroom management

Experience
Utilized tutoring, parent communication, curriculum development to support key business objectives and improve team performance.
Utilized parent communication, curriculum development, differentiated instruction to support key business objectives and improve team performance.
Utilized classroom management, student assessment, curriculum development to support key business objectives and improve team performance.
Utilized special education, tutoring, curriculum development to support key business objectives and improve team performance.

Education
Bachelor of Arts in Nursing","<html><body><p>Wei Garcia</p><p>Summary</p><p>Motivated educator professional with a proven track record of 9 years managing cross-functional initiatives.</p><p>Skills</p><p>special education, parent communication, instructional design, lesson planning, curriculum development, student assessment, differentiated instruction, tutoring, classroom management</p><p>Experience</p><p>Utilized tutoring, parent communication, curriculum development to support key business objectives and improve team performance.</p><p>Utilized parent communication, curriculum development, differentiated instruction to support key business objectives and improve team performance.</p><p>Utilized classroom management, student assessment, curriculum development to support key business objectives and improve team performance.</p><p>Utilized special education, tutoring, curriculum development to support key business objectives and improve team performance.</p><p>Education</p><p>Bachelor of Arts in Nursing</p></body></html>",TEACHER
420,"Ravi Khan
Summary
Motivated accountant professional with a proven track record of 15 years managing cross-functional initiatives.

Skills
gaap, auditing, accounts payable, tax, quickbooks, reconciliation, bookkeeping, accounting, financial statements, general ledger

Experience
Utilized tax, bookkeeping, accounts payable to support key business objectives and improve team performance.
Utilized bookkeeping, quickbooks, financial statements to support key business objectives and improve team performance.
Utilized financial statements, general ledger, bookkeeping to support key business objectives and improve team performance.
Utilized general ledger, quickbooks, bookkeeping to support key business objectives and improve team performance.

Education
Bachelor of Engineering in Business Administration","<html><body><p>Ravi Khan</p><p>Summary</p><p>Motivated accountant professional with a proven track record of 15 years managing cross-functional initiatives.</p><p>Skills</p><p>gaap, auditing, accounts payable, tax, quickbooks, reconciliation, bookkeeping, accounting, financial statements, general ledger</p><p>Experience</p><p>Utilized tax, bookkeeping, accounts payable to support key business objectives and improve team performance.</p><p>Utilized bookkeeping, quickbooks, financial statements to support key business objectives and improve team performance.</p><p>Utilized financial statements, general ledger, bookkeeping to support key business objectives and improve team performance.</p><p>Utilized general ledger, quickbooks, bookkeeping to support key business objectives and improve team performance.</p><p>Education</p><p>Bachelor of Engineering in Business Administration</p></body></html>",ACCOUNTANT
326,"Taylor Singh
Summary
Results-driven finance analyst with 2 years of experience delivering high-impact outcomes in fast-paced environments.

Skills
financial modeling, investment analysis, forecasting, excel, financial reporting, risk management, budgeting, variance analysis

Experience
Utilized excel, risk management, investment analysis to support key business objectives and improve team performance.
Utilized financial modeling, variance analysis, risk management to support key business objectives and improve team performance.
Utilized financial modeling, budgeting, variance analysis to support key business objectives and improve team performance.

Education
Master of Science in Nursing","<html><body><p>Taylor Singh</p><p>Summary</p><p>Results-driven finance analyst with 2 years of experience delivering high-impact outcomes in fast-paced environments.</p><p>Skills</p><p>financial modeling, investment analysis, forecasting, excel, financial reporting, risk management, budgeting, variance analysis</p><p>Experience</p><p>Utilized excel, risk management, investment analysis to support key business objectives and improve team performance.</p><p>Utilized financial modeling, variance analysis, risk management to support key business objectives and improve team performance.</p><p>Utilized financial modeling, budgeting, variance analysis to support key business objectives and improve team performance.</p><p>Education</p><p>Master of Science in Nursing</p></body></html>",FINANCE
593,"Taylor Sharma
Summary
Detail-oriented banking associate offering 6+ years of hands-on expertise and a strong record of measurable results.

Skills
kyc, loan processing, credit analysis, compliance, underwriting, customer relationship management, risk assessment

Experience
Utilized underwriting, risk assessment, compliance to support key business objectives and improve team performance.
Utilized compliance, kyc, risk assessment to support key business objectives and improve team performance.

Education
MBA in Finance","<html><body><p>Taylor Sharma</p><p>Summary</p><p>Detail-oriented banking associate offering 6+ years of hands-on expertise and a strong record of measurable results.</p><p>Skills</p><p>kyc, loan processing, credit analysis, compliance, underwriting, customer relationship management, risk assessment</p><p>Experience</p><p>Utilized underwriting, risk assessment, compliance to support key business objectives and improve team performance.</p><p>Utilized compliance, kyc, risk assessment to support key business objectives and improve team performance.</p><p>Education</p><p>MBA in Finance</p></body></html>",BANKING
609,"Taylor Khan
Summary
Detail-oriented construction project manager offering 13+ years of hands-on expertise and a strong record of measurable results.

Skills
subcontractor management, blueprint reading, osha compliance, cost estimation, site supervision, project scheduling

Experience
Utilized osha compliance, cost estimation, project scheduling to support key business objectives and improve team performance.
Utilized project scheduling, blueprint reading, subcontractor management to support key business objectives and improve team performance.
Utilized blueprint reading, site supervision, osha compliance to support key business objectives and improve team performance.
Utilized blueprint reading, site supervision, subcontractor management to support key business objectives and improve team performance.

Education
Bachelor of Arts in Marketing","<html><body><p>Taylor Khan</p><p>Summary</p><p>Detail-oriented construction project manager offering 13+ years of hands-on expertise and a strong record of measurable results.</p><p>Skills</p><p>subcontractor management, blueprint reading, osha compliance, cost estimation, site supervision, project scheduling</p><p>Experience</p><p>Utilized osha compliance, cost estimation, project scheduling to support key business objectives and improve team performance.</p><p>Utilized project scheduling, blueprint reading, subcontractor management to support key business objectives and improve team performance.</p><p>Utilized blueprint reading, site supervision, osha compliance to support key business objectives and improve team performance.</p><p>Utilized blueprint reading, site supervision, subcontractor management to support key business objectives and improve team performance.</p><p>Education</p><p>Bachelor of Arts in Marketing</p></body></html>",CONSTRUCTION
518,"Ravi Singh
Summary
Results-driven digital marketing specialist with 9 years of experience delivering high-impact outcomes in fast-paced environments.

Skills
copywriting, content strategy, social media marketing, brand strategy, seo, campaign management, email marketing

Experience
Utilized content strategy, seo, brand strategy to support key business objectives and improve team performance.
Utilized campaign management, social media marketing, seo to support key business objectives and improve team performance.

Education
Bachelor of Engineering in Design","<html><body><p>Ravi Singh</p><p>Summary</p><p>Results-driven digital marketing specialist with 9 years of experience delivering high-impact outcomes in fast-paced environments.</p><p>Skills</p><p>copywriting, content strategy, social media marketing, brand strategy, seo, campaign management, email marketing</p><p>Experience</p><p>Utilized content strategy, seo, brand strategy to support key business objectives and improve team performance.</p><p>Utilized campaign management, social media marketing, seo to support key business objectives and improve team performance.</p><p>Education</p><p>Bachelor of Engineering in Design</p></body></html>",DIGITAL-MEDIA
204,"Alex Nguyen
Summary
Results-driven business development manager with 4 years of experience delivering high-impact outcomes in fast-paced environments.

Skills
account management, negotiation, crm, revenue growth, market research, partnership development, client relationship, lead generation, business development

Experience
Utilized partnership development, crm, business development to support key business objectives and improve team performance.
Utilized partnership development, lead generation, revenue growth to support key business objectives and improve team performance.
Utilized lead generation, partnership development, client relationship to support key business objectives and improve team performance.

Education
Diploma in Design","<html><body><p>Alex Nguyen</p><p>Summary</p><p>Results-driven business development manager with 4 years of experience delivering high-impact outcomes in fast-paced environments.</p><p>Skills</p><p>account management, negotiation, crm, revenue growth, market research, partnership development, client relationship, lead generation, business development</p><p>Experience</p><p>Utilized partnership development, crm, business development to support key business objectives and improve team performance.</p><p>Utilized partnership development, lead generation, revenue growth to support key business objectives and improve team performance.</p><p>Utilized lead generation, partnership development, client relationship to support key business objectives and improve team performance.</p><p>Education</p><p>Diploma in Design</p></body></html>",BUSINESS-DEVELOPMENT
299,"Ravi Nguyen
Summary
Results-driven sales representative with 5 years of experience delivering high-impact outcomes in fast-paced environments.

Skills
client relationship, closing deals, quota attainment, cold calling, negotiation, sales, upselling

Experience
Utilized negotiation, cold calling, client relationship to support key business objectives and improve team performance.
Utilized client relationship, sales, upselling to support key business objectives and improve team performance.
Utilized negotiation, closing deals, sales to support key business objectives and improve team performance.

Education
Bachelor of Engineering in Finance","<html><body><p>Ravi Nguyen</p><p>Summary</p><p>Results-driven sales representative with 5 years of experience delivering high-impact outcomes in fast-paced environments.</p><p>Skills</p><p>client relationship, closing deals, quota attainment, cold calling, negotiation, sales, upselling</p><p>Experience</p><p>Utilized negotiation, cold calling, client relationship to support key business objectives and improve team performance.</p><p>Utilized client relationship, sales, upselling to support key business objectives and improve team performance.</p><p>Utilized negotiation, closing deals, sales to support key business objectives and improve team performance.</p><p>Education</p><p>Bachelor of Engineering in Finance</p></body></html>",SALES
588,"Neha Johnson
Summary
Results-driven banking associate with 6 years of experience delivering high-impact outcomes in fast-paced environments.

Skills
compliance, loan processing, credit analysis, customer relationship management, kyc, underwriting, risk assessment

Experience
Utilized customer relationship management, underwriting, loan processing to support key business objectives and improve team performance.
Utilized customer relationship management, underwriting, risk assessment to support key business objectives and improve team performance.
Utilized risk assessment, customer relationship management, loan processing to support key business objectives and improve team performance.
Utilized risk assessment, compliance, customer relationship management to support key business objectives and improve team performance.

Education
Bachelor of Engineering in Accounting","<html><body><p>Neha Johnson</p><p>Summary</p><p>Results-driven banking associate with 6 years of experience delivering high-impact outcomes in fast-paced environments.</p><p>Skills</p><p>compliance, loan processing, credit analysis, customer relationship management, kyc, underwriting, risk assessment</p><p>Experience</p><p>Utilized customer relationship management, underwriting, loan processing to support key business objectives and improve team performance.</p><p>Utilized customer relationship management, underwriting, risk assessment to support key business objectives and improve team performance.</p><p>Utilized risk assessment, customer relationship management, loan processing to support key business objectives and improve team performance.</p><p>Utilized risk assessment, compliance, customer relationship management to support key business objectives and improve team performance.</p><p>Education</p><p>Bachelor of Engineering in Accounting</p></body></html>",BANKING
430,"Liam Sharma
Summary
Motivated accountant professional with a proven track record of 9 years managing cross-functional initiatives.

Skills
reconciliation, accounts receivable, general ledger, auditing, accounts payable, quickbooks, financial statements, bookkeeping, accounting

Experience
Utilized auditing, bookkeeping, quickbooks to support key business objectives and improve team performance.
Utilized bookkeeping, general ledger, accounts payable to support key business objectives and improve team performance.
Utilized accounts payable, general ledger, quickbooks to support key business objectives and improve team performance.

Education
Master of Science in Marketing","<html><body><p>Liam Sharma</p><p>Summary</p><p>Motivated accountant professional with a proven track record of 9 years managing cross-functional initiatives.</p><p>Skills</p><p>reconciliation, accounts receivable, general ledger, auditing, accounts payable, quickbooks, financial statements, bookkeeping, accounting</p><p>Experience</p><p>Utilized auditing, bookkeeping, quickbooks to support key business objectives and improve team performance.</p><p>Utilized bookkeeping, general ledger, accounts payable to support key business objectives and improve team performance.</p><p>Utilized accounts payable, general ledger, quickbooks to support key business objectives and improve team performance.</p><p>Education</p><p>Master of Science in Marketing</p></body></html>",ACCOUNTANT
482,"Jordan Kim
Summary
Results-driven digital marketing specialist with 8 years of experience delivering high-impact outcomes in fast-paced environments.

Skills
campaign management, brand strategy, google analytics, content strategy, digital marketing, email marketing

Experience
Utilized brand strategy, email marketing, google analytics to support key business objectives and improve team performance.
Utilized digital marketing, campaign management, content strategy to support key business objectives and improve team performance.
Utilized campaign management, google analytics, content strategy to support key business objectives and improve team performance.

Education
MBA in Marketing","<html><body><p>Jordan Kim</p><p>Summary</p><p>Results-driven digital marketing specialist with 8 years of experience delivering high-impact outcomes in fast-paced environments.</p><p>Skills</p><p>campaign management, brand strategy, google analytics, content strategy, digital marketing, email marketing</p><p>Experience</p><p>Utilized brand strategy, email marketing, google analytics to support key business objectives and improve team performance.</p><p>Utilized digital marketing, campaign management, content strategy to support key business objectives and improve team performance.</p><p>Utilized campaign management, google analytics, content strategy to support key business objectives and improve team performance.</p><p>Education</p><p>MBA in Marketing</p></body></html>",DIGITAL-MEDIA
544,"Jordan Patel
Summary
Motivated aviation operations coordinator professional with a proven track record of 9 years managing cross-functional initiatives.

Skills
logistics coordination, safety compliance, flight operations, ground operations, aircraft maintenance, faa regulations

Experience
Utilized safety compliance, faa regulations, flight operations to support key business objectives and improve team performance.
Utilized aircraft maintenance, flight operations, ground operations to support key business objectives and improve team performance.

Education
Bachelor of Science in Accounting","<html><body><p>Jordan Patel</p><p>Summary</p><p>Motivated aviation operations coordinator professional with a proven track record of 9 years managing cross-functional initiatives.</p><p>Skills</p><p>logistics coordination, safety compliance, flight operations, ground operations, aircraft maintenance, faa regulations</p><p>Experience</p><p>Utilized safety compliance, faa regulations, flight operations to support key business objectives and improve team performance.</p><p>Utilized aircraft maintenance, flight operations, ground operations to support key business objectives and improve team performance.</p><p>Education</p><p>Bachelor of Science in Accounting</p></body></html>",AVIATION
419,"Emma Singh
Summary
Detail-oriented accountant offering 11+ years of hands-on expertise and a strong record of measurable results.

Skills
accounting, bookkeeping, reconciliation, auditing, general ledger, tax, gaap, accounts payable, accounts receivable

Experience
Utilized gaap, accounts receivable, tax to support key business objectives and improve team performance.
Utilized auditing, accounts receivable, accounts payable to support key business objectives and improve team performance.
Utilized accounting, tax, accounts payable to support key business objectives and improve team performance.
Utilized accounting, reconciliation, accounts payable to support key business objectives and improve team performance.

Education
Master of Science in Computer Science","<html><body><p>Emma Singh</p><p>Summary</p><p>Detail-oriented accountant offering 11+ years of hands-on expertise and a strong record of measurable results.</p><p>Skills</p><p>accounting, bookkeeping, reconciliation, auditing, general ledger, tax, gaap, accounts payable, accounts receivable</p><p>Experience</p><p>Utilized gaap, accounts receivable, tax to support key business objectives and improve team performance.</p><p>Utilized auditing, accounts receivable, accounts payable to support key business objectives and improve team performance.</p><p>Utilized accounting, tax, accounts payable to support key business objectives and improve team performance.</p><p>Utilized accounting, reconciliation, accounts payable to support key business objectives and improve team performance.</p><p>Education</p><p>Master of Science in Computer Science</p></body></html>",ACCOUNTANT
29,"Emma Garcia
Summary
Detail-oriented software engineer offering 2+ years of hands-on expertise and a strong record of measurable results.

Skills
python, linux, agile, microservices, react, django

Experience
Utilized django, agile, python to support key business objectives and improve team performance.
Utilized react, python, agile to support key business objectives and improve team performance.

Education
Diploma in Mechanical Engineering","<html><body><p>Emma Garcia</p><p>Summary</p><p>Detail-oriented software engineer offering 2+ years of hands-on expertise and a strong record of measurable results.</p><p>Skills</p><p>python, linux, agile, microservices, react, django</p><p>Experience</p><p>Utilized django, agile, python to support key business objectives and improve team performance.</p><p>Utilized react, python, agile to support key business objectives and improve team performance.</p><p>Education</p><p>Diploma in Mechanical Engineering</p></body></html>",INFORMATION-TECHNOLOGY
586,"Liam Brown
Summary
Motivated banking associate professional with a proven track record of 13 years managing cross-functional initiatives.

Skills
compliance, risk assessment, underwriting, kyc, loan processing, customer relationship management, credit analysis

Experience
Utilized compliance, risk assessment, loan processing to support key business objectives and improve team performance.
Utilized risk assessment, underwriting, loan processing to support key business objectives and improve team performance.
Utilized customer relationship management, loan processing, risk assessment to support key business objectives and improve team performance.
Utilized loan processing, risk assessment, customer relationship management to support key business objectives and improve team performance.

Education
MBA in Design","<html><body><p>Liam Brown</p><p>Summary</p><p>Motivated banking associate professional with a proven track record of 13 years managing cross-functional initiatives.</p><p>Skills</p><p>compliance, risk assessment, underwriting, kyc, loan processing, customer relationship management, credit analysis</p><p>Experience</p><p>Utilized compliance, risk assessment, loan processing to support key business objectives and improve team performance.</p><p>Utilized risk assessment, underwriting, loan processing to support key business objectives and improve team performance.</p><p>Utilized customer relationship management, loan processing, risk assessment to support key business objectives and improve team performance.</p><p>Utilized loan processing, risk assessment, customer relationship management to support key business objectives and improve team performance.</p><p>Education</p><p>MBA in Design</p></body></html>",BANKING
135,"Noah Lopez
Summary
Results-driven educator with 7 years of experience delivering high-impact outcomes in fast-paced environments.

Skills
tutoring, curriculum development, special education, differentiated instruction, parent communication, instructional design, classroom management, lesson planning, student assessment

Experience
Utilized parent communication, instructional design, classroom management to support key business objectives and improve team performance.
Utilized parent communication, instructional design, student assessment to support key business objectives and improve team performance.
Utilized special education, lesson planning, classroom management to support key business objectives and improve team performance.

Education
Bachelor of Engineering in Mechanical Engineering","<html><body><p>Noah Lopez</p><p>Summary</p><p>Results-driven educator with 7 years of experience delivering high-impact outcomes in fast-paced environments.</p><p>Skills</p><p>tutoring, curriculum development, special education, differentiated instruction, parent communication, instructional design, classroom management, lesson planning, student assessment</p><p>Experience</p><p>Utilized parent communication, instructional design, classroom management to support key business objectives and improve team performance.</p><p>Utilized parent communication, instructional design, student assessment to support key business objectives and improve team performance.</p><p>Utilized special education, lesson planning, classroom management to support key business objectives and improve team performance.</p><p>Education</p><p>Bachelor of Engineering in Mechanical Engineering</p></body></html>",TEACHER
438,"Jordan Patel
Summary
Motivated accountant professional with a proven track record of 9 years managing cross-functional initiatives.

Skills
general ledger, tax, auditing, bookkeeping, accounts payable, quickbooks, accounting

Experience
Utilized bookkeeping, quickbooks, general ledger to support key business objectives and improve team performance.
Utilized tax, auditing, general ledger to support key business objectives and improve team performance.

Education
Master of Science in Accounting","<html><body><p>Jordan Patel</p><p>Summary</p><p>Motivated accountant professional with a proven track record of 9 years managing cross-functional initiatives.</p><p>Skills</p><p>general ledger, tax, auditing, bookkeeping, accounts payable, quickbooks, accounting</p><p>Experience</p><p>Utilized bookkeeping, quickbooks, general ledger to support key business objectives and improve team performance.</p><p>Utilized tax, auditing, general ledger to support key business objectives and improve team performance.</p><p>Education</p><p>Master of Science in Accounting</p></body></html>",ACCOUNTANT
409,"Priya Garcia
Summary
Results-driven accountant with 2 years of experience delivering high-impact outcomes in fast-paced environments.

Skills
accounts payable, gaap, accounting, quickbooks, general ledger, tax, bookkeeping, financial statements, accounts receivable

Experience
Utilized tax, quickbooks, accounts receivable to support key business objectives and improve team performance.
Utilized gaap, quickbooks, accounts payable to support key business objectives and improve team performance.

Education
Bachelor of Engineering in Computer Science","<html><body><p>Priya Garcia</p><p>Summary</p><p>Results-driven accountant with 2 years of experience delivering high-impact outcomes in fast-paced environments.</p><p>Skills</p><p>accounts payable, gaap, accounting, quickbooks, general ledger, tax, bookkeeping, financial statements, accounts receivable</p><p>Experience</p><p>Utilized tax, quickbooks, accounts receivable to support key business objectives and improve team performance.</p><p>Utilized gaap, quickbooks, accounts payable to support key business objectives and improve team performance.</p><p>Education</p><p>Bachelor of Engineering in Computer Science</p></body></html>",ACCOUNTANT
250,"Aisha Patel
Summary
Detail-oriented healthcare professional offering 2+ years of hands-on expertise and a strong record of measurable results.

Skills
hipaa, vital signs monitoring, ehr, nursing, medical records, medication administration

Experience
Utilized vital signs monitoring, ehr, hipaa to support key business objectives and improve team performance.
Utilized ehr, hipaa, medication administration to support key business objectives and improve team performance.
Utilized nursing, medication administration, hipaa to support key business objectives and improve team performance.
Utilized ehr, vital signs monitoring, medical records to support key business objectives and improve team performance.

Education
Bachelor of Science in Mechanical Engineering","<html><body><p>Aisha Patel</p><p>Summary</p><p>Detail-oriented healthcare professional offering 2+ years of hands-on expertise and a strong record of measurable results.</p><p>Skills</p><p>hipaa, vital signs monitoring, ehr, nursing, medical records, medication administration</p><p>Experience</p><p>Utilized vital signs monitoring, ehr, hipaa to support key business objectives and improve team performance.</p><p>Utilized ehr, hipaa, medication administration to support key business objectives and improve team performance.</p><p>Utilized nursing, medication administration, hipaa to support key business objectives and improve team performance.</p><p>Utilized ehr, vital signs monitoring, medical records to support key business objectives and improve team performance.</p><p>Education</p><p>Bachelor of Science in Mechanical Engineering</p></body></html>",HEALTHCARE
429,"Jordan Patel
Summary
Detail-oriented accountant offering 6+ years of hands-on expertise and a strong record of measurable results.

Skills
financial statements, quickbooks, reconciliation, tax, bookkeeping, auditing, accounting, accounts receivable, accounts payable

Experience
Utilized quickbooks, auditing, accounts payable to support key business objectives and improve team performance.
Utilized auditing, accounting, bookkeeping to support key business objectives and improve team performance.
Utilized financial statements, bookkeeping, accounts payable to support key business objectives and improve team performance.
Utilized accounts payable, tax, accounting to support key business objectives and improve team performance.

Education
MBA in Mechanical Engineering","<html><body><p>Jordan Patel</p><p>Summary</p><p>Detail-oriented accountant offering 6+ years of hands-on expertise and a strong record of measurable results.</p><p>Skills</p><p>financial statements, quickbooks, reconciliation, tax, bookkeeping, auditing, accounting, accounts receivable, accounts payable</p><p>Experience</p><p>Utilized quickbooks, auditing, accounts payable to support key business objectives and improve team performance.</p><p>Utilized auditing, accounting, bookkeeping to support key business objectives and improve team performance.</p><p>Utilized financial statements, bookkeeping, accounts payable to support key business objectives and improve team performance.</p><p>Utilized accounts payable, tax, accounting to support key business objectives and improve team performance.</p><p>Education</p><p>MBA in Mechanical Engineering</p></body></html>",ACCOUNTANT
432,"Sofia Brown
Summary
Results-driven accountant with 7 years of experience delivering high-impact outcomes in fast-paced environments.

Skills
accounting, quickbooks, reconciliation, accounts receivable, tax, gaap, general ledger

Experience
Utilized gaap, quickbooks, tax to support key business objectives and improve team performance.
Utilized accounts receivable, accounting, quickbooks to support key business objectives and improve team performance.
Utilized reconciliation, tax, accounting to support key business objectives and improve team performance.

Education
MBA in Finance","<html><body><p>Sofia Brown</p><p>Summary</p><p>Results-driven accountant with 7 years of experience delivering high-impact outcomes in fast-paced environments.</p><p>Skills</p><p>accounting, quickbooks, reconciliation, accounts receivable, tax, gaap, general ledger</p><p>Experience</p><p>Utilized gaap, quickbooks, tax to support key business objectives and improve team performance.</p><p>Utilized accounts receivable, accounting, quickbooks to support key business objectives and improve team performance.</p><p>Utilized reconciliation, tax, accounting to support key business objectives and improve team performance.</p><p>Education</p><p>MBA in Finance</p></body></html>",ACCOUNTANT
470,"Neha Johnson
Summary
Detail-oriented management consultant offering 14+ years of hands-on expertise and a strong record of measurable results.

Skills
business case development, process optimization, stakeholder management, change management, strategy, project management, client presentations, data analysis

Experience
Utilized change management, business case development, project management to support key business objectives and improve team performance.
Utilized stakeholder management, business case development, project management to support key business objectives and improve team performance.

Education
Bachelor of Engineering in Mechanical Engineering","<html><body><p>Neha Johnson</p><p>Summary</p><p>Detail-oriented management consultant offering 14+ years of hands-on expertise and a strong record of measurable results.</p><p>Skills</p><p>business case development, process optimization, stakeholder management, change management, strategy, project management, client presentations, data analysis</p><p>Experience</p><p>Utilized change management, business case development, project management to support key business objectives and improve team performance.</p><p>Utilized stakeholder management, business case development, project management to support key business objectives and improve team performance.</p><p>Education</p><p>Bachelor of Engineering in Mechanical Engineering</p></body></html>",CONSULTANT
181,"Priya Nguyen
Summary
Motivated legal counsel professional with a proven track record of 12 years managing cross-functional initiatives.

Skills
contract review, regulatory filings, client counseling, negotiation, legal writing, case management, legal research, compliance

Experience
Utilized compliance, regulatory filings, case management to support key business objectives and improve team performance.
Utilized compliance, client counseling, regulatory filings to support key business objectives and improve team performance.

Education
Master of Science in Marketing","<html><body><p>Priya Nguyen</p><p>Summary</p><p>Motivated legal counsel professional with a proven track record of 12 years managing cross-functional initiatives.</p><p>Skills</p><p>contract review, regulatory filings, client counseling, negotiation, legal writing, case management, legal research, compliance</p><p>Experience</p><p>Utilized compliance, regulatory filings, case management to support key business objectives and improve team performance.</p><p>Utilized compliance, client counseling, regulatory filings to support key business objectives and improve team performance.</p><p>Education</p><p>Master of Science in Marketing</p></body></html>",ADVOCATE
333,"Alex Davis
Summary
Detail-oriented finance analyst offering 12+ years of hands-on expertise and a strong record of measurable results.

Skills
financial reporting, risk management, budgeting, excel, variance analysis, forecasting, financial modeling, investment analysis, financial analysis

Experience
Utilized investment analysis, variance analysis, forecasting to support key business objectives and improve team performance.
Utilized financial analysis, financial modeling, variance analysis to support key business objectives and improve team performance.

Education
Bachelor of Arts in Nursing","<html><body><p>Alex Davis</p><p>Summary</p><p>Detail-oriented finance analyst offering 12+ years of hands-on expertise and a strong record of measurable results.</p><p>Skills</p><p>financial reporting, risk management, budgeting, excel, variance analysis, forecasting, financial modeling, investment analysis, financial analysis</p><p>Experience</p><p>Utilized investment analysis, variance analysis, forecasting to support key business objectives and improve team performance.</p><p>Utilized financial analysis, financial modeling, variance analysis to support key business objectives and improve team performance.</p><p>Education</p><p>Bachelor of Arts in Nursing</p></body></html>",FINANCE
483,"Taylor Patel
Summary
Motivated digital marketing specialist professional with a proven track record of 5 years managing cross-functional initiatives.

Skills
content strategy, seo, digital marketing, email marketing, brand strategy, social media marketing, copywriting, campaign management, google analytics

Experience
Utilized campaign management, copywriting, brand strategy to support key business objectives and improve team performance.
Utilized email marketing, brand strategy, seo to support key business objectives and improve team performance.
Utilized content strategy, seo, email marketing to support key business objectives and improve team performance.
Utilized social media marketing, brand strategy, seo to support key business objectives and improve team performance.

Education
Bachelor of Science in Finance","<html><body><p>Taylor Patel</p><p>Summary</p><p>Motivated digital marketing specialist professional with a proven track record of 5 years managing cross-functional initiatives.</p><p>Skills</p><p>content strategy, seo, digital marketing, email marketing, brand strategy, social media marketing, copywriting, campaign management, google analytics</p><p>Experience</p><p>Utilized campaign management, copywriting, brand strategy to support key business objectives and improve team performance.</p><p>Utilized email marketing, brand strategy, seo to support key business objectives and improve team performance.</p><p>Utilized content strategy, seo, email marketing to support key business objectives and improve team performance.</p><p>Utilized social media marketing, brand strategy, seo to support key business objectives and improve team performance.</p><p>Education</p><p>Bachelor of Science in Finance</p></body></html>",DIGITAL-MEDIA
485,"Neha Nguyen
Summary
Detail-oriented digital marketing specialist offering 2+ years of hands-on expertise and a strong record of measurable results.

Skills
social media marketing, campaign management, email marketing, copywriting, brand strategy, seo, content strategy, digital marketing, google analytics

Experience
Utilized social media marketing, digital marketing, content strategy to support key business objectives and improve team performance.
Utilized email marketing, digital marketing, seo to support key business objectives and improve team performance.
Utilized campaign management, social media marketing, google analytics to support key business objectives and improve team performance.
Utilized copywriting, content strategy, seo to support key business objectives and improve team performance.

Education
Bachelor of Engineering in Finance","<html><body><p>Neha Nguyen</p><p>Summary</p><p>Detail-oriented digital marketing specialist offering 2+ years of hands-on expertise and a strong record of measurable results.</p><p>Skills</p><p>social media marketing, campaign management, email marketing, copywriting, brand strategy, seo, content strategy, digital marketing, google analytics</p><p>Experience</p><p>Utilized social media marketing, digital marketing, content strategy to support key business objectives and improve team performance.</p><p>Utilized email marketing, digital marketing, seo to support key business objectives and improve team performance.</p><p>Utilized campaign management, social media marketing, google analytics to support key business objectives and improve team performance.</p><p>Utilized copywriting, content strategy, seo to support key business objectives and improve team performance.</p><p>Education</p><p>Bachelor of Engineering in Finance</p></body></html>",DIGITAL-MEDIA
599,"Ravi Chen
Summary
Detail-oriented banking associate offering 6+ years of hands-on expertise and a strong record of measurable results.

Skills
customer relationship management, kyc, underwriting, compliance, risk assessment, credit analysis

Experience
Utilized customer relationship management, underwriting, risk assessment to support key business objectives and improve team performance.
Utilized underwriting, credit analysis, compliance to support key business objectives and improve team performance.
Utilized kyc, compliance, risk assessment to support key business objectives and improve team performance.
Utilized kyc, risk assessment, credit analysis to support key business objectives and improve team performance.

Education
Bachelor of Engineering in Nursing","<html><body><p>Ravi Chen</p><p>Summary</p><p>Detail-oriented banking associate offering 6+ years of hands-on expertise and a strong record of measurable results.</p><p>Skills</p><p>customer relationship management, kyc, underwriting, compliance, risk assessment, credit analysis</p><p>Experience</p><p>Utilized customer relationship management, underwriting, risk assessment to support key business objectives and improve team performance.</p><p>Utilized underwriting, credit analysis, compliance to support key business objectives and improve team performance.</p><p>Utilized kyc, compliance, risk assessment to support key business objectives and improve team performance.</p><p>Utilized kyc, risk assessment, credit analysis to support key business objectives and improve team performance.</p><p>Education</p><p>Bachelor of Engineering in Nursing</p></body></html>",BANKING
603,"Alex Lopez
Summary
Motivated construction project manager professional with a proven track record of 14 years managing cross-functional initiatives.

Skills
osha compliance, site supervision, blueprint reading, project scheduling, cost estimation, subcontractor management

Experience
Utilized osha compliance, project scheduling, cost estimation to support key business objectives and improve team performance.
Utilized project scheduling, subcontractor management, site supervision to support key business objectives and improve team performance.
Utilized subcontractor management, osha compliance, site supervision to support key business objectives and improve team performance.
Utilized site supervision, cost estimation, osha compliance to support key business objectives and improve team performance.

Education
Bachelor of Engineering in Marketing","<html><body><p>Alex Lopez</p><p>Summary</p><p>Motivated construction project manager professional with a proven track record of 14 years managing cross-functional initiatives.</p><p>Skills</p><p>osha compliance, site supervision, blueprint reading, project scheduling, cost estimation, subcontractor management</p><p>Experience</p><p>Utilized osha compliance, project scheduling, cost estimation to support key business objectives and improve team performance.</p><p>Utilized project scheduling, subcontractor management, site supervision to support key business objectives and improve team performance.</p><p>Utilized subcontractor management, osha compliance, site supervision to support key business objectives and improve team performance.</p><p>Utilized site supervision, cost estimation, osha compliance to support key business objectives and improve team performance.</p><p>Education</p><p>Bachelor of Engineering in Marketing</p></body></html>",CONSTRUCTION
626,"Emma Chen
Summary
Results-driven construction project manager with 3 years of experience delivering high-impact outcomes in fast-paced environments.

Skills
cost estimation, osha compliance, site supervision, subcontractor management, project scheduling, blueprint reading

Experience
Utilized osha compliance, cost estimation, project scheduling to support key business objectives and improve team performance.
Utilized project scheduling, blueprint reading, cost estimation to support key business objectives and improve team performance.
Utilized osha compliance, project scheduling, site supervision to support key business objectives and improve team performance.

Education
Bachelor of Arts in Mechanical Engineering","<html><body><p>Emma Chen</p><p>Summary</p><p>Results-driven construction project manager with 3 years of experience delivering high-impact outcomes in fast-paced environments.</p><p>Skills</p><p>cost estimation, osha compliance, site supervision, subcontractor management, project scheduling, blueprint reading</p><p>Experience</p><p>Utilized osha compliance, cost estimation, project scheduling to support key business objectives and improve team performance.</p><p>Utilized project scheduling, blueprint reading, cost estimation to support key business objectives and improve team performance.</p><p>Utilized osha compliance, project scheduling, site supervision to support key business objectives and improve team performance.</p><p>Education</p><p>Bachelor of Arts in Mechanical Engineering</p></body></html>",CONSTRUCTION
249,"Sofia Nguyen
Summary
Detail-oriented healthcare professional offering 10+ years of hands-on expertise and a strong record of measurable results.

Skills
clinical, medical records, healthcare compliance, ehr, nursing, vital signs monitoring

Experience
Utilized healthcare compliance, nursing, ehr to support key business objectives and improve team performance.
Utilized nursing, medical records, ehr to support key business objectives and improve team performance.

Education
Bachelor of Science in Finance","<html><body><p>Sofia Nguyen</p><p>Summary</p><p>Detail-oriented healthcare professional offering 10+ years of hands-on expertise and a strong record of measurable results.</p><p>Skills</p><p>clinical, medical records, healthcare compliance, ehr, nursing, vital signs monitoring</p><p>Experience</p><p>Utilized healthcare compliance, nursing, ehr to support key business objectives and improve team performance.</p><p>Utilized nursing, medical records, ehr to support key business objectives and improve team performance.</p><p>Education</p><p>Bachelor of Science in Finance</p></body></html>",HEALTHCARE
227,"Emma Kim
Summary
Detail-oriented business development manager offering 10+ years of hands-on expertise and a strong record of measurable results.

Skills
client relationship, market research, lead generation, business development, partnership development, crm, account management, salesforce, negotiation, revenue growth

Experience
Utilized crm, negotiation, salesforce to support key business objectives and improve team performance.
Utilized account management, lead generation, negotiation to support key business objectives and improve team performance.
Utilized client relationship, lead generation, business development to support key business objectives and improve team performance.

Education
Bachelor of Engineering in Finance","<html><body><p>Emma Kim</p><p>Summary</p><p>Detail-oriented business development manager offering 10+ years of hands-on expertise and a strong record of measurable results.</p><p>Skills</p><p>client relationship, market research, lead generation, business development, partnership development, crm, account management, salesforce, negotiation, revenue growth</p><p>Experience</p><p>Utilized crm, negotiation, salesforce to support key business objectives and improve team performance.</p><p>Utilized account management, lead generation, negotiation to support key business objectives and improve team performance.</p><p>Utilized client relationship, lead generation, business development to support key business objectives and improve team performance.</p><p>Education</p><p>Bachelor of Engineering in Finance</p></body></html>",BUSINESS-DEVELOPMENT
488,"Jordan Garcia
Summary
Motivated digital marketing specialist professional with a proven track record of 14 years managing cross-functional initiatives.

Skills
brand strategy, seo, campaign management, social media marketing, content strategy, digital marketing, email marketing, google analytics, copywriting

Experience
Utilized email marketing, copywriting, brand strategy to support key business objectives and improve team performance.
Utilized digital marketing, social media marketing, content strategy to support key business objectives and improve team performance.
Utilized content strategy, copywriting, digital marketing to support key business objectives and improve team performance.

Education
Bachelor of Science in Education","<html><body><p>Jordan Garcia</p><p>Summary</p><p>Motivated digital marketing specialist professional with a proven track record of 14 years managing cross-functional initiatives.</p><p>Skills</p><p>brand strategy, seo, campaign management, social media marketing, content strategy, digital marketing, email marketing, google analytics, copywriting</p><p>Experience</p><p>Utilized email marketing, copywriting, brand strategy to support key business objectives and improve team performance.</p><p>Utilized digital marketing, social media marketing, content strategy to support key business objectives and improve team performance.</p><p>Utilized content strategy, copywriting, digital marketing to support key business objectives and improve team performance.</p><p>Education</p><p>Bachelor of Science in Education</p></body></html>",DIGITAL-MEDIA
104,"Jordan Singh
Summary
Motivated product designer professional with a proven track record of 1 years managing cross-functional initiatives.

Skills
photoshop, ux design, ui design, illustrator, prototyping, branding

Experience
Utilized branding, illustrator, ui design to support key business objectives and improve team performance.
Utilized illustrator, branding, prototyping to support key business objectives and improve team performance.

Education
Bachelor of Engineering in Marketing","<html><body><p>Jordan Singh</p><p>Summary</p><p>Motivated product designer professional with a proven track record of 1 years managing cross-functional initiatives.</p><p>Skills</p><p>photoshop, ux design, ui design, illustrator, prototyping, branding</p><p>Experience</p><p>Utilized branding, illustrator, ui design to support key business objectives and improve team performance.</p><p>Utilized illustrator, branding, prototyping to support key business objectives and improve team performance.</p><p>Education</p><p>Bachelor of Engineering in Marketing</p></body></html>",DESIGNER
114,"Omar Kim
Summary
Detail-oriented product designer offering 1+ years of hands-on expertise and a strong record of measurable results.

Skills
photoshop, branding, prototyping, adobe creative suite, ux design, typography, wireframing, indesign, figma

Experience
Utilized branding, figma, ux design to support key business objectives and improve team performance.
Utilized prototyping, adobe creative suite, branding to support key business objectives and improve team performance.

Education
Diploma in Design","<html><body><p>Omar Kim</p><p>Summary</p><p>Detail-oriented product designer offering 1+ years of hands-on expertise and a strong record of measurable results.</p><p>Skills</p><p>photoshop, branding, prototyping, adobe creative suite, ux design, typography, wireframing, indesign, figma</p><p>Experience</p><p>Utilized branding, figma, ux design to support key business objectives and improve team performance.</p><p>Utilized prototyping, adobe creative suite, branding to support key business objectives and improve team performance.</p><p>Education</p><p>Diploma in Design</p></body></html>",DESIGNER
148,"Grace Patel
Summary
Results-driven educator with 9 years of experience delivering high-impact outcomes in fast-paced environments.

Skills
lesson planning, curriculum development, differentiated instruction, student assessment, instructional design, classroom management, special education, parent communication

Experience
Utilized lesson planning, student assessment, classroom management to support key business objectives and improve team performance.
Utilized differentiated instruction, curriculum development, parent communication to support key business objectives and improve team performance.

Education
Diploma in Design","<html><body><p>Grace Patel</p><p>Summary</p><p>Results-driven educator with 9 years of experience delivering high-impact outcomes in fast-paced environments.</p><p>Skills</p><p>lesson planning, curriculum development, differentiated instruction, student assessment, instructional design, classroom management, special education, parent communication</p><p>Experience</p><p>Utilized lesson planning, student assessment, classroom management to support key business objectives and improve team performance.</p><p>Utilized differentiated instruction, curriculum development, parent communication to support key business objectives and improve team performance.</p><p>Education</p><p>Diploma in Design</p></body></html>",TEACHER
210,"Ravi Brown
Summary
Results-driven business development manager with 1 years of experience delivering high-impact outcomes in fast-paced environments.

Skills
account management, lead generation, partnership development, client relationship, salesforce, market research, revenue growth, crm, business development

Experience
Utilized partnership development, business development, market research to support key business objectives and improve team performance.
Utilized business development, account management, salesforce to support key business objectives and improve team performance.
Utilized partnership development, account management, lead generation to support key business objectives and improve team performance.
Utilized salesforce, partnership development, business development to support key business objectives and improve team performance.

Education
Bachelor of Science in Marketing","<html><body><p>Ravi Brown</p><p>Summary</p><p>Results-driven business development manager with 1 years of experience delivering high-impact outcomes in fast-paced environments.</p><p>Skills</p><p>account management, lead generation, partnership development, client relationship, salesforce, market research, revenue growth, crm, business development</p><p>Experience</p><p>Utilized partnership development, business development, market research to support key business objectives and improve team performance.</p><p>Utilized business development, account management, salesforce to support key business objectives and improve team performance.</p><p>Utilized partnership development, account management, lead generation to support key business objectives and improve team performance.</p><p>Utilized salesforce, partnership development, business development to support key business objectives and improve team performance.</p><p>Education</p><p>Bachelor of Science in Marketing</p></body></html>",BUSINESS-DEVELOPMENT
7,"Aisha Chen
Summary
Results-driven software engineer with 7 years of experience delivering high-impact outcomes in fast-paced environments.

Skills
sql, docker, scrum, microservices, rest api, git, cloud computing, agile, ci/cd

Experience
Utilized rest api, cloud computing, git to support key business objectives and improve team performance.
Utilized git, agile, rest api to support key business objectives and improve team performance.
Utilized agile, docker, ci/cd to support key business objectives and improve team performance.
Utilized microservices, docker, scrum to support key business objectives and improve team performance.

Education
MBA in Mechanical Engineering","<html><body><p>Aisha Chen</p><p>Summary</p><p>Results-driven software engineer with 7 years of experience delivering high-impact outcomes in fast-paced environments.</p><p>Skills</p><p>sql, docker, scrum, microservices, rest api, git, cloud computing, agile, ci/cd</p><p>Experience</p><p>Utilized rest api, cloud computing, git to support key business objectives and improve team performance.</p><p>Utilized git, agile, rest api to support key business objectives and improve team performance.</p><p>Utilized agile, docker, ci/cd to support key business objectives and improve team performance.</p><p>Utilized microservices, docker, scrum to support key business objectives and improve team performance.</p><p>Education</p><p>MBA in Mechanical Engineering</p></body></html>",INFORMATION-TECHNOLOGY
395,"Sofia Singh
Summary
Motivated mechanical engineer professional with a proven track record of 9 years managing cross-functional initiatives.

Skills
quality control, solidworks, cad, matlab, six sigma, project management

Experience
Utilized cad, six sigma, matlab to support key business objectives and improve team performance.
Utilized project management, matlab, six sigma to support key business objectives and improve team performance.
Utilized cad, six sigma, matlab to support key business objectives and improve team performance.
Utilized project management, six sigma, quality control to support key business objectives and improve team performance.

Education
Bachelor of Arts in Education","<html><body><p>Sofia Singh</p><p>Summary</p><p>Motivated mechanical engineer professional with a proven track record of 9 years managing cross-functional initiatives.</p><p>Skills</p><p>quality control, solidworks, cad, matlab, six sigma, project management</p><p>Experience</p><p>Utilized cad, six sigma, matlab to support key business objectives and improve team performance.</p><p>Utilized project management, matlab, six sigma to support key business objectives and improve team performance.</p><p>Utilized cad, six sigma, matlab to support key business objectives and improve team performance.</p><p>Utilized project management, six sigma, quality control to support key business objectives and improve team performance.</p><p>Education</p><p>Bachelor of Arts in Education</p></body></html>",ENGINEERING
615,"Ravi Kim
Summary
Detail-oriented construction project manager offering 5+ years of hands-on expertise and a strong record of measurable results.

Skills
osha compliance, site supervision, blueprint reading, cost estimation, subcontractor management, project scheduling

Experience
Utilized project scheduling, subcontractor management, blueprint reading to support key business objectives and improve team performance.
Utilized project scheduling, cost estimation, osha compliance to support key business objectives and improve team performance.
Utilized site supervision, cost estimation, osha compliance to support key business objectives and improve team performance.

Education
Bachelor of Arts in Education","<html><body><p>Ravi Kim</p><p>Summary</p><p>Detail-oriented construction project manager offering 5+ years of hands-on expertise and a strong record of measurable results.</p><p>Skills</p><p>osha compliance, site supervision, blueprint reading, cost estimation, subcontractor management, project scheduling</p><p>Experience</p><p>Utilized project scheduling, subcontractor management, blueprint reading to support key business objectives and improve team performance.</p><p>Utilized project scheduling, cost estimation, osha compliance to support key business objectives and improve team performance.</p><p>Utilized site supervision, cost estimation, osha compliance to support key business objectives and improve team performance.</p><p>Education</p><p>Bachelor of Arts in Education</p></body></html>",CONSTRUCTION
328,"Neha Singh
Summary
Results-driven finance analyst with 1 years of experience delivering high-impact outcomes in fast-paced environments.

Skills
investment analysis, budgeting, excel, financial reporting, forecasting, risk management

Experience
Utilized excel, budgeting, financial reporting to support key business objectives and improve team performance.
Utilized financial reporting, budgeting, excel to support key business objectives and improve team performance.
Utilized risk management, financial reporting, forecasting to support key business objectives and improve team performance.
Utilized investment analysis, forecasting, financial reporting to support key business objectives and improve team performance.

Education
Bachelor of Arts in Accounting","<html><body><p>Neha Singh</p><p>Summary</p><p>Results-driven finance analyst with 1 years of experience delivering high-impact outcomes in fast-paced environments.</p><p>Skills</p><p>investment analysis, budgeting, excel, financial reporting, forecasting, risk management</p><p>Experience</p><p>Utilized excel, budgeting, financial reporting to support key business objectives and improve team performance.</p><p>Utilized financial reporting, budgeting, excel to support key business objectives and improve team performance.</p><p>Utilized risk management, financial reporting, forecasting to support key business objectives and improve team performance.</p><p>Utilized investment analysis, forecasting, financial reporting to support key business objectives and improve team performance.</p><p>Education</p><p>Bachelor of Arts in Accounting</p></body></html>",FINANCE
446,"Liam Sharma
Summary
Results-driven management consultant with 10 years of experience delivering high-impact outcomes in fast-paced environments.

Skills
business case development, project management, stakeholder management, data analysis, process optimization, client presentations, strategy, change management

Experience
Utilized strategy, client presentations, process optimization to support key business objectives and improve team performance.
Utilized client presentations, project management, change management to support key business objectives and improve team performance.
Utilized business case development, process optimization, data analysis to support key business objectives and improve team performance.
Utilized stakeholder management, client presentations, process optimization to support key business objectives and improve team performance.

Education
Diploma in Computer Science","<html><body><p>Liam Sharma</p><p>Summary</p><p>Results-driven management consultant with 10 years of experience delivering high-impact outcomes in fast-paced environments.</p><p>Skills</p><p>business case development, project management, stakeholder management, data analysis, process optimization, client presentations, strategy, change management</p><p>Experience</p><p>Utilized strategy, client presentations, process optimization to support key business objectives and improve team performance.</p><p>Utilized client presentations, project management, change management to support key business objectives and improve team performance.</p><p>Utilized business case development, process optimization, data analysis to support key business objectives and improve team performance.</p><p>Utilized stakeholder management, client presentations, process optimization to support key business objectives and improve team performance.</p><p>Education</p><p>Diploma in Computer Science</p></body></html>",CONSULTANT
321,"Alex Patel
Summary
Detail-oriented finance analyst offering 5+ years of hands-on expertise and a strong record of measurable results.

Skills
financial analysis, excel, financial reporting, investment analysis, financial modeling, risk management, budgeting, variance analysis, forecasting

Experience
Utilized investment analysis, forecasting, excel to support key business objectives and improve team performance.
Utilized risk management, financial analysis, variance analysis to support key business objectives and improve team performance.

Education
Bachelor of Science in Business Administration","<html><body><p>Alex Patel</p><p>Summary</p><p>Detail-oriented finance analyst offering 5+ years of hands-on expertise and a strong record of measurable results.</p><p>Skills</p><p>financial analysis, excel, financial reporting, investment analysis, financial modeling, risk management, budgeting, variance analysis, forecasting</p><p>Experience</p><p>Utilized investment analysis, forecasting, excel to support key business objectives and improve team performance.</p><p>Utilized risk management, financial analysis, variance analysis to support key business objectives and improve team performance.</p><p>Education</p><p>Bachelor of Science in Business Administration</p></body></html>",FINANCE
633,"Jordan Patel
Summary
Motivated construction project manager professional with a proven track record of 8 years managing cross-functional initiatives.

Skills
project scheduling, subcontractor management, osha compliance, cost estimation, site supervision, blueprint reading

Experience
Utilized subcontractor management, site supervision, project scheduling to support key business objectives and improve team performance.
Utilized osha compliance, cost estimation, site supervision to support key business objectives and improve team performance.
Utilized osha compliance, subcontractor management, blueprint reading to support key business objectives and improve team performance.

Education
Bachelor of Engineering in Accounting","<html><body><p>Jordan Patel</p><p>Summary</p><p>Motivated construction project manager professional with a proven track record of 8 years managing cross-functional initiatives.</p><p>Skills</p><p>project scheduling, subcontractor management, osha compliance, cost estimation, site supervision, blueprint reading</p><p>Experience</p><p>Utilized subcontractor management, site supervision, project scheduling to support key business objectives and improve team performance.</p><p>Utilized osha compliance, cost estimation, site supervision to support key business objectives and improve team performance.</p><p>Utilized osha compliance, subcontractor management, blueprint reading to support key business objectives and improve team performance.</p><p>Education</p><p>Bachelor of Engineering in Accounting</p></body></html>",CONSTRUCTION
163,"Neha Singh
Summary
Detail-oriented legal counsel offering 15+ years of hands-on expertise and a strong record of measurable results.

Skills
legal writing, contract review, client counseling, case management, litigation, legal research, compliance

Experience
Utilized litigation, case management, contract review to support key business objectives and improve team performance.
Utilized client counseling, case management, compliance to support key business objectives and improve team performance.
Utilized contract review, case management, legal writing to support key business objectives and improve team performance.
Utilized client counseling, case management, legal research to support key business objectives and improve team performance.

Education
Master of Science in Business Administration","<html><body><p>Neha Singh</p><p>Summary</p><p>Detail-oriented legal counsel offering 15+ years of hands-on expertise and a strong record of measurable results.</p><p>Skills</p><p>legal writing, contract review, client counseling, case management, litigation, legal research, compliance</p><p>Experience</p><p>Utilized litigation, case management, contract review to support key business objectives and improve team performance.</p><p>Utilized client counseling, case management, compliance to support key business objectives and improve team performance.</p><p>Utilized contract review, case management, legal writing to support key business objectives and improve team performance.</p><p>Utilized client counseling, case management, legal research to support key business objectives and improve team performance.</p><p>Education</p><p>Master of Science in Business Administration</p></body></html>",ADVOCATE
140,"Alex Davis
Summary
Motivated educator professional with a proven track record of 15 years managing cross-functional initiatives.

Skills
instructional design, student assessment, tutoring, curriculum development, lesson planning, classroom management, differentiated instruction

Experience
Utilized lesson planning, student assessment, curriculum development to support key business objectives and improve team performance.
Utilized tutoring, classroom management, instructional design to support key business objectives and improve team performance.
Utilized differentiated instruction, student assessment, curriculum development to support key business objectives and improve team performance.
Utilized curriculum development, instructional design, student assessment to support key business objectives and improve team performance.

Education
Bachelor of Arts in Accounting","<html><body><p>Alex Davis</p><p>Summary</p><p>Motivated educator professional with a proven track record of 15 years managing cross-functional initiatives.</p><p>Skills</p><p>instructional design, student assessment, tutoring, curriculum development, lesson planning, classroom management, differentiated instruction</p><p>Experience</p><p>Utilized lesson planning, student assessment, curriculum development to support key business objectives and improve team performance.</p><p>Utilized tutoring, classroom management, instructional design to support key business objectives and improve team performance.</p><p>Utilized differentiated instruction, student assessment, curriculum development to support key business objectives and improve team performance.</p><p>Utilized curriculum development, instructional design, student assessment to support key business objectives and improve team performance.</p><p>Education</p><p>Bachelor of Arts in Accounting</p></body></html>",TEACHER
437,"Ravi Patel
Summary
Detail-oriented accountant offering 3+ years of hands-on expertise and a strong record of measurable results.

Skills
quickbooks, financial statements, general ledger, gaap, accounting, accounts payable, accounts receivable, reconciliation, tax

Experience
Utilized tax, reconciliation, accounts receivable to support key business objectives and improve team performance.
Utilized accounts payable, financial statements, quickbooks to support key business objectives and improve team performance.

Education
Diploma in Marketing","<html><body><p>Ravi Patel</p><p>Summary</p><p>Detail-oriented accountant offering 3+ years of hands-on expertise and a strong record of measurable results.</p><p>Skills</p><p>quickbooks, financial statements, general ledger, gaap, accounting, accounts payable, accounts receivable, reconciliation, tax</p><p>Experience</p><p>Utilized tax, reconciliation, accounts receivable to support key business objectives and improve team performance.</p><p>Utilized accounts payable, financial statements, quickbooks to support key business objectives and improve team performance.</p><p>Education</p><p>Diploma in Marketing</p></body></html>",ACCOUNTANT
43,"Ravi Singh
Summary
Results-driven human resources specialist with 14 years of experience delivering high-impact outcomes in fast-paced environments.

Skills
benefits administration, talent acquisition, recruiting, conflict resolution, training and development, performance management, compensation, hris

Experience
Utilized performance management, recruiting, training and development to support key business objectives and improve team performance.
Utilized compensation, conflict resolution, recruiting to support key business objectives and improve team performance.
Utilized conflict resolution, performance management, talent acquisition to support key business objectives and improve team performance.

Education
Bachelor of Engineering in Accounting","<html><body><p>Ravi Singh</p><p>Summary</p><p>Results-driven human resources specialist with 14 years of experience delivering high-impact outcomes in fast-paced environments.</p><p>Skills</p><p>benefits administration, talent acquisition, recruiting, conflict resolution, training and development, performance management, compensation, hris</p><p>Experience</p><p>Utilized performance management, recruiting, training and development to support key business objectives and improve team performance.</p><p>Utilized compensation, conflict resolution, recruiting to support key business objectives and improve team performance.</p><p>Utilized conflict resolution, performance management, talent acquisition to support key business objectives and improve team performance.</p><p>Education</p><p>Bachelor of Engineering in Accounting</p></body></html>",HR
42,"Wei Lopez
Summary
Motivated human resources specialist professional with a proven track record of 12 years managing cross-functional initiatives.

Skills
performance management, onboarding, payroll, conflict resolution, compensation, recruiting, hris, benefits administration, labor relations, employee relations

Experience
Utilized conflict resolution, benefits administration, payroll to support key business objectives and improve team performance.
Utilized hris, conflict resolution, payroll to support key business objectives and improve team performance.
Utilized onboarding, compensation, hris to support key business objectives and improve team performance.

Education
Bachelor of Engineering in Nursing","<html><body><p>Wei Lopez</p><p>Summary</p><p>Motivated human resources specialist professional with a proven track record of 12 years managing cross-functional initiatives.</p><p>Skills</p><p>performance management, onboarding, payroll, conflict resolution, compensation, recruiting, hris, benefits administration, labor relations, employee relations</p><p>Experience</p><p>Utilized conflict resolution, benefits administration, payroll to support key business objectives and improve team performance.</p><p>Utilized hris, conflict resolution, payroll to support key business objectives and improve team performance.</p><p>Utilized onboarding, compensation, hris to support key business objectives and improve team performance.</p><p>Education</p><p>Bachelor of Engineering in Nursing</p></body></html>",HR
73,"Neha Lopez
Summary
Motivated human resources specialist professional with a proven track record of 3 years managing cross-functional initiatives.

Skills
hris, benefits administration, onboarding, conflict resolution, labor relations, employee relations, recruiting, compensation, performance management

Experience
Utilized employee relations, hris, conflict resolution to support key business objectives and improve team performance.
Utilized hris, recruiting, labor relations to support key business objectives and improve team performance.
Utilized employee relations, conflict resolution, compensation to support key business objectives and improve team performance.

Education
Bachelor of Science in Mechanical Engineering","<html><body><p>Neha Lopez</p><p>Summary</p><p>Motivated human resources specialist professional with a proven track record of 3 years managing cross-functional initiatives.</p><p>Skills</p><p>hris, benefits administration, onboarding, conflict resolution, labor relations, employee relations, recruiting, compensation, performance management</p><p>Experience</p><p>Utilized employee relations, hris, conflict resolution to support key business objectives and improve team performance.</p><p>Utilized hris, recruiting, labor relations to support key business objectives and improve team performance.</p><p>Utilized employee relations, conflict resolution, compensation to support key business objectives and improve team performance.</p><p>Education</p><p>Bachelor of Science in Mechanical Engineering</p></body></html>",HR
165,"Jordan Singh
Summary
Results-driven legal counsel with 3 years of experience delivering high-impact outcomes in fast-paced environments.

Skills
regulatory filings, compliance, client counseling, legal research, litigation, negotiation, westlaw, case management, legal writing

Experience
Utilized regulatory filings, westlaw, legal writing to support key business objectives and improve team performance.
Utilized westlaw, legal research, legal writing to support key business objectives and improve team performance.

Education
Bachelor of Arts in Mechanical Engineering","<html><body><p>Jordan Singh</p><p>Summary</p><p>Results-driven legal counsel with 3 years of experience delivering high-impact outcomes in fast-paced environments.</p><p>Skills</p><p>regulatory filings, compliance, client counseling, legal research, litigation, negotiation, westlaw, case management, legal writing</p><p>Experience</p><p>Utilized regulatory filings, westlaw, legal writing to support key business objectives and improve team performance.</p><p>Utilized westlaw, legal research, legal writing to support key business objectives and improve team performance.</p><p>Education</p><p>Bachelor of Arts in Mechanical Engineering</p></body></html>",ADVOCATE
573,"Priya Johnson
Summary
Results-driven banking associate with 1 years of experience delivering high-impact outcomes in fast-paced environments.

Skills
loan processing, credit analysis, customer relationship management, compliance, risk assessment, kyc, underwriting

Experience
Utilized credit analysis, underwriting, kyc to support key business objectives and improve team performance.
Utilized compliance, loan processing, customer relationship management to support key business objectives and improve team performance.
Utilized loan processing, underwriting, credit analysis to support key business objectives and improve team performance.
Utilized risk assessment, compliance, kyc to support key business objectives and improve team performance.

Education
Bachelor of Arts in Business Administration","<html><body><p>Priya Johnson</p><p>Summary</p><p>Results-driven banking associate with 1 years of experience delivering high-impact outcomes in fast-paced environments.</p><p>Skills</p><p>loan processing, credit analysis, customer relationship management, compliance, risk assessment, kyc, underwriting</p><p>Experience</p><p>Utilized credit analysis, underwriting, kyc to support key business objectives and improve team performance.</p><p>Utilized compliance, loan processing, customer relationship management to support key business objectives and improve team performance.</p><p>Utilized loan processing, underwriting, credit analysis to support key business objectives and improve team performance.</p><p>Utilized risk assessment, compliance, kyc to support key business objectives and improve team performance.</p><p>Education</p><p>Bachelor of Arts in Business Administration</p></body></html>",BANKING
66,"Grace Davis
Summary
Detail-oriented human resources specialist offering 11+ years of hands-on expertise and a strong record of measurable results.

Skills
employee relations, conflict resolution, compensation, labor relations, benefits administration, hris

Experience
Utilized labor relations, employee relations, hris to support key business objectives and improve team performance.
Utilized labor relations, compensation, benefits administration to support key business objectives and improve team performance.

Education
Master of Science in Education","<html><body><p>Grace Davis</p><p>Summary</p><p>Detail-oriented human resources specialist offering 11+ years of hands-on expertise and a strong record of measurable results.</p><p>Skills</p><p>employee relations, conflict resolution, compensation, labor relations, benefits administration, hris</p><p>Experience</p><p>Utilized labor relations, employee relations, hris to support key business objectives and improve team performance.</p><p>Utilized labor relations, compensation, benefits administration to support key business objectives and improve team performance.</p><p>Education</p><p>Master of Science in Education</p></body></html>",HR
11,"Liam Khan
Summary
Detail-oriented software engineer offering 12+ years of hands-on expertise and a strong record of measurable results.

Skills
django, python, react, docker, scrum, rest api, machine learning

Experience
Utilized python, react, machine learning to support key business objectives and improve team performance.
Utilized django, scrum, rest api to support key business objectives and improve team performance.

Education
Diploma in Nursing","<html><body><p>Liam Khan</p><p>Summary</p><p>Detail-oriented software engineer offering 12+ years of hands-on expertise and a strong record of measurable results.</p><p>Skills</p><p>django, python, react, docker, scrum, rest api, machine learning</p><p>Experience</p><p>Utilized python, react, machine learning to support key business objectives and improve team performance.</p><p>Utilized django, scrum, rest api to support key business objectives and improve team performance.</p><p>Education</p><p>Diploma in Nursing</p></body></html>",INFORMATION-TECHNOLOGY
213,"Liam Johnson
Summary
Motivated business development manager professional with a proven track record of 5 years managing cross-functional initiatives.

Skills
partnership development, market research, account management, negotiation, client relationship, revenue growth, business development

Experience
Utilized client relationship, business development, negotiation to support key business objectives and improve team performance.
Utilized account management, market research, partnership development to support key business objectives and improve team performance.
Utilized revenue growth, business development, partnership development to support key business objectives and improve team performance.

Education
Bachelor of Arts in Business Administration","<html><body><p>Liam Johnson</p><p>Summary</p><p>Motivated business development manager professional with a proven track record of 5 years managing cross-functional initiatives.</p><p>Skills</p><p>partnership development, market research, account management, negotiation, client relationship, revenue growth, business development</p><p>Experience</p><p>Utilized client relationship, business development, negotiation to support key business objectives and improve team performance.</p><p>Utilized account management, market research, partnership development to support key business objectives and improve team performance.</p><p>Utilized revenue growth, business development, partnership development to support key business objectives and improve team performance.</p><p>Education</p><p>Bachelor of Arts in Business Administration</p></body></html>",BUSINESS-DEVELOPMENT
408,"Ravi Kim
Summary
Motivated accountant professional with a proven track record of 3 years managing cross-functional initiatives.

Skills
quickbooks, reconciliation, auditing, bookkeeping, accounts receivable, accounting

Experience
Utilized accounting, quickbooks, reconciliation to support key business objectives and improve team performance.
Utilized bookkeeping, quickbooks, accounts receivable to support key business objectives and improve team performance.

Education
Master of Science in Marketing","<html><body><p>Ravi Kim</p><p>Summary</p><p>Motivated accountant professional with a proven track record of 3 years managing cross-functional initiatives.</p><p>Skills</p><p>quickbooks, reconciliation, auditing, bookkeeping, accounts receivable, accounting</p><p>Experience</p><p>Utilized accounting, quickbooks, reconciliation to support key business objectives and improve team performance.</p><p>Utilized bookkeeping, quickbooks, accounts receivable to support key business objectives and improve team performance.</p><p>Education</p><p>Master of Science in Marketing</p></body></html>",ACCOUNTANT
336,"Aisha Patel
Summary
Motivated finance analyst professional with a proven track record of 15 years managing cross-functional initiatives.

Skills
forecasting, financial analysis, risk management, excel, variance analysis, financial modeling, investment analysis, budgeting, financial reporting

Experience
Utilized risk management, excel, forecasting to support key business objectives and improve team performance.
Utilized financial reporting, financial analysis, variance analysis to support key business objectives and improve team performance.
Utilized financial reporting, variance analysis, excel to support key business objectives and improve team performance.

Education
Master of Science in Business Administration","<html><body><p>Aisha Patel</p><p>Summary</p><p>Motivated finance analyst professional with a proven track record of 15 years managing cross-functional initiatives.</p><p>Skills</p><p>forecasting, financial analysis, risk management, excel, variance analysis, financial modeling, investment analysis, budgeting, financial reporting</p><p>Experience</p><p>Utilized risk management, excel, forecasting to support key business objectives and improve team performance.</p><p>Utilized financial reporting, financial analysis, variance analysis to support key business objectives and improve team performance.</p><p>Utilized financial reporting, variance analysis, excel to support key business objectives and improve team performance.</p><p>Education</p><p>Master of Science in Business Administration</p></body></html>",FINANCE
248,"Priya Lopez
Summary
Detail-oriented healthcare professional offering 10+ years of hands-on expertise and a strong record of measurable results.

Skills
triage, medication administration, hipaa, vital signs monitoring, healthcare compliance, ehr, emr

Experience
Utilized triage, hipaa, vital signs monitoring to support key business objectives and improve team performance.
Utilized hipaa, ehr, healthcare compliance to support key business objectives and improve team performance.

Education
MBA in Mechanical Engineering","<html><body><p>Priya Lopez</p><p>Summary</p><p>Detail-oriented healthcare professional offering 10+ years of hands-on expertise and a strong record of measurable results.</p><p>Skills</p><p>triage, medication administration, hipaa, vital signs monitoring, healthcare compliance, ehr, emr</p><p>Experience</p><p>Utilized triage, hipaa, vital signs monitoring to support key business objectives and improve team performance.</p><p>Utilized hipaa, ehr, healthcare compliance to support key business objectives and improve team performance.</p><p>Education</p><p>MBA in Mechanical Engineering</p></body></html>",HEALTHCARE
404,"Omar Nguyen
Summary
Detail-oriented accountant offering 15+ years of hands-on expertise and a strong record of measurable results.

Skills
financial statements, gaap, accounts payable, tax, accounting, bookkeeping, general ledger, reconciliation, accounts receivable, quickbooks

Experience
Utilized quickbooks, financial statements, gaap to support key business objectives and improve team performance.
Utilized accounting, reconciliation, bookkeeping to support key business objectives and improve team performance.
Utilized accounting, general ledger, accounts payable to support key business objectives and improve team performance.

Education
Bachelor of Engineering in Nursing","<html><body><p>Omar Nguyen</p><p>Summary</p><p>Detail-oriented accountant offering 15+ years of hands-on expertise and a strong record of measurable results.</p><p>Skills</p><p>financial statements, gaap, accounts payable, tax, accounting, bookkeeping, general ledger, reconciliation, accounts receivable, quickbooks</p><p>Experience</p><p>Utilized quickbooks, financial statements, gaap to support key business objectives and improve team performance.</p><p>Utilized accounting, reconciliation, bookkeeping to support key business objectives and improve team performance.</p><p>Utilized accounting, general ledger, accounts payable to support key business objectives and improve team performance.</p><p>Education</p><p>Bachelor of Engineering in Nursing</p></body></html>",ACCOUNTANT
452,"Priya Chen
Summary
Detail-oriented management consultant offering 3+ years of hands-on expertise and a strong record of measurable results.

Skills
stakeholder management, data analysis, project management, strategy, client presentations, process optimization, business case development, change management

Experience
Utilized client presentations, business case development, stakeholder management to support key business objectives and improve team performance.
Utilized client presentations, process optimization, data analysis to support key business objectives and improve team performance.

Education
MBA in Marketing","<html><body><p>Priya Chen</p><p>Summary</p><p>Detail-oriented management consultant offering 3+ years of hands-on expertise and a strong record of measurable results.</p><p>Skills</p><p>stakeholder management, data analysis, project management, strategy, client presentations, process optimization, business case development, change management</p><p>Experience</p><p>Utilized client presentations, business case development, stakeholder management to support key business objectives and improve team performance.</p><p>Utilized client presentations, process optimization, data analysis to support key business objectives and improve team performance.</p><p>Education</p><p>MBA in Marketing</p></body></html>",CONSULTANT
377,"Priya Garcia
Summary
Detail-oriented mechanical engineer offering 13+ years of hands-on expertise and a strong record of measurable results.

Skills
solidworks, process improvement, cad, six sigma, quality control, manufacturing, project management, autocad, matlab

Experience
Utilized matlab, project management, solidworks to support key business objectives and improve team performance.
Utilized quality control, solidworks, cad to support key business objectives and improve team performance.
Utilized autocad, project management, solidworks to support key business objectives and improve team performance.

Education
MBA in Mechanical Engineering","<html><body><p>Priya Garcia</p><p>Summary</p><p>Detail-oriented mechanical engineer offering 13+ years of hands-on expertise and a strong record of measurable results.</p><p>Skills</p><p>solidworks, process improvement, cad, six sigma, quality control, manufacturing, project management, autocad, matlab</p><p>Experience</p><p>Utilized matlab, project management, solidworks to support key business objectives and improve team performance.</p><p>Utilized quality control, solidworks, cad to support key business objectives and improve team performance.</p><p>Utilized autocad, project management, solidworks to support key business objectives and improve team performance.</p><p>Education</p><p>MBA in Mechanical Engineering</p></body></html>",ENGINEERING
83,"Alex Nguyen
Summary
Detail-oriented product designer offering 9+ years of hands-on expertise and a strong record of measurable results.

Skills
prototyping, sketch, illustrator, typography, figma, graphic design, ux design, wireframing

Experience
Utilized illustrator, figma, prototyping to support key business objectives and improve team performance.
Utilized sketch, illustrator, typography to support key business objectives and improve team performance.
Utilized wireframing, figma, typography to support key business objectives and improve team performance.
Utilized ux design, wireframing, figma to support key business objectives and improve team performance.

Education
Master of Science in Nursing","<html><body><p>Alex Nguyen</p><p>Summary</p><p>Detail-oriented product designer offering 9+ years of hands-on expertise and a strong record of measurable results.</p><p>Skills</p><p>prototyping, sketch, illustrator, typography, figma, graphic design, ux design, wireframing</p><p>Experience</p><p>Utilized illustrator, figma, prototyping to support key business objectives and improve team performance.</p><p>Utilized sketch, illustrator, typography to support key business objectives and improve team performance.</p><p>Utilized wireframing, figma, typography to support key business objectives and improve team performance.</p><p>Utilized ux design, wireframing, figma to support key business objectives and improve team performance.</p><p>Education</p><p>Master of Science in Nursing</p></body></html>",DESIGNER
465,"Aisha Sharma
Summary
Detail-oriented management consultant offering 2+ years of hands-on expertise and a strong record of measurable results.

Skills
strategy, process optimization, stakeholder management, client presentations, business case development, data analysis, change management, project management

Experience
Utilized change management, process optimization, strategy to support key business objectives and improve team performance.
Utilized client presentations, strategy, process optimization to support key business objectives and improve team performance.
Utilized change management, client presentations, process optimization to support key business objectives and improve team performance.
Utilized data analysis, project management, stakeholder management to support key business objectives and improve team performance.

Education
Master of Science in Business Administration","<html><body><p>Aisha Sharma</p><p>Summary</p><p>Detail-oriented management consultant offering 2+ years of hands-on expertise and a strong record of measurable results.</p><p>Skills</p><p>strategy, process optimization, stakeholder management, client presentations, business case development, data analysis, change management, project management</p><p>Experience</p><p>Utilized change management, process optimization, strategy to support key business objectives and improve team performance.</p><p>Utilized client presentations, strategy, process optimization to support key business objectives and improve team performance.</p><p>Utilized change management, client presentations, process optimization to support key business objectives and improve team performance.</p><p>Utilized data analysis, project management, stakeholder management to support key business objectives and improve team performance.</p><p>Education</p><p>Master of Science in Business Administration</p></body></html>",CONSULTANT
305,"Liam Kim
Summary
Detail-oriented sales representative offering 12+ years of hands-on expertise and a strong record of measurable results.

Skills
client relationship, sales, cold calling, crm, negotiation, quota attainment, salesforce, closing deals

Experience
Utilized sales, negotiation, cold calling to support key business objectives and improve team performance.
Utilized client relationship, negotiation, quota attainment to support key business objectives and improve team performance.
Utilized quota attainment, client relationship, salesforce to support key business objectives and improve team performance.
Utilized salesforce, cold calling, crm to support key business objectives and improve team performance.

Education
MBA in Mechanical Engineering","<html><body><p>Liam Kim</p><p>Summary</p><p>Detail-oriented sales representative offering 12+ years of hands-on expertise and a strong record of measurable results.</p><p>Skills</p><p>client relationship, sales, cold calling, crm, negotiation, quota attainment, salesforce, closing deals</p><p>Experience</p><p>Utilized sales, negotiation, cold calling to support key business objectives and improve team performance.</p><p>Utilized client relationship, negotiation, quota attainment to support key business objectives and improve team performance.</p><p>Utilized quota attainment, client relationship, salesforce to support key business objectives and improve team performance.</p><p>Utilized salesforce, cold calling, crm to support key business objectives and improve team performance.</p><p>Education</p><p>MBA in Mechanical Engineering</p></body></html>",SALES
547,"Aisha Chen
Summary
Results-driven aviation operations coordinator with 5 years of experience delivering high-impact outcomes in fast-paced environments.

Skills
aircraft maintenance, ground operations, logistics coordination, faa regulations, safety compliance, flight operations

Experience
Utilized ground operations, faa regulations, logistics coordination to support key business objectives and improve team performance.
Utilized flight operations, aircraft maintenance, ground operations to support key business objectives and improve team performance.
Utilized faa regulations, flight operations, logistics coordination to support key business objectives and improve team performance.

Education
Master of Science in Mechanical Engineering","<html><body><p>Aisha Chen</p><p>Summary</p><p>Results-driven aviation operations coordinator with 5 years of experience delivering high-impact outcomes in fast-paced environments.</p><p>Skills</p><p>aircraft maintenance, ground operations, logistics coordination, faa regulations, safety compliance, flight operations</p><p>Experience</p><p>Utilized ground operations, faa regulations, logistics coordination to support key business objectives and improve team performance.</p><p>Utilized flight operations, aircraft maintenance, ground operations to support key business objectives and improve team performance.</p><p>Utilized faa regulations, flight operations, logistics coordination to support key business objectives and improve team performance.</p><p>Education</p><p>Master of Science in Mechanical Engineering</p></body></html>",AVIATION
79,"Emma Brown
Summary
Motivated human resources specialist professional with a proven track record of 2 years managing cross-functional initiatives.

Skills
hris, employee relations, compensation, labor relations, training and development, performance management, talent acquisition, conflict resolution, recruiting

Experience
Utilized training and development, performance management, hris to support key business objectives and improve team performance.
Utilized employee relations, performance management, conflict resolution to support key business objectives and improve team performance.
Utilized training and development, recruiting, labor relations to support key business objectives and improve team performance.
Utilized talent acquisition, compensation, performance management to support key business objectives and improve team performance.

Education
MBA in Marketing","<html><body><p>Emma Brown</p><p>Summary</p><p>Motivated human resources specialist professional with a proven track record of 2 years managing cross-functional initiatives.</p><p>Skills</p><p>hris, employee relations, compensation, labor relations, training and development, performance management, talent acquisition, conflict resolution, recruiting</p><p>Experience</p><p>Utilized training and development, performance management, hris to support key business objectives and improve team performance.</p><p>Utilized employee relations, performance management, conflict resolution to support key business objectives and improve team performance.</p><p>Utilized training and development, recruiting, labor relations to support key business objectives and improve team performance.</p><p>Utilized talent acquisition, compensation, performance management to support key business objectives and improve team performance.</p><p>Education</p><p>MBA in Marketing</p></body></html>",HR
23,"Taylor Singh
Summary
Detail-oriented software engineer offering 11+ years of hands-on expertise and a strong record of measurable results.

Skills
kubernetes, cloud computing, python, git, aws, java, rest api

Experience
Utilized aws, java, rest api to support key business objectives and improve team performance.
Utilized git, aws, rest api to support key business objectives and improve team performance.
Utilized cloud computing, java, git to support key business objectives and improve team performance.

Education
MBA in Education","<html><body><p>Taylor Singh</p><p>Summary</p><p>Detail-oriented software engineer offering 11+ years of hands-on expertise and a strong record of measurable results.</p><p>Skills</p><p>kubernetes, cloud computing, python, git, aws, java, rest api</p><p>Experience</p><p>Utilized aws, java, rest api to support key business objectives and improve team performance.</p><p>Utilized git, aws, rest api to support key business objectives and improve team performance.</p><p>Utilized cloud computing, java, git to support key business objectives and improve team performance.</p><p>Education</p><p>MBA in Education</p></body></html>",INFORMATION-TECHNOLOGY
605,"Sofia Johnson
Summary
Results-driven construction project manager with 5 years of experience delivering high-impact outcomes in fast-paced environments.

Skills
site supervision, osha compliance, blueprint reading, project scheduling, subcontractor management, cost estimation

Experience
Utilized project scheduling, cost estimation, osha compliance to support key business objectives and improve team performance.
Utilized cost estimation, subcontractor management, project scheduling to support key business objectives and improve team performance.
Utilized osha compliance, cost estimation, project scheduling to support key business objectives and improve team performance.
Utilized subcontractor management, site supervision, blueprint reading to support key business objectives and improve team performance.

Education
Bachelor of Science in Mechanical Engineering","<html><body><p>Sofia Johnson</p><p>Summary</p><p>Results-driven construction project manager with 5 years of experience delivering high-impact outcomes in fast-paced environments.</p><p>Skills</p><p>site supervision, osha compliance, blueprint reading, project scheduling, subcontractor management, cost estimation</p><p>Experience</p><p>Utilized project scheduling, cost estimation, osha compliance to support key business objectives and improve team performance.</p><p>Utilized cost estimation, subcontractor management, project scheduling to support key business objectives and improve team performance.</p><p>Utilized osha compliance, cost estimation, project scheduling to support key business objectives and improve team performance.</p><p>Utilized subcontractor management, site supervision, blueprint reading to support key business objectives and improve team performance.</p><p>Education</p><p>Bachelor of Science in Mechanical Engineering</p></body></html>",CONSTRUCTION
329,"Grace Brown
Summary
Detail-oriented finance analyst offering 10+ years of hands-on expertise and a strong record of measurable results.

Skills
financial reporting, variance analysis, excel, financial modeling, budgeting, financial analysis, risk management, forecasting, investment analysis

Experience
Utilized financial reporting, investment analysis, budgeting to support key business objectives and improve team performance.
Utilized financial reporting, excel, risk management to support key business objectives and improve team performance.
Utilized financial analysis, investment analysis, risk management to support key business objectives and improve team performance.

Education
Master of Science in Finance","<html><body><p>Grace Brown</p><p>Summary</p><p>Detail-oriented finance analyst offering 10+ years of hands-on expertise and a strong record of measurable results.</p><p>Skills</p><p>financial reporting, variance analysis, excel, financial modeling, budgeting, financial analysis, risk management, forecasting, investment analysis</p><p>Experience</p><p>Utilized financial reporting, investment analysis, budgeting to support key business objectives and improve team performance.</p><p>Utilized financial reporting, excel, risk management to support key business objectives and improve team performance.</p><p>Utilized financial analysis, investment analysis, risk management to support key business objectives and improve team performance.</p><p>Education</p><p>Master of Science in Finance</p></body></html>",FINANCE
311,"Taylor Nguyen
Summary
Detail-oriented sales representative offering 8+ years of hands-on expertise and a strong record of measurable results.

Skills
quota attainment, client relationship, upselling, closing deals, cold calling, negotiation, sales, prospecting, salesforce, crm

Experience
Utilized client relationship, quota attainment, sales to support key business objectives and improve team performance.
Utilized prospecting, upselling, crm to support key business objectives and improve team performance.
Utilized negotiation, upselling, quota attainment to support key business objectives and improve team performance.

Education
Bachelor of Arts in Accounting","<html><body><p>Taylor Nguyen</p><p>Summary</p><p>Detail-oriented sales representative offering 8+ years of hands-on expertise and a strong record of measurable results.</p><p>Skills</p><p>quota attainment, client relationship, upselling, closing deals, cold calling, negotiation, sales, prospecting, salesforce, crm</p><p>Experience</p><p>Utilized client relationship, quota attainment, sales to support key business objectives and improve team performance.</p><p>Utilized prospecting, upselling, crm to support key business objectives and improve team performance.</p><p>Utilized negotiation, upselling, quota attainment to support key business objectives and improve team performance.</p><p>Education</p><p>Bachelor of Arts in Accounting</p></body></html>",SALES
362,"Noah Sharma
Summary
Detail-oriented mechanical engineer offering 13+ years of hands-on expertise and a strong record of measurable results.

Skills
solidworks, six sigma, root cause analysis, matlab, quality control, manufacturing, cad, process improvement, project management

Experience
Utilized project management, six sigma, manufacturing to support key business objectives and improve team performance.
Utilized solidworks, process improvement, cad to support key business objectives and improve team performance.
Utilized process improvement, six sigma, solidworks to support key business objectives and improve team performance.
Utilized six sigma, solidworks, quality control to support key business objectives and improve team performance.

Education
Master of Science in Marketing","<html><body><p>Noah Sharma</p><p>Summary</p><p>Detail-oriented mechanical engineer offering 13+ years of hands-on expertise and a strong record of measurable results.</p><p>Skills</p><p>solidworks, six sigma, root cause analysis, matlab, quality control, manufacturing, cad, process improvement, project management</p><p>Experience</p><p>Utilized project management, six sigma, manufacturing to support key business objectives and improve team performance.</p><p>Utilized solidworks, process improvement, cad to support key business objectives and improve team performance.</p><p>Utilized process improvement, six sigma, solidworks to support key business objectives and improve team performance.</p><p>Utilized six sigma, solidworks, quality control to support key business objectives and improve team performance.</p><p>Education</p><p>Master of Science in Marketing</p></body></html>",ENGINEERING
451,"Jordan Sharma
Summary
Results-driven management consultant with 3 years of experience delivering high-impact outcomes in fast-paced environments.

Skills
change management, project management, data analysis, client presentations, business case development, stakeholder management, strategy

Experience
Utilized strategy, stakeholder management, project management to support key business objectives and improve team performance.
Utilized change management, stakeholder management, data analysis to support key business objectives and improve team performance.

Education
Master of Science in Accounting","<html><body><p>Jordan Sharma</p><p>Summary</p><p>Results-driven management consultant with 3 years of experience delivering high-impact outcomes in fast-paced environments.</p><p>Skills</p><p>change management, project management, data analysis, client presentations, business case development, stakeholder management, strategy</p><p>Experience</p><p>Utilized strategy, stakeholder management, project management to support key business objectives and improve team performance.</p><p>Utilized change management, stakeholder management, data analysis to support key business objectives and improve team performance.</p><p>Education</p><p>Master of Science in Accounting</p></body></html>",CONSULTANT
290,"Jordan Sharma
Summary
Results-driven sales representative with 2 years of experience delivering high-impact outcomes in fast-paced environments.

Skills
cold calling, quota attainment, prospecting, closing deals, upselling, sales, crm, salesforce, client relationship

Experience
Utilized cold calling, salesforce, quota attainment to support key business objectives and improve team performance.
Utilized cold calling, client relationship, sales to support key business objectives and improve team performance.
Utilized crm, upselling, quota attainment to support key business objectives and improve team performance.

Education
MBA in Finance","<html><body><p>Jordan Sharma</p><p>Summary</p><p>Results-driven sales representative with 2 years of experience delivering high-impact outcomes in fast-paced environments.</p><p>Skills</p><p>cold calling, quota attainment, prospecting, closing deals, upselling, sales, crm, salesforce, client relationship</p><p>Experience</p><p>Utilized cold calling, salesforce, quota attainment to support key business objectives and improve team performance.</p><p>Utilized cold calling, client relationship, sales to support key business objectives and improve team performance.</p><p>Utilized crm, upselling, quota attainment to support key business objectives and improve team performance.</p><p>Education</p><p>MBA in Finance</p></body></html>",SALES
137,"Jordan Johnson
Summary
Results-driven educator with 10 years of experience delivering high-impact outcomes in fast-paced environments.

Skills
instructional design, special education, tutoring, curriculum development, parent communication, student assessment, differentiated instruction, lesson planning

Experience
Utilized instructional design, student assessment, tutoring to support key business objectives and improve team performance.
Utilized special education, differentiated instruction, curriculum development to support key business objectives and improve team performance.

Education
MBA in Nursing","<html><body><p>Jordan Johnson</p><p>Summary</p><p>Results-driven educator with 10 years of experience delivering high-impact outcomes in fast-paced environments.</p><p>Skills</p><p>instructional design, special education, tutoring, curriculum development, parent communication, student assessment, differentiated instruction, lesson planning</p><p>Experience</p><p>Utilized instructional design, student assessment, tutoring to support key business objectives and improve team performance.</p><p>Utilized special education, differentiated instruction, curriculum development to support key business objectives and improve team performance.</p><p>Education</p><p>MBA in Nursing</p></body></html>",TEACHER
467,"Sofia Patel
Summary
Motivated management consultant professional with a proven track record of 5 years managing cross-functional initiatives.

Skills
change management, client presentations, process optimization, data analysis, business case development, strategy, project management, stakeholder management

Experience
Utilized client presentations, project management, change management to support key business objectives and improve team performance.
Utilized process optimization, project management, strategy to support key business objectives and improve team performance.
Utilized process optimization, stakeholder management, client presentations to support key business objectives and improve team performance.

Education
Diploma in Education","<html><body><p>Sofia Patel</p><p>Summary</p><p>Motivated management consultant professional with a proven track record of 5 years managing cross-functional initiatives.</p><p>Skills</p><p>change management, client presentations, process optimization, data analysis, business case development, strategy, project management, stakeholder management</p><p>Experience</p><p>Utilized client presentations, project management, change management to support key business objectives and improve team performance.</p><p>Utilized process optimization, project management, strategy to support key business objectives and improve team performance.</p><p>Utilized process optimization, stakeholder management, client presentations to support key business objectives and improve team performance.</p><p>Education</p><p>Diploma in Education</p></body></html>",CONSULTANT
450,"Priya Kim
Summary
Results-driven management consultant with 1 years of experience delivering high-impact outcomes in fast-paced environments.

Skills
strategy, process optimization, business case development, data analysis, stakeholder management, project management, client presentations, change management

Experience
Utilized project management, strategy, process optimization to support key business objectives and improve team performance.
Utilized data analysis, change management, project management to support key business objectives and improve team performance.
Utilized stakeholder management, strategy, data analysis to support key business objectives and improve team performance.
Utilized change management, stakeholder management, data analysis to support key business objectives and improve team performance.

Education
Bachelor of Engineering in Design","<html><body><p>Priya Kim</p><p>Summary</p><p>Results-driven management consultant with 1 years of experience delivering high-impact outcomes in fast-paced environments.</p><p>Skills</p><p>strategy, process optimization, business case development, data analysis, stakeholder management, project management, client presentations, change management</p><p>Experience</p><p>Utilized project management, strategy, process optimization to support key business objectives and improve team performance.</p><p>Utilized data analysis, change management, project management to support key business objectives and improve team performance.</p><p>Utilized stakeholder management, strategy, data analysis to support key business objectives and improve team performance.</p><p>Utilized change management, stakeholder management, data analysis to support key business objectives and improve team performance.</p><p>Education</p><p>Bachelor of Engineering in Design</p></body></html>",CONSULTANT
192,"Grace Chen
Summary
Detail-oriented legal counsel offering 11+ years of hands-on expertise and a strong record of measurable results.

Skills
negotiation, regulatory filings, westlaw, client counseling, litigation, legal research, compliance

Experience
Utilized compliance, client counseling, negotiation to support key business objectives and improve team performance.
Utilized litigation, negotiation, legal research to support key business objectives and improve team performance.
Utilized client counseling, regulatory filings, negotiation to support key business objectives and improve team performance.

Education
Bachelor of Engineering in Accounting","<html><body><p>Grace Chen</p><p>Summary</p><p>Detail-oriented legal counsel offering 11+ years of hands-on expertise and a strong record of measurable results.</p><p>Skills</p><p>negotiation, regulatory filings, westlaw, client counseling, litigation, legal research, compliance</p><p>Experience</p><p>Utilized compliance, client counseling, negotiation to support key business objectives and improve team performance.</p><p>Utilized litigation, negotiation, legal research to support key business objectives and improve team performance.</p><p>Utilized client counseling, regulatory filings, negotiation to support key business objectives and improve team performance.</p><p>Education</p><p>Bachelor of Engineering in Accounting</p></body></html>",ADVOCATE
571,"Alex Kim
Summary
Results-driven banking associate with 12 years of experience delivering high-impact outcomes in fast-paced environments.

Skills
kyc, compliance, credit analysis, customer relationship management, risk assessment, loan processing

Experience
Utilized customer relationship management, credit analysis, kyc to support key business objectives and improve team performance.
Utilized kyc, risk assessment, customer relationship management to support key business objectives and improve team performance.
Utilized risk assessment, compliance, kyc to support key business objectives and improve team performance.
Utilized credit analysis, risk assessment, compliance to support key business objectives and improve team performance.

Education
Bachelor of Arts in Business Administration","<html><body><p>Alex Kim</p><p>Summary</p><p>Results-driven banking associate with 12 years of experience delivering high-impact outcomes in fast-paced environments.</p><p>Skills</p><p>kyc, compliance, credit analysis, customer relationship management, risk assessment, loan processing</p><p>Experience</p><p>Utilized customer relationship management, credit analysis, kyc to support key business objectives and improve team performance.</p><p>Utilized kyc, risk assessment, customer relationship management to support key business objectives and improve team performance.</p><p>Utilized risk assessment, compliance, kyc to support key business objectives and improve team performance.</p><p>Utilized credit analysis, risk assessment, compliance to support key business objectives and improve team performance.</p><p>Education</p><p>Bachelor of Arts in Business Administration</p></body></html>",BANKING
9,"Neha Khan
Summary
Detail-oriented software engineer offering 1+ years of hands-on expertise and a strong record of measurable results.

Skills
aws, scrum, microservices, react, kubernetes, machine learning, ci/cd

Experience
Utilized react, machine learning, microservices to support key business objectives and improve team performance.
Utilized ci/cd, aws, scrum to support key business objectives and improve team performance.

Education
Diploma in Business Administration","<html><body><p>Neha Khan</p><p>Summary</p><p>Detail-oriented software engineer offering 1+ years of hands-on expertise and a strong record of measurable results.</p><p>Skills</p><p>aws, scrum, microservices, react, kubernetes, machine learning, ci/cd</p><p>Experience</p><p>Utilized react, machine learning, microservices to support key business objectives and improve team performance.</p><p>Utilized ci/cd, aws, scrum to support key business objectives and improve team performance.</p><p>Education</p><p>Diploma in Business Administration</p></body></html>",INFORMATION-TECHNOLOGY
318,"Noah Johnson
Summary
Motivated sales representative professional with a proven track record of 9 years managing cross-functional initiatives.

Skills
upselling, salesforce, cold calling, closing deals, client relationship, negotiation, sales, quota attainment

Experience
Utilized negotiation, upselling, client relationship to support key business objectives and improve team performance.
Utilized negotiation, sales, salesforce to support key business objectives and improve team performance.
Utilized upselling, salesforce, client relationship to support key business objectives and improve team performance.

Education
Master of Science in Finance","<html><body><p>Noah Johnson</p><p>Summary</p><p>Motivated sales representative professional with a proven track record of 9 years managing cross-functional initiatives.</p><p>Skills</p><p>upselling, salesforce, cold calling, closing deals, client relationship, negotiation, sales, quota attainment</p><p>Experience</p><p>Utilized negotiation, upselling, client relationship to support key business objectives and improve team performance.</p><p>Utilized negotiation, sales, salesforce to support key business objectives and improve team performance.</p><p>Utilized upselling, salesforce, client relationship to support key business objectives and improve team performance.</p><p>Education</p><p>Master of Science in Finance</p></body></html>",SALES
264,"Liam Johnson
Summary
Detail-oriented healthcare professional offering 3+ years of hands-on expertise and a strong record of measurable results.

Skills
patient care, healthcare compliance, emr, ehr, vital signs monitoring, medical records, triage

Experience
Utilized ehr, medical records, vital signs monitoring to support key business objectives and improve team performance.
Utilized emr, patient care, medical records to support key business objectives and improve team performance.

Education
Master of Science in Accounting","<html><body><p>Liam Johnson</p><p>Summary</p><p>Detail-oriented healthcare professional offering 3+ years of hands-on expertise and a strong record of measurable results.</p><p>Skills</p><p>patient care, healthcare compliance, emr, ehr, vital signs monitoring, medical records, triage</p><p>Experience</p><p>Utilized ehr, medical records, vital signs monitoring to support key business objectives and improve team performance.</p><p>Utilized emr, patient care, medical records to support key business objectives and improve team performance.</p><p>Education</p><p>Master of Science in Accounting</p></body></html>",HEALTHCARE
363,"Emma Singh
Summary
Detail-oriented mechanical engineer offering 13+ years of hands-on expertise and a strong record of measurable results.

Skills
cad, solidworks, six sigma, root cause analysis, manufacturing, project management

Experience
Utilized project management, six sigma, manufacturing to support key business objectives and improve team performance.
Utilized solidworks, cad, project management to support key business objectives and improve team performance.

Education
Bachelor of Engineering in Business Administration","<html><body><p>Emma Singh</p><p>Summary</p><p>Detail-oriented mechanical engineer offering 13+ years of hands-on expertise and a strong record of measurable results.</p><p>Skills</p><p>cad, solidworks, six sigma, root cause analysis, manufacturing, project management</p><p>Experience</p><p>Utilized project management, six sigma, manufacturing to support key business objectives and improve team performance.</p><p>Utilized solidworks, cad, project management to support key business objectives and improve team performance.</p><p>Education</p><p>Bachelor of Engineering in Business Administration</p></body></html>",ENGINEERING
625,"Liam Chen
Summary
Results-driven construction project manager with 5 years of experience delivering high-impact outcomes in fast-paced environments.

Skills
project scheduling, blueprint reading, osha compliance, cost estimation, site supervision, subcontractor management

Experience
Utilized project scheduling, blueprint reading, osha compliance to support key business objectives and improve team performance.
Utilized cost estimation, blueprint reading, osha compliance to support key business objectives and improve team performance.

Education
MBA in Design","<html><body><p>Liam Chen</p><p>Summary</p><p>Results-driven construction project manager with 5 years of experience delivering high-impact outcomes in fast-paced environments.</p><p>Skills</p><p>project scheduling, blueprint reading, osha compliance, cost estimation, site supervision, subcontractor management</p><p>Experience</p><p>Utilized project scheduling, blueprint reading, osha compliance to support key business objectives and improve team performance.</p><p>Utilized cost estimation, blueprint reading, osha compliance to support key business objectives and improve team performance.</p><p>Education</p><p>MBA in Design</p></body></html>",CONSTRUCTION
354,"Omar Brown
Summary
Results-driven finance analyst with 7 years of experience delivering high-impact outcomes in fast-paced environments.

Skills
excel, investment analysis, forecasting, financial modeling, financial analysis, risk management, financial reporting, variance analysis

Experience
Utilized financial analysis, variance analysis, excel to support key business objectives and improve team performance.
Utilized excel, variance analysis, risk management to support key business objectives and improve team performance.
Utilized variance analysis, investment analysis, financial reporting to support key business objectives and improve team performance.

Education
Bachelor of Engineering in Finance","<html><body><p>Omar Brown</p><p>Summary</p><p>Results-driven finance analyst with 7 years of experience delivering high-impact outcomes in fast-paced environments.</p><p>Skills</p><p>excel, investment analysis, forecasting, financial modeling, financial analysis, risk management, financial reporting, variance analysis</p><p>Experience</p><p>Utilized financial analysis, variance analysis, excel to support key business objectives and improve team performance.</p><p>Utilized excel, variance analysis, risk management to support key business objectives and improve team performance.</p><p>Utilized variance analysis, investment analysis, financial reporting to support key business objectives and improve team performance.</p><p>Education</p><p>Bachelor of Engineering in Finance</p></body></html>",FINANCE
84,"Ravi Lopez
Summary
Results-driven product designer with 6 years of experience delivering high-impact outcomes in fast-paced environments.

Skills
figma, ui design, adobe creative suite, illustrator, wireframing, prototyping

Experience
Utilized illustrator, wireframing, figma to support key business objectives and improve team performance.
Utilized figma, wireframing, ui design to support key business objectives and improve team performance.

Education
MBA in Marketing","<html><body><p>Ravi Lopez</p><p>Summary</p><p>Results-driven product designer with 6 years of experience delivering high-impact outcomes in fast-paced environments.</p><p>Skills</p><p>figma, ui design, adobe creative suite, illustrator, wireframing, prototyping</p><p>Experience</p><p>Utilized illustrator, wireframing, figma to support key business objectives and improve team performance.</p><p>Utilized figma, wireframing, ui design to support key business objectives and improve team performance.</p><p>Education</p><p>MBA in Marketing</p></body></html>",DESIGNER
289,"Wei Sharma
Summary
Motivated sales representative professional with a proven track record of 7 years managing cross-functional initiatives.

Skills
cold calling, client relationship, upselling, prospecting, crm, quota attainment, salesforce, sales, negotiation

Experience
Utilized crm, upselling, prospecting to support key business objectives and improve team performance.
Utilized client relationship, sales, negotiation to support key business objectives and improve team performance.
Utilized salesforce, upselling, quota attainment to support key business objectives and improve team performance.

Education
Master of Science in Computer Science","<html><body><p>Wei Sharma</p><p>Summary</p><p>Motivated sales representative professional with a proven track record of 7 years managing cross-functional initiatives.</p><p>Skills</p><p>cold calling, client relationship, upselling, prospecting, crm, quota attainment, salesforce, sales, negotiation</p><p>Experience</p><p>Utilized crm, upselling, prospecting to support key business objectives and improve team performance.</p><p>Utilized client relationship, sales, negotiation to support key business objectives and improve team performance.</p><p>Utilized salesforce, upselling, quota attainment to support key business objectives and improve team performance.</p><p>Education</p><p>Master of Science in Computer Science</p></body></html>",SALES
526,"Jordan Davis
Summary
Motivated aviation operations coordinator professional with a proven track record of 8 years managing cross-functional initiatives.

Skills
safety compliance, aircraft maintenance, faa regulations, ground operations, logistics coordination, flight operations

Experience
Utilized flight operations, logistics coordination, faa regulations to support key business objectives and improve team performance.
Utilized aircraft maintenance, faa regulations, logistics coordination to support key business objectives and improve team performance.
Utilized logistics coordination, flight operations, ground operations to support key business objectives and improve team performance.
Utilized safety compliance, flight operations, logistics coordination to support key business objectives and improve team performance.

Education
Bachelor of Engineering in Marketing","<html><body><p>Jordan Davis</p><p>Summary</p><p>Motivated aviation operations coordinator professional with a proven track record of 8 years managing cross-functional initiatives.</p><p>Skills</p><p>safety compliance, aircraft maintenance, faa regulations, ground operations, logistics coordination, flight operations</p><p>Experience</p><p>Utilized flight operations, logistics coordination, faa regulations to support key business objectives and improve team performance.</p><p>Utilized aircraft maintenance, faa regulations, logistics coordination to support key business objectives and improve team performance.</p><p>Utilized logistics coordination, flight operations, ground operations to support key business objectives and improve team performance.</p><p>Utilized safety compliance, flight operations, logistics coordination to support key business objectives and improve team performance.</p><p>Education</p><p>Bachelor of Engineering in Marketing</p></body></html>",AVIATION
196,"Omar Patel
Summary
Detail-oriented legal counsel offering 13+ years of hands-on expertise and a strong record of measurable results.

Skills
client counseling, negotiation, westlaw, litigation, regulatory filings, legal research, contract review, case management

Experience
Utilized contract review, client counseling, westlaw to support key business objectives and improve team performance.
Utilized litigation, negotiation, legal research to support key business objectives and improve team performance.
Utilized legal research, westlaw, contract review to support key business objectives and improve team performance.
Utilized regulatory filings, negotiation, case management to support key business objectives and improve team performance.

Education
Bachelor of Arts in Design","<html><body><p>Omar Patel</p><p>Summary</p><p>Detail-oriented legal counsel offering 13+ years of hands-on expertise and a strong record of measurable results.</p><p>Skills</p><p>client counseling, negotiation, westlaw, litigation, regulatory filings, legal research, contract review, case management</p><p>Experience</p><p>Utilized contract review, client counseling, westlaw to support key business objectives and improve team performance.</p><p>Utilized litigation, negotiation, legal research to support key business objectives and improve team performance.</p><p>Utilized legal research, westlaw, contract review to support key business objectives and improve team performance.</p><p>Utilized regulatory filings, negotiation, case management to support key business objectives and improve team performance.</p><p>Education</p><p>Bachelor of Arts in Design</p></body></html>",ADVOCATE
271,"Neha Brown
Summary
Detail-oriented healthcare professional offering 12+ years of hands-on expertise and a strong record of measurable results.

Skills
emr, ehr, nursing, clinical, medical records, vital signs monitoring, triage, healthcare compliance, medication administration, patient care

Experience
Utilized emr, ehr, vital signs monitoring to support key business objectives and improve team performance.
Utilized healthcare compliance, emr, ehr to support key business objectives and improve team performance.
Utilized medication administration, medical records, emr to support key business objectives and improve team performance.

Education
Bachelor of Science in Computer Science","<html><body><p>Neha Brown</p><p>Summary</p><p>Detail-oriented healthcare professional offering 12+ years of hands-on expertise and a strong record of measurable results.</p><p>Skills</p><p>emr, ehr, nursing, clinical, medical records, vital signs monitoring, triage, healthcare compliance, medication administration, patient care</p><p>Experience</p><p>Utilized emr, ehr, vital signs monitoring to support key business objectives and improve team performance.</p><p>Utilized healthcare compliance, emr, ehr to support key business objectives and improve team performance.</p><p>Utilized medication administration, medical records, emr to support key business objectives and improve team performance.</p><p>Education</p><p>Bachelor of Science in Computer Science</p></body></html>",HEALTHCARE
93,"Aisha Davis
Summary
Results-driven product designer with 4 years of experience delivering high-impact outcomes in fast-paced environments.

Skills
typography, photoshop, graphic design, wireframing, figma, ux design, illustrator

Experience
Utilized typography, wireframing, graphic design to support key business objectives and improve team performance.
Utilized wireframing, photoshop, illustrator to support key business objectives and improve team performance.

Education
MBA in Business Administration","<html><body><p>Aisha Davis</p><p>Summary</p><p>Results-driven product designer with 4 years of experience delivering high-impact outcomes in fast-paced environments.</p><p>Skills</p><p>typography, photoshop, graphic design, wireframing, figma, ux design, illustrator</p><p>Experience</p><p>Utilized typography, wireframing, graphic design to support key business objectives and improve team performance.</p><p>Utilized wireframing, photoshop, illustrator to support key business objectives and improve team performance.</p><p>Education</p><p>MBA in Business Administration</p></body></html>",DESIGNER
256,"Aisha Davis
Summary
Detail-oriented healthcare professional offering 15+ years of hands-on expertise and a strong record of measurable results.

Skills
ehr, medical records, healthcare compliance, emr, hipaa, vital signs monitoring

Experience
Utilized ehr, medical records, hipaa to support key business objectives and improve team performance.
Utilized ehr, hipaa, healthcare compliance to support key business objectives and improve team performance.

Education
Master of Science in Marketing","<html><body><p>Aisha Davis</p><p>Summary</p><p>Detail-oriented healthcare professional offering 15+ years of hands-on expertise and a strong record of measurable results.</p><p>Skills</p><p>ehr, medical records, healthcare compliance, emr, hipaa, vital signs monitoring</p><p>Experience</p><p>Utilized ehr, medical records, hipaa to support key business objectives and improve team performance.</p><p>Utilized ehr, hipaa, healthcare compliance to support key business objectives and improve team performance.</p><p>Education</p><p>Master of Science in Marketing</p></body></html>",HEALTHCARE
212,"Jordan Johnson
Summary
Detail-oriented business development manager offering 8+ years of hands-on expertise and a strong record of measurable results.

Skills
salesforce, revenue growth, market research, partnership development, lead generation, negotiation

Experience
Utilized lead generation, salesforce, negotiation to support key business objectives and improve team performance.
Utilized partnership development, revenue growth, salesforce to support key business objectives and improve team performance.
Utilized negotiation, partnership development, lead generation to support key business objectives and improve team performance.
Utilized market research, salesforce, partnership development to support key business objectives and improve team performance.

Education
MBA in Computer Science","<html><body><p>Jordan Johnson</p><p>Summary</p><p>Detail-oriented business development manager offering 8+ years of hands-on expertise and a strong record of measurable results.</p><p>Skills</p><p>salesforce, revenue growth, market research, partnership development, lead generation, negotiation</p><p>Experience</p><p>Utilized lead generation, salesforce, negotiation to support key business objectives and improve team performance.</p><p>Utilized partnership development, revenue growth, salesforce to support key business objectives and improve team performance.</p><p>Utilized negotiation, partnership development, lead generation to support key business objectives and improve team performance.</p><p>Utilized market research, salesforce, partnership development to support key business objectives and improve team performance.</p><p>Education</p><p>MBA in Computer Science</p></body></html>",BUSINESS-DEVELOPMENT
28,"Ravi Patel
Summary
Results-driven software engineer with 10 years of experience delivering high-impact outcomes in fast-paced environments.

Skills
react, python, linux, sql, aws, machine learning, rest api

Experience
Utilized python, aws, machine learning to support key business objectives and improve team performance.
Utilized machine learning, rest api, react to support key business objectives and improve team performance.
Utilized rest api, python, linux to support key business objectives and improve team performance.

Education
Bachelor of Engineering in Finance","<html><body><p>Ravi Patel</p><p>Summary</p><p>Results-driven software engineer with 10 years of experience delivering high-impact outcomes in fast-paced environments.</p><p>Skills</p><p>react, python, linux, sql, aws, machine learning, rest api</p><p>Experience</p><p>Utilized python, aws, machine learning to support key business objectives and improve team performance.</p><p>Utilized machine learning, rest api, react to support key business objectives and improve team performance.</p><p>Utilized rest api, python, linux to support key business objectives and improve team performance.</p><p>Education</p><p>Bachelor of Engineering in Finance</p></body></html>",INFORMATION-TECHNOLOGY
184,"Jordan Johnson
Summary
Detail-oriented legal counsel offering 12+ years of hands-on expertise and a strong record of measurable results.

Skills
case management, client counseling, legal writing, regulatory filings, compliance, westlaw, negotiation, legal research, litigation

Experience
Utilized negotiation, legal research, litigation to support key business objectives and improve team performance.
Utilized legal research, legal writing, compliance to support key business objectives and improve team performance.

Education
Bachelor of Science in Marketing","<html><body><p>Jordan Johnson</p><p>Summary</p><p>Detail-oriented legal counsel offering 12+ years of hands-on expertise and a strong record of measurable results.</p><p>Skills</p><p>case management, client counseling, legal writing, regulatory filings, compliance, westlaw, negotiation, legal research, litigation</p><p>Experience</p><p>Utilized negotiation, legal research, litigation to support key business objectives and improve team performance.</p><p>Utilized legal research, legal writing, compliance to support key business objectives and improve team performance.</p><p>Education</p><p>Bachelor of Science in Marketing</p></body></html>",ADVOCATE
514,"Wei Garcia
Summary
Detail-oriented digital marketing specialist offering 1+ years of hands-on expertise and a strong record of measurable results.

Skills
email marketing, social media marketing, brand strategy, campaign management, copywriting, google analytics, digital marketing, content strategy, seo

Experience
Utilized social media marketing, digital marketing, content strategy to support key business objectives and improve team performance.
Utilized content strategy, google analytics, brand strategy to support key business objectives and improve team performance.
Utilized social media marketing, email marketing, campaign management to support key business objectives and improve team performance.
Utilized brand strategy, content strategy, google analytics to support key business objectives and improve team performance.

Education
MBA in Education","<html><body><p>Wei Garcia</p><p>Summary</p><p>Detail-oriented digital marketing specialist offering 1+ years of hands-on expertise and a strong record of measurable results.</p><p>Skills</p><p>email marketing, social media marketing, brand strategy, campaign management, copywriting, google analytics, digital marketing, content strategy, seo</p><p>Experience</p><p>Utilized social media marketing, digital marketing, content strategy to support key business objectives and improve team performance.</p><p>Utilized content strategy, google analytics, brand strategy to support key business objectives and improve team performance.</p><p>Utilized social media marketing, email marketing, campaign management to support key business objectives and improve team performance.</p><p>Utilized brand strategy, content strategy, google analytics to support key business objectives and improve team performance.</p><p>Education</p><p>MBA in Education</p></body></html>",DIGITAL-MEDIA
178,"Sofia Kim
Summary
Results-driven legal counsel with 3 years of experience delivering high-impact outcomes in fast-paced environments.

Skills
negotiation, compliance, litigation, westlaw, client counseling, contract review, legal writing, legal research

Experience
Utilized client counseling, compliance, negotiation to support key business objectives and improve team performance.
Utilized negotiation, litigation, legal writing to support key business objectives and improve team performance.
Utilized legal research, contract review, client counseling to support key business objectives and improve team performance.
Utilized contract review, westlaw, legal research to support key business objectives and improve team performance.

Education
Bachelor of Engineering in Accounting","<html><body><p>Sofia Kim</p><p>Summary</p><p>Results-driven legal counsel with 3 years of experience delivering high-impact outcomes in fast-paced environments.</p><p>Skills</p><p>negotiation, compliance, litigation, westlaw, client counseling, contract review, legal writing, legal research</p><p>Experience</p><p>Utilized client counseling, compliance, negotiation to support key business objectives and improve team performance.</p><p>Utilized negotiation, litigation, legal writing to support key business objectives and improve team performance.</p><p>Utilized legal research, contract review, client counseling to support key business objectives and improve team performance.</p><p>Utilized contract review, westlaw, legal research to support key business objectives and improve team performance.</p><p>Education</p><p>Bachelor of Engineering in Accounting</p></body></html>",ADVOCATE
528,"Sofia Patel
Summary
Motivated aviation operations coordinator professional with a proven track record of 12 years managing cross-functional initiatives.

Skills
flight operations, logistics coordination, aircraft maintenance, faa regulations, ground operations, safety compliance

Experience
Utilized ground operations, safety compliance, logistics coordination to support key business objectives and improve team performance.
Utilized logistics coordination, aircraft maintenance, faa regulations to support key business objectives and improve team performance.
Utilized faa regulations, aircraft maintenance, logistics coordination to support key business objectives and improve team performance.
Utilized logistics coordination, safety compliance, faa regulations to support key business objectives and improve team performance.

Education
Bachelor of Engineering in Marketing","<html><body><p>Sofia Patel</p><p>Summary</p><p>Motivated aviation operations coordinator professional with a proven track record of 12 years managing cross-functional initiatives.</p><p>Skills</p><p>flight operations, logistics coordination, aircraft maintenance, faa regulations, ground operations, safety compliance</p><p>Experience</p><p>Utilized ground operations, safety compliance, logistics coordination to support key business objectives and improve team performance.</p><p>Utilized logistics coordination, aircraft maintenance, faa regulations to support key business objectives and improve team performance.</p><p>Utilized faa regulations, aircraft maintenance, logistics coordination to support key business objectives and improve team performance.</p><p>Utilized logistics coordination, safety compliance, faa regulations to support key business objectives and improve team performance.</p><p>Education</p><p>Bachelor of Engineering in Marketing</p></body></html>",AVIATION
153,"Alex Chen
Summary
Detail-oriented educator offering 10+ years of hands-on expertise and a strong record of measurable results.

Skills
tutoring, instructional design, lesson planning, classroom management, differentiated instruction, parent communication, curriculum development

Experience
Utilized classroom management, differentiated instruction, curriculum development to support key business objectives and improve team performance.
Utilized tutoring, curriculum development, lesson planning to support key business objectives and improve team performance.
Utilized classroom management, instructional design, curriculum development to support key business objectives and improve team performance.

Education
Bachelor of Arts in Finance","<html><body><p>Alex Chen</p><p>Summary</p><p>Detail-oriented educator offering 10+ years of hands-on expertise and a strong record of measurable results.</p><p>Skills</p><p>tutoring, instructional design, lesson planning, classroom management, differentiated instruction, parent communication, curriculum development</p><p>Experience</p><p>Utilized classroom management, differentiated instruction, curriculum development to support key business objectives and improve team performance.</p><p>Utilized tutoring, curriculum development, lesson planning to support key business objectives and improve team performance.</p><p>Utilized classroom management, instructional design, curriculum development to support key business objectives and improve team performance.</p><p>Education</p><p>Bachelor of Arts in Finance</p></body></html>",TEACHER
75,"Priya Kim
Summary
Results-driven human resources specialist with 2 years of experience delivering high-impact outcomes in fast-paced environments.

Skills
employee relations, benefits administration, labor relations, conflict resolution, performance management, recruiting, training and development

Experience
Utilized training and development, performance management, conflict resolution to support key business objectives and improve team performance.
Utilized employee relations, training and development, conflict resolution to support key business objectives and improve team performance.
Utilized performance management, training and development, employee relations to support key business objectives and improve team performance.
Utilized recruiting, performance management, training and development to support key business objectives and improve team performance.

Education
Bachelor of Arts in Design","<html><body><p>Priya Kim</p><p>Summary</p><p>Results-driven human resources specialist with 2 years of experience delivering high-impact outcomes in fast-paced environments.</p><p>Skills</p><p>employee relations, benefits administration, labor relations, conflict resolution, performance management, recruiting, training and development</p><p>Experience</p><p>Utilized training and development, performance management, conflict resolution to support key business objectives and improve team performance.</p><p>Utilized employee relations, training and development, conflict resolution to support key business objectives and improve team performance.</p><p>Utilized performance management, training and development, employee relations to support key business objectives and improve team performance.</p><p>Utilized recruiting, performance management, training and development to support key business objectives and improve team performance.</p><p>Education</p><p>Bachelor of Arts in Design</p></body></html>",HR
350,"Ravi Kim
Summary
Detail-oriented finance analyst offering 10+ years of hands-on expertise and a strong record of measurable results.

Skills
budgeting, risk management, financial reporting, financial analysis, variance analysis, excel, forecasting, investment analysis, financial modeling

Experience
Utilized investment analysis, excel, financial modeling to support key business objectives and improve team performance.
Utilized financial reporting, financial analysis, forecasting to support key business objectives and improve team performance.

Education
Bachelor of Science in Education","<html><body><p>Ravi Kim</p><p>Summary</p><p>Detail-oriented finance analyst offering 10+ years of hands-on expertise and a strong record of measurable results.</p><p>Skills</p><p>budgeting, risk management, financial reporting, financial analysis, variance analysis, excel, forecasting, investment analysis, financial modeling</p><p>Experience</p><p>Utilized investment analysis, excel, financial modeling to support key business objectives and improve team performance.</p><p>Utilized financial reporting, financial analysis, forecasting to support key business objectives and improve team performance.</p><p>Education</p><p>Bachelor of Science in Education</p></body></html>",FINANCE
92,"Grace Kim
Summary
Results-driven product designer with 8 years of experience delivering high-impact outcomes in fast-paced environments.

Skills
ux design, graphic design, indesign, typography, ui design, wireframing, prototyping

Experience
Utilized ux design, typography, ui design to support key business objectives and improve team performance.
Utilized indesign, wireframing, ux design to support key business objectives and improve team performance.
Utilized ui design, typography, indesign to support key business objectives and improve team performance.
Utilized wireframing, ui design, prototyping to support key business objectives and improve team performance.

Education
Master of Science in Education","<html><body><p>Grace Kim</p><p>Summary</p><p>Results-driven product designer with 8 years of experience delivering high-impact outcomes in fast-paced environments.</p><p>Skills</p><p>ux design, graphic design, indesign, typography, ui design, wireframing, prototyping</p><p>Experience</p><p>Utilized ux design, typography, ui design to support key business objectives and improve team performance.</p><p>Utilized indesign, wireframing, ux design to support key business objectives and improve team performance.</p><p>Utilized ui design, typography, indesign to support key business objectives and improve team performance.</p><p>Utilized wireframing, ui design, prototyping to support key business objectives and improve team performance.</p><p>Education</p><p>Master of Science in Education</p></body></html>",DESIGNER
346,"Neha Johnson
Summary
Motivated finance analyst professional with a proven track record of 2 years managing cross-functional initiatives.

Skills
forecasting, financial modeling, budgeting, variance analysis, excel, financial reporting

Experience
Utilized financial modeling, budgeting, forecasting to support key business objectives and improve team performance.
Utilized budgeting, forecasting, financial modeling to support key business objectives and improve team performance.
Utilized variance analysis, budgeting, excel to support key business objectives and improve team performance.

Education
Diploma in Accounting","<html><body><p>Neha Johnson</p><p>Summary</p><p>Motivated finance analyst professional with a proven track record of 2 years managing cross-functional initiatives.</p><p>Skills</p><p>forecasting, financial modeling, budgeting, variance analysis, excel, financial reporting</p><p>Experience</p><p>Utilized financial modeling, budgeting, forecasting to support key business objectives and improve team performance.</p><p>Utilized budgeting, forecasting, financial modeling to support key business objectives and improve team performance.</p><p>Utilized variance analysis, budgeting, excel to support key business objectives and improve team performance.</p><p>Education</p><p>Diploma in Accounting</p></body></html>",FINANCE
68,"Priya Khan
Summary
Motivated human resources specialist professional with a proven track record of 8 years managing cross-functional initiatives.

Skills
compensation, onboarding, hris, conflict resolution, employee relations, recruiting

Experience
Utilized onboarding, hris, employee relations to support key business objectives and improve team performance.
Utilized hris, conflict resolution, employee relations to support key business objectives and improve team performance.
Utilized hris, employee relations, compensation to support key business objectives and improve team performance.
Utilized recruiting, hris, compensation to support key business objectives and improve team performance.

Education
MBA in Accounting","<html><body><p>Priya Khan</p><p>Summary</p><p>Motivated human resources specialist professional with a proven track record of 8 years managing cross-functional initiatives.</p><p>Skills</p><p>compensation, onboarding, hris, conflict resolution, employee relations, recruiting</p><p>Experience</p><p>Utilized onboarding, hris, employee relations to support key business objectives and improve team performance.</p><p>Utilized hris, conflict resolution, employee relations to support key business objectives and improve team performance.</p><p>Utilized hris, employee relations, compensation to support key business objectives and improve team performance.</p><p>Utilized recruiting, hris, compensation to support key business objectives and improve team performance.</p><p>Education</p><p>MBA in Accounting</p></body></html>",HR
360,"Wei Khan
Summary
Motivated mechanical engineer professional with a proven track record of 12 years managing cross-functional initiatives.

Skills
manufacturing, six sigma, process improvement, matlab, quality control, root cause analysis, solidworks

Experience
Utilized solidworks, six sigma, quality control to support key business objectives and improve team performance.
Utilized six sigma, process improvement, manufacturing to support key business objectives and improve team performance.
Utilized root cause analysis, matlab, six sigma to support key business objectives and improve team performance.

Education
Bachelor of Engineering in Education","<html><body><p>Wei Khan</p><p>Summary</p><p>Motivated mechanical engineer professional with a proven track record of 12 years managing cross-functional initiatives.</p><p>Skills</p><p>manufacturing, six sigma, process improvement, matlab, quality control, root cause analysis, solidworks</p><p>Experience</p><p>Utilized solidworks, six sigma, quality control to support key business objectives and improve team performance.</p><p>Utilized six sigma, process improvement, manufacturing to support key business objectives and improve team performance.</p><p>Utilized root cause analysis, matlab, six sigma to support key business objectives and improve team performance.</p><p>Education</p><p>Bachelor of Engineering in Education</p></body></html>",ENGINEERING
327,"Ravi Lopez
Summary
Motivated finance analyst professional with a proven track record of 13 years managing cross-functional initiatives.

Skills
financial analysis, forecasting, excel, financial modeling, variance analysis, budgeting, investment analysis, financial reporting, risk management

Experience
Utilized financial reporting, risk management, variance analysis to support key business objectives and improve team performance.
Utilized variance analysis, budgeting, investment analysis to support key business objectives and improve team performance.
Utilized risk management, financial analysis, investment analysis to support key business objectives and improve team performance.

Education
Bachelor of Engineering in Mechanical Engineering","<html><body><p>Ravi Lopez</p><p>Summary</p><p>Motivated finance analyst professional with a proven track record of 13 years managing cross-functional initiatives.</p><p>Skills</p><p>financial analysis, forecasting, excel, financial modeling, variance analysis, budgeting, investment analysis, financial reporting, risk management</p><p>Experience</p><p>Utilized financial reporting, risk management, variance analysis to support key business objectives and improve team performance.</p><p>Utilized variance analysis, budgeting, investment analysis to support key business objectives and improve team performance.</p><p>Utilized risk management, financial analysis, investment analysis to support key business objectives and improve team performance.</p><p>Education</p><p>Bachelor of Engineering in Mechanical Engineering</p></body></html>",FINANCE
188,"Emma Singh
Summary
Results-driven legal counsel with 2 years of experience delivering high-impact outcomes in fast-paced environments.

Skills
compliance, client counseling, westlaw, legal research, litigation, contract review, regulatory filings, legal writing, case management, negotiation

Experience
Utilized contract review, negotiation, litigation to support key business objectives and improve team performance.
Utilized case management, negotiation, contract review to support key business objectives and improve team performance.

Education
Diploma in Mechanical Engineering","<html><body><p>Emma Singh</p><p>Summary</p><p>Results-driven legal counsel with 2 years of experience delivering high-impact outcomes in fast-paced environments.</p><p>Skills</p><p>compliance, client counseling, westlaw, legal research, litigation, contract review, regulatory filings, legal writing, case management, negotiation</p><p>Experience</p><p>Utilized contract review, negotiation, litigation to support key business objectives and improve team performance.</p><p>Utilized case management, negotiation, contract review to support key business objectives and improve team performance.</p><p>Education</p><p>Diploma in Mechanical Engineering</p></body></html>",ADVOCATE
15,"Wei Sharma
Summary
Detail-oriented software engineer offering 2+ years of hands-on expertise and a strong record of measurable results.

Skills
docker, git, scrum, linux, aws, ci/cd, kubernetes, django, cloud computing, rest api

Experience
Utilized docker, ci/cd, scrum to support key business objectives and improve team performance.
Utilized aws, scrum, django to support key business objectives and improve team performance.

Education
Bachelor of Engineering in Finance","<html><body><p>Wei Sharma</p><p>Summary</p><p>Detail-oriented software engineer offering 2+ years of hands-on expertise and a strong record of measurable results.</p><p>Skills</p><p>docker, git, scrum, linux, aws, ci/cd, kubernetes, django, cloud computing, rest api</p><p>Experience</p><p>Utilized docker, ci/cd, scrum to support key business objectives and improve team performance.</p><p>Utilized aws, scrum, django to support key business objectives and improve team performance.</p><p>Education</p><p>Bachelor of Engineering in Finance</p></body></html>",INFORMATION-TECHNOLOGY
236,"Taylor Kim
Summary
Results-driven business development manager with 10 years of experience delivering high-impact outcomes in fast-paced environments.

Skills
business development, salesforce, lead generation, partnership development, account management, revenue growth, crm, client relationship

Experience
Utilized business development, account management, revenue growth to support key business objectives and improve team performance.
Utilized client relationship, revenue growth, account management to support key business objectives and improve team performance.

Education
Bachelor of Engineering in Mechanical Engineering","<html><body><p>Taylor Kim</p><p>Summary</p><p>Results-driven business development manager with 10 years of experience delivering high-impact outcomes in fast-paced environments.</p><p>Skills</p><p>business development, salesforce, lead generation, partnership development, account management, revenue growth, crm, client relationship</p><p>Experience</p><p>Utilized business development, account management, revenue growth to support key business objectives and improve team performance.</p><p>Utilized client relationship, revenue growth, account management to support key business objectives and improve team performance.</p><p>Education</p><p>Bachelor of Engineering in Mechanical Engineering</p></body></html>",BUSINESS-DEVELOPMENT
234,"Sofia Brown
Summary
Motivated business development manager professional with a proven track record of 5 years managing cross-functional initiatives.

Skills
salesforce, lead generation, crm, business development, client relationship, revenue growth

Experience
Utilized salesforce, crm, revenue growth to support key business objectives and improve team performance.
Utilized lead generation, salesforce, crm to support key business objectives and improve team performance.
Utilized business development, salesforce, revenue growth to support key business objectives and improve team performance.
Utilized lead generation, revenue growth, crm to support key business objectives and improve team performance.

Education
Master of Science in Nursing","<html><body><p>Sofia Brown</p><p>Summary</p><p>Motivated business development manager professional with a proven track record of 5 years managing cross-functional initiatives.</p><p>Skills</p><p>salesforce, lead generation, crm, business development, client relationship, revenue growth</p><p>Experience</p><p>Utilized salesforce, crm, revenue growth to support key business objectives and improve team performance.</p><p>Utilized lead generation, salesforce, crm to support key business objectives and improve team performance.</p><p>Utilized business development, salesforce, revenue growth to support key business objectives and improve team performance.</p><p>Utilized lead generation, revenue growth, crm to support key business objectives and improve team performance.</p><p>Education</p><p>Master of Science in Nursing</p></body></html>",BUSINESS-DEVELOPMENT
88,"Aisha Johnson
Summary
Motivated product designer professional with a proven track record of 14 years managing cross-functional initiatives.

Skills
figma, illustrator, photoshop, indesign, ux design, prototyping, typography

Experience
Utilized typography, illustrator, indesign to support key business objectives and improve team performance.
Utilized ux design, indesign, prototyping to support key business objectives and improve team performance.

Education
MBA in Education","<html><body><p>Aisha Johnson</p><p>Summary</p><p>Motivated product designer professional with a proven track record of 14 years managing cross-functional initiatives.</p><p>Skills</p><p>figma, illustrator, photoshop, indesign, ux design, prototyping, typography</p><p>Experience</p><p>Utilized typography, illustrator, indesign to support key business objectives and improve team performance.</p><p>Utilized ux design, indesign, prototyping to support key business objectives and improve team performance.</p><p>Education</p><p>MBA in Education</p></body></html>",DESIGNER
536,"Neha Davis
Summary
Detail-oriented aviation operations coordinator offering 2+ years of hands-on expertise and a strong record of measurable results.

Skills
safety compliance, ground operations, faa regulations, aircraft maintenance, flight operations, logistics coordination

Experience
Utilized flight operations, ground operations, aircraft maintenance to support key business objectives and improve team performance.
Utilized logistics coordination, faa regulations, ground operations to support key business objectives and improve team performance.
Utilized aircraft maintenance, faa regulations, flight operations to support key business objectives and improve team performance.

Education
Bachelor of Science in Business Administration","<html><body><p>Neha Davis</p><p>Summary</p><p>Detail-oriented aviation operations coordinator offering 2+ years of hands-on expertise and a strong record of measurable results.</p><p>Skills</p><p>safety compliance, ground operations, faa regulations, aircraft maintenance, flight operations, logistics coordination</p><p>Experience</p><p>Utilized flight operations, ground operations, aircraft maintenance to support key business objectives and improve team performance.</p><p>Utilized logistics coordination, faa regulations, ground operations to support key business objectives and improve team performance.</p><p>Utilized aircraft maintenance, faa regulations, flight operations to support key business objectives and improve team performance.</p><p>Education</p><p>Bachelor of Science in Business Administration</p></body></html>",AVIATION
117,"Grace Johnson
Summary
Detail-oriented product designer offering 13+ years of hands-on expertise and a strong record of measurable results.

Skills
prototyping, graphic design, adobe creative suite, photoshop, figma, ui design, typography, illustrator

Experience
Utilized adobe creative suite, figma, graphic design to support key business objectives and improve team performance.
Utilized typography, ui design, figma to support key business objectives and improve team performance.
Utilized ui design, photoshop, illustrator to support key business objectives and improve team performance.

Education
Bachelor of Engineering in Business Administration","<html><body><p>Grace Johnson</p><p>Summary</p><p>Detail-oriented product designer offering 13+ years of hands-on expertise and a strong record of measurable results.</p><p>Skills</p><p>prototyping, graphic design, adobe creative suite, photoshop, figma, ui design, typography, illustrator</p><p>Experience</p><p>Utilized adobe creative suite, figma, graphic design to support key business objectives and improve team performance.</p><p>Utilized typography, ui design, figma to support key business objectives and improve team performance.</p><p>Utilized ui design, photoshop, illustrator to support key business objectives and improve team performance.</p><p>Education</p><p>Bachelor of Engineering in Business Administration</p></body></html>",DESIGNER
447,"Neha Brown
Summary
Motivated management consultant professional with a proven track record of 3 years managing cross-functional initiatives.

Skills
strategy, stakeholder management, business case development, process optimization, change management, project management, client presentations

Experience
Utilized stakeholder management, change management, strategy to support key business objectives and improve team performance.
Utilized business case development, client presentations, process optimization to support key business objectives and improve team performance.
Utilized business case development, client presentations, stakeholder management to support key business objectives and improve team performance.
Utilized strategy, project management, change management to support key business objectives and improve team performance.

Education
Bachelor of Science in Education","<html><body><p>Neha Brown</p><p>Summary</p><p>Motivated management consultant professional with a proven track record of 3 years managing cross-functional initiatives.</p><p>Skills</p><p>strategy, stakeholder management, business case development, process optimization, change management, project management, client presentations</p><p>Experience</p><p>Utilized stakeholder management, change management, strategy to support key business objectives and improve team performance.</p><p>Utilized business case development, client presentations, process optimization to support key business objectives and improve team performance.</p><p>Utilized business case development, client presentations, stakeholder management to support key business objectives and improve team performance.</p><p>Utilized strategy, project management, change management to support key business objectives and improve team performance.</p><p>Education</p><p>Bachelor of Science in Education</p></body></html>",CONSULTANT
607,"Noah Patel
Summary
Results-driven construction project manager with 2 years of experience delivering high-impact outcomes in fast-paced environments.

Skills
site supervision, project scheduling, osha compliance, blueprint reading, subcontractor management, cost estimation

Experience
Utilized project scheduling, osha compliance, blueprint reading to support key business objectives and improve team performance.
Utilized cost estimation, osha compliance, project scheduling to support key business objectives and improve team performance.
Utilized project scheduling, blueprint reading, cost estimation to support key business objectives and improve team performance.
Utilized osha compliance, site supervision, cost estimation to support key business objectives and improve team performance.

Education
Master of Science in Business Administration","<html><body><p>Noah Patel</p><p>Summary</p><p>Results-driven construction project manager with 2 years of experience delivering high-impact outcomes in fast-paced environments.</p><p>Skills</p><p>site supervision, project scheduling, osha compliance, blueprint reading, subcontractor management, cost estimation</p><p>Experience</p><p>Utilized project scheduling, osha compliance, blueprint reading to support key business objectives and improve team performance.</p><p>Utilized cost estimation, osha compliance, project scheduling to support key business objectives and improve team performance.</p><p>Utilized project scheduling, blueprint reading, cost estimation to support key business objectives and improve team performance.</p><p>Utilized osha compliance, site supervision, cost estimation to support key business objectives and improve team performance.</p><p>Education</p><p>Master of Science in Business Administration</p></body></html>",CONSTRUCTION
33,"Wei Kim
Summary
Results-driven software engineer with 5 years of experience delivering high-impact outcomes in fast-paced environments.

Skills
ci/cd, agile, git, cloud computing, kubernetes, react, machine learning, django, linux, rest api

Experience
Utilized agile, linux, git to support key business objectives and improve team performance.
Utilized cloud computing, rest api, django to support key business objectives and improve team performance.
Utilized kubernetes, linux, rest api to support key business objectives and improve team performance.

Education
Bachelor of Science in Mechanical Engineering","<html><body><p>Wei Kim</p><p>Summary</p><p>Results-driven software engineer with 5 years of experience delivering high-impact outcomes in fast-paced environments.</p><p>Skills</p><p>ci/cd, agile, git, cloud computing, kubernetes, react, machine learning, django, linux, rest api</p><p>Experience</p><p>Utilized agile, linux, git to support key business objectives and improve team performance.</p><p>Utilized cloud computing, rest api, django to support key business objectives and improve team performance.</p><p>Utilized kubernetes, linux, rest api to support key business objectives and improve team performance.</p><p>Education</p><p>Bachelor of Science in Mechanical Engineering</p></body></html>",INFORMATION-TECHNOLOGY
0,"Jordan Davis
Summary
Detail-oriented software engineer offering 12+ years of hands-on expertise and a strong record of measurable results.

Skills
python, git, aws, cloud computing, sql, ci/cd

Experience
Utilized python, ci/cd, git to support key business objectives and improve team performance.
Utilized git, sql, python to support key business objectives and improve team performance.

Education
Bachelor of Science in Design","<html><body><p>Jordan Davis</p><p>Summary</p><p>Detail-oriented software engineer offering 12+ years of hands-on expertise and a strong record of measurable results.</p><p>Skills</p><p>python, git, aws, cloud computing, sql, ci/cd</p><p>Experience</p><p>Utilized python, ci/cd, git to support key business objectives and improve team performance.</p><p>Utilized git, sql, python to support key business objectives and improve team performance.</p><p>Education</p><p>Bachelor of Science in Design</p></body></html>",INFORMATION-TECHNOLOGY
632,"Grace Nguyen
Summary
Results-driven construction project manager with 1 years of experience delivering high-impact outcomes in fast-paced environments.

Skills
site supervision, blueprint reading, osha compliance, cost estimation, subcontractor management, project scheduling

Experience
Utilized site supervision, blueprint reading, cost estimation to support key business objectives and improve team performance.
Utilized site supervision, subcontractor management, cost estimation to support key business objectives and improve team performance.
Utilized subcontractor management, project scheduling, blueprint reading to support key business objectives and improve team performance.

Education
Master of Science in Computer Science","<html><body><p>Grace Nguyen</p><p>Summary</p><p>Results-driven construction project manager with 1 years of experience delivering high-impact outcomes in fast-paced environments.</p><p>Skills</p><p>site supervision, blueprint reading, osha compliance, cost estimation, subcontractor management, project scheduling</p><p>Experience</p><p>Utilized site supervision, blueprint reading, cost estimation to support key business objectives and improve team performance.</p><p>Utilized site supervision, subcontractor management, cost estimation to support key business objectives and improve team performance.</p><p>Utilized subcontractor management, project scheduling, blueprint reading to support key business objectives and improve team performance.</p><p>Education</p><p>Master of Science in Computer Science</p></body></html>",CONSTRUCTION
425,"Alex Chen
Summary
Detail-oriented accountant offering 2+ years of hands-on expertise and a strong record of measurable results.

Skills
accounts receivable, bookkeeping, accounting, gaap, reconciliation, financial statements, tax, general ledger

Experience
Utilized general ledger, reconciliation, financial statements to support key business objectives and improve team performance.
Utilized general ledger, reconciliation, gaap to support key business objectives and improve team performance.
Utilized gaap, accounts receivable, financial statements to support key business objectives and improve team performance.

Education
Master of Science in Mechanical Engineering","<html><body><p>Alex Chen</p><p>Summary</p><p>Detail-oriented accountant offering 2+ years of hands-on expertise and a strong record of measurable results.</p><p>Skills</p><p>accounts receivable, bookkeeping, accounting, gaap, reconciliation, financial statements, tax, general ledger</p><p>Experience</p><p>Utilized general ledger, reconciliation, financial statements to support key business objectives and improve team performance.</p><p>Utilized general ledger, reconciliation, gaap to support key business objectives and improve team performance.</p><p>Utilized gaap, accounts receivable, financial statements to support key business objectives and improve team performance.</p><p>Education</p><p>Master of Science in Mechanical Engineering</p></body></html>",ACCOUNTANT
403,"Neha Khan
Summary
Motivated accountant professional with a proven track record of 2 years managing cross-functional initiatives.

Skills
accounting, auditing, accounts receivable, reconciliation, tax, bookkeeping, financial statements, quickbooks, general ledger, gaap

Experience
Utilized tax, financial statements, quickbooks to support key business objectives and improve team performance.
Utilized accounts receivable, tax, reconciliation to support key business objectives and improve team performance.

Education
Bachelor of Arts in Marketing","<html><body><p>Neha Khan</p><p>Summary</p><p>Motivated accountant professional with a proven track record of 2 years managing cross-functional initiatives.</p><p>Skills</p><p>accounting, auditing, accounts receivable, reconciliation, tax, bookkeeping, financial statements, quickbooks, general ledger, gaap</p><p>Experience</p><p>Utilized tax, financial statements, quickbooks to support key business objectives and improve team performance.</p><p>Utilized accounts receivable, tax, reconciliation to support key business objectives and improve team performance.</p><p>Education</p><p>Bachelor of Arts in Marketing</p></body></html>",ACCOUNTANT
580,"Sofia Singh
Summary
Detail-oriented banking associate offering 10+ years of hands-on expertise and a strong record of measurable results.

Skills
credit analysis, risk assessment, loan processing, kyc, underwriting, compliance, customer relationship management

Experience
Utilized credit analysis, customer relationship management, risk assessment to support key business objectives and improve team performance.
Utilized compliance, credit analysis, risk assessment to support key business objectives and improve team performance.

Education
Bachelor of Science in Nursing","<html><body><p>Sofia Singh</p><p>Summary</p><p>Detail-oriented banking associate offering 10+ years of hands-on expertise and a strong record of measurable results.</p><p>Skills</p><p>credit analysis, risk assessment, loan processing, kyc, underwriting, compliance, customer relationship management</p><p>Experience</p><p>Utilized credit analysis, customer relationship management, risk assessment to support key business objectives and improve team performance.</p><p>Utilized compliance, credit analysis, risk assessment to support key business objectives and improve team performance.</p><p>Education</p><p>Bachelor of Science in Nursing</p></body></html>",BANKING
487,"Omar Brown
Summary
Motivated digital marketing specialist professional with a proven track record of 7 years managing cross-functional initiatives.

Skills
copywriting, campaign management, seo, digital marketing, content strategy, google analytics, email marketing, brand strategy, social media marketing

Experience
Utilized content strategy, campaign management, copywriting to support key business objectives and improve team performance.
Utilized campaign management, social media marketing, google analytics to support key business objectives and improve team performance.
Utilized copywriting, email marketing, social media marketing to support key business objectives and improve team performance.
Utilized brand strategy, campaign management, google analytics to support key business objectives and improve team performance.

Education
Diploma in Design","<html><body><p>Omar Brown</p><p>Summary</p><p>Motivated digital marketing specialist professional with a proven track record of 7 years managing cross-functional initiatives.</p><p>Skills</p><p>copywriting, campaign management, seo, digital marketing, content strategy, google analytics, email marketing, brand strategy, social media marketing</p><p>Experience</p><p>Utilized content strategy, campaign management, copywriting to support key business objectives and improve team performance.</p><p>Utilized campaign management, social media marketing, google analytics to support key business objectives and improve team performance.</p><p>Utilized copywriting, email marketing, social media marketing to support key business objectives and improve team performance.</p><p>Utilized brand strategy, campaign management, google analytics to support key business objectives and improve team performance.</p><p>Education</p><p>Diploma in Design</p></body></html>",DIGITAL-MEDIA
631,"Sofia Chen
Summary
Results-driven construction project manager with 7 years of experience delivering high-impact outcomes in fast-paced environments.

Skills
subcontractor management, site supervision, project scheduling, cost estimation, osha compliance, blueprint reading

Experience
Utilized osha compliance, site supervision, blueprint reading to support key business objectives and improve team performance.
Utilized project scheduling, subcontractor management, site supervision to support key business objectives and improve team performance.

Education
Bachelor of Engineering in Marketing","<html><body><p>Sofia Chen</p><p>Summary</p><p>Results-driven construction project manager with 7 years of experience delivering high-impact outcomes in fast-paced environments.</p><p>Skills</p><p>subcontractor management, site supervision, project scheduling, cost estimation, osha compliance, blueprint reading</p><p>Experience</p><p>Utilized osha compliance, site supervision, blueprint reading to support key business objectives and improve team performance.</p><p>Utilized project scheduling, subcontractor management, site supervision to support key business objectives and improve team performance.</p><p>Education</p><p>Bachelor of Engineering in Marketing</p></body></html>",CONSTRUCTION
22,"Liam Davis
Summary
Results-driven software engineer with 10 years of experience delivering high-impact outcomes in fast-paced environments.

Skills
python, java, aws, rest api, linux, agile, machine learning

Experience
Utilized rest api, java, agile to support key business objectives and improve team performance.
Utilized agile, machine learning, python to support key business objectives and improve team performance.
Utilized machine learning, python, rest api to support key business objectives and improve team performance.

Education
Diploma in Design","<html><body><p>Liam Davis</p><p>Summary</p><p>Results-driven software engineer with 10 years of experience delivering high-impact outcomes in fast-paced environments.</p><p>Skills</p><p>python, java, aws, rest api, linux, agile, machine learning</p><p>Experience</p><p>Utilized rest api, java, agile to support key business objectives and improve team performance.</p><p>Utilized agile, machine learning, python to support key business objectives and improve team performance.</p><p>Utilized machine learning, python, rest api to support key business objectives and improve team performance.</p><p>Education</p><p>Diploma in Design</p></body></html>",INFORMATION-TECHNOLOGY
61,"Grace Patel
Summary
Results-driven human resources specialist with 15 years of experience delivering high-impact outcomes in fast-paced environments.

Skills
payroll, performance management, conflict resolution, compensation, hris, onboarding, employee relations, benefits administration, talent acquisition, training and development

Experience
Utilized payroll, performance management, hris to support key business objectives and improve team performance.
Utilized benefits administration, employee relations, training and development to support key business objectives and improve team performance.
Utilized training and development, benefits administration, employee relations to support key business objectives and improve team performance.
Utilized hris, compensation, performance management to support key business objectives and improve team performance.

Education
Bachelor of Arts in Marketing","<html><body><p>Grace Patel</p><p>Summary</p><p>Results-driven human resources specialist with 15 years of experience delivering high-impact outcomes in fast-paced environments.</p><p>Skills</p><p>payroll, performance management, conflict resolution, compensation, hris, onboarding, employee relations, benefits administration, talent acquisition, training and development</p><p>Experience</p><p>Utilized payroll, performance management, hris to support key business objectives and improve team performance.</p><p>Utilized benefits administration, employee relations, training and development to support key business objectives and improve team performance.</p><p>Utilized training and development, benefits administration, employee relations to support key business objectives and improve team performance.</p><p>Utilized hris, compensation, performance management to support key business objectives and improve team performance.</p><p>Education</p><p>Bachelor of Arts in Marketing</p></body></html>",HR
116,"Grace Patel
Summary
Detail-oriented product designer offering 15+ years of hands-on expertise and a strong record of measurable results.

Skills
typography, figma, illustrator, wireframing, ux design, ui design

Experience
Utilized ui design, ux design, wireframing to support key business objectives and improve team performance.
Utilized illustrator, typography, ux design to support key business objectives and improve team performance.

Education
Bachelor of Science in Mechanical Engineering","<html><body><p>Grace Patel</p><p>Summary</p><p>Detail-oriented product designer offering 15+ years of hands-on expertise and a strong record of measurable results.</p><p>Skills</p><p>typography, figma, illustrator, wireframing, ux design, ui design</p><p>Experience</p><p>Utilized ui design, ux design, wireframing to support key business objectives and improve team performance.</p><p>Utilized illustrator, typography, ux design to support key business objectives and improve team performance.</p><p>Education</p><p>Bachelor of Science in Mechanical Engineering</p></body></html>",DESIGNER
443,"Omar Kim
Summary
Results-driven management consultant with 10 years of experience delivering high-impact outcomes in fast-paced environments.

Skills
client presentations, business case development, data analysis, stakeholder management, strategy, change management, process optimization

Experience
Utilized process optimization, stakeholder management, business case development to support key business objectives and improve team performance.
Utilized data analysis, change management, strategy to support key business objectives and improve team performance.
Utilized strategy, process optimization, stakeholder management to support key business objectives and improve team performance.

Education
Bachelor of Science in Marketing","<html><body><p>Omar Kim</p><p>Summary</p><p>Results-driven management consultant with 10 years of experience delivering high-impact outcomes in fast-paced environments.</p><p>Skills</p><p>client presentations, business case development, data analysis, stakeholder management, strategy, change management, process optimization</p><p>Experience</p><p>Utilized process optimization, stakeholder management, business case development to support key business objectives and improve team performance.</p><p>Utilized data analysis, change management, strategy to support key business objectives and improve team performance.</p><p>Utilized strategy, process optimization, stakeholder management to support key business objectives and improve team performance.</p><p>Education</p><p>Bachelor of Science in Marketing</p></body></html>",CONSULTANT
228,"Omar Sharma
Summary
Motivated business development manager professional with a proven track record of 1 years managing cross-functional initiatives.

Skills
lead generation, salesforce, crm, revenue growth, business development, account management, negotiation, client relationship

Experience
Utilized business development, client relationship, salesforce to support key business objectives and improve team performance.
Utilized salesforce, account management, revenue growth to support key business objectives and improve team performance.

Education
MBA in Business Administration","<html><body><p>Omar Sharma</p><p>Summary</p><p>Motivated business development manager professional with a proven track record of 1 years managing cross-functional initiatives.</p><p>Skills</p><p>lead generation, salesforce, crm, revenue growth, business development, account management, negotiation, client relationship</p><p>Experience</p><p>Utilized business development, client relationship, salesforce to support key business objectives and improve team performance.</p><p>Utilized salesforce, account management, revenue growth to support key business objectives and improve team performance.</p><p>Education</p><p>MBA in Business Administration</p></body></html>",BUSINESS-DEVELOPMENT
89,"Grace Nguyen
Summary
Results-driven product designer with 1 years of experience delivering high-impact outcomes in fast-paced environments.

Skills
wireframing, photoshop, illustrator, ux design, prototyping, branding, adobe creative suite, graphic design

Experience
Utilized graphic design, illustrator, prototyping to support key business objectives and improve team performance.
Utilized wireframing, adobe creative suite, graphic design to support key business objectives and improve team performance.
Utilized adobe creative suite, photoshop, illustrator to support key business objectives and improve team performance.
Utilized branding, adobe creative suite, ux design to support key business objectives and improve team performance.

Education
Master of Science in Nursing","<html><body><p>Grace Nguyen</p><p>Summary</p><p>Results-driven product designer with 1 years of experience delivering high-impact outcomes in fast-paced environments.</p><p>Skills</p><p>wireframing, photoshop, illustrator, ux design, prototyping, branding, adobe creative suite, graphic design</p><p>Experience</p><p>Utilized graphic design, illustrator, prototyping to support key business objectives and improve team performance.</p><p>Utilized wireframing, adobe creative suite, graphic design to support key business objectives and improve team performance.</p><p>Utilized adobe creative suite, photoshop, illustrator to support key business objectives and improve team performance.</p><p>Utilized branding, adobe creative suite, ux design to support key business objectives and improve team performance.</p><p>Education</p><p>Master of Science in Nursing</p></body></html>",DESIGNER
182,"Taylor Patel
Summary
Detail-oriented legal counsel offering 13+ years of hands-on expertise and a strong record of measurable results.

Skills
litigation, contract review, negotiation, case management, legal writing, compliance

Experience
Utilized compliance, contract review, case management to support key business objectives and improve team performance.
Utilized negotiation, compliance, case management to support key business objectives and improve team performance.
Utilized litigation, compliance, contract review to support key business objectives and improve team performance.

Education
Bachelor of Science in Business Administration","<html><body><p>Taylor Patel</p><p>Summary</p><p>Detail-oriented legal counsel offering 13+ years of hands-on expertise and a strong record of measurable results.</p><p>Skills</p><p>litigation, contract review, negotiation, case management, legal writing, compliance</p><p>Experience</p><p>Utilized compliance, contract review, case management to support key business objectives and improve team performance.</p><p>Utilized negotiation, compliance, case management to support key business objectives and improve team performance.</p><p>Utilized litigation, compliance, contract review to support key business objectives and improve team performance.</p><p>Education</p><p>Bachelor of Science in Business Administration</p></body></html>",ADVOCATE
268,"Neha Johnson
Summary
Motivated healthcare professional professional with a proven track record of 11 years managing cross-functional initiatives.

Skills
hipaa, ehr, healthcare compliance, triage, vital signs monitoring, patient care, clinical

Experience
Utilized clinical, triage, hipaa to support key business objectives and improve team performance.
Utilized clinical, vital signs monitoring, healthcare compliance to support key business objectives and improve team performance.
Utilized vital signs monitoring, patient care, healthcare compliance to support key business objectives and improve team performance.

Education
MBA in Education","<html><body><p>Neha Johnson</p><p>Summary</p><p>Motivated healthcare professional professional with a proven track record of 11 years managing cross-functional initiatives.</p><p>Skills</p><p>hipaa, ehr, healthcare compliance, triage, vital signs monitoring, patient care, clinical</p><p>Experience</p><p>Utilized clinical, triage, hipaa to support key business objectives and improve team performance.</p><p>Utilized clinical, vital signs monitoring, healthcare compliance to support key business objectives and improve team performance.</p><p>Utilized vital signs monitoring, patient care, healthcare compliance to support key business objectives and improve team performance.</p><p>Education</p><p>MBA in Education</p></body></html>",HEALTHCARE
277,"Sofia Lopez
Summary
Motivated healthcare professional professional with a proven track record of 2 years managing cross-functional initiatives.

Skills
ehr, medication administration, hipaa, nursing, vital signs monitoring, medical records, patient care, healthcare compliance, emr, clinical

Experience
Utilized medication administration, clinical, patient care to support key business objectives and improve team performance.
Utilized medical records, healthcare compliance, ehr to support key business objectives and improve team performance.
Utilized medication administration, nursing, hipaa to support key business objectives and improve team performance.

Education
Bachelor of Arts in Finance","<html><body><p>Sofia Lopez</p><p>Summary</p><p>Motivated healthcare professional professional with a proven track record of 2 years managing cross-functional initiatives.</p><p>Skills</p><p>ehr, medication administration, hipaa, nursing, vital signs monitoring, medical records, patient care, healthcare compliance, emr, clinical</p><p>Experience</p><p>Utilized medication administration, clinical, patient care to support key business objectives and improve team performance.</p><p>Utilized medical records, healthcare compliance, ehr to support key business objectives and improve team performance.</p><p>Utilized medication administration, nursing, hipaa to support key business objectives and improve team performance.</p><p>Education</p><p>Bachelor of Arts in Finance</p></body></html>",HEALTHCARE
18,"Alex Davis
Summary
Motivated software engineer professional with a proven track record of 4 years managing cross-functional initiatives.

Skills
react, cloud computing, kubernetes, docker, django, aws, ci/cd

Experience
Utilized ci/cd, kubernetes, aws to support key business objectives and improve team performance.
Utilized aws, django, docker to support key business objectives and improve team performance.

Education
Master of Science in Finance","<html><body><p>Alex Davis</p><p>Summary</p><p>Motivated software engineer professional with a proven track record of 4 years managing cross-functional initiatives.</p><p>Skills</p><p>react, cloud computing, kubernetes, docker, django, aws, ci/cd</p><p>Experience</p><p>Utilized ci/cd, kubernetes, aws to support key business objectives and improve team performance.</p><p>Utilized aws, django, docker to support key business objectives and improve team performance.</p><p>Education</p><p>Master of Science in Finance</p></body></html>",INFORMATION-TECHNOLOGY
292,"Liam Patel
Summary
Detail-oriented sales representative offering 11+ years of hands-on expertise and a strong record of measurable results.

Skills
crm, quota attainment, sales, closing deals, negotiation, cold calling, salesforce, prospecting

Experience
Utilized prospecting, cold calling, quota attainment to support key business objectives and improve team performance.
Utilized sales, crm, quota attainment to support key business objectives and improve team performance.

Education
Master of Science in Nursing","<html><body><p>Liam Patel</p><p>Summary</p><p>Detail-oriented sales representative offering 11+ years of hands-on expertise and a strong record of measurable results.</p><p>Skills</p><p>crm, quota attainment, sales, closing deals, negotiation, cold calling, salesforce, prospecting</p><p>Experience</p><p>Utilized prospecting, cold calling, quota attainment to support key business objectives and improve team performance.</p><p>Utilized sales, crm, quota attainment to support key business objectives and improve team performance.</p><p>Education</p><p>Master of Science in Nursing</p></body></html>",SALES
375,"Aisha Khan
Summary
Detail-oriented mechanical engineer offering 14+ years of hands-on expertise and a strong record of measurable results.

Skills
manufacturing, cad, autocad, root cause analysis, solidworks, process improvement

Experience
Utilized solidworks, autocad, root cause analysis to support key business objectives and improve team performance.
Utilized solidworks, manufacturing, root cause analysis to support key business objectives and improve team performance.
Utilized manufacturing, autocad, root cause analysis to support key business objectives and improve team performance.
Utilized cad, root cause analysis, manufacturing to support key business objectives and improve team performance.

Education
Bachelor of Engineering in Business Administration","<html><body><p>Aisha Khan</p><p>Summary</p><p>Detail-oriented mechanical engineer offering 14+ years of hands-on expertise and a strong record of measurable results.</p><p>Skills</p><p>manufacturing, cad, autocad, root cause analysis, solidworks, process improvement</p><p>Experience</p><p>Utilized solidworks, autocad, root cause analysis to support key business objectives and improve team performance.</p><p>Utilized solidworks, manufacturing, root cause analysis to support key business objectives and improve team performance.</p><p>Utilized manufacturing, autocad, root cause analysis to support key business objectives and improve team performance.</p><p>Utilized cad, root cause analysis, manufacturing to support key business objectives and improve team performance.</p><p>Education</p><p>Bachelor of Engineering in Business Administration</p></body></html>",ENGINEERING
144,"Emma Chen
Summary
Results-driven educator with 11 years of experience delivering high-impact outcomes in fast-paced environments.

Skills
tutoring, special education, classroom management, student assessment, curriculum development, parent communication

Experience
Utilized classroom management, tutoring, student assessment to support key business objectives and improve team performance.
Utilized curriculum development, special education, classroom management to support key business objectives and improve team performance.
Utilized special education, classroom management, tutoring to support key business objectives and improve team performance.
Utilized curriculum development, tutoring, special education to support key business objectives and improve team performance.

Education
Bachelor of Engineering in Nursing","<html><body><p>Emma Chen</p><p>Summary</p><p>Results-driven educator with 11 years of experience delivering high-impact outcomes in fast-paced environments.</p><p>Skills</p><p>tutoring, special education, classroom management, student assessment, curriculum development, parent communication</p><p>Experience</p><p>Utilized classroom management, tutoring, student assessment to support key business objectives and improve team performance.</p><p>Utilized curriculum development, special education, classroom management to support key business objectives and improve team performance.</p><p>Utilized special education, classroom management, tutoring to support key business objectives and improve team performance.</p><p>Utilized curriculum development, tutoring, special education to support key business objectives and improve team performance.</p><p>Education</p><p>Bachelor of Engineering in Nursing</p></body></html>",TEACHER
509,"Liam Patel
Summary
Detail-oriented digital marketing specialist offering 4+ years of hands-on expertise and a strong record of measurable results.

Skills
digital marketing, brand strategy, social media marketing, email marketing, google analytics, content strategy, campaign management

Experience
Utilized brand strategy, campaign management, content strategy to support key business objectives and improve team performance.
Utilized social media marketing, content strategy, campaign management to support key business objectives and improve team performance.
Utilized content strategy, google analytics, social media marketing to support key business objectives and improve team performance.

Education
Diploma in Finance","<html><body><p>Liam Patel</p><p>Summary</p><p>Detail-oriented digital marketing specialist offering 4+ years of hands-on expertise and a strong record of measurable results.</p><p>Skills</p><p>digital marketing, brand strategy, social media marketing, email marketing, google analytics, content strategy, campaign management</p><p>Experience</p><p>Utilized brand strategy, campaign management, content strategy to support key business objectives and improve team performance.</p><p>Utilized social media marketing, content strategy, campaign management to support key business objectives and improve team performance.</p><p>Utilized content strategy, google analytics, social media marketing to support key business objectives and improve team performance.</p><p>Education</p><p>Diploma in Finance</p></body></html>",DIGITAL-MEDIA
322,"Grace Patel
Summary
Detail-oriented finance analyst offering 2+ years of hands-on expertise and a strong record of measurable results.

Skills
financial modeling, risk management, forecasting, budgeting, financial reporting, variance analysis, investment analysis

Experience
Utilized variance analysis, risk management, forecasting to support key business objectives and improve team performance.
Utilized risk management, financial reporting, financial modeling to support key business objectives and improve team performance.

Education
Bachelor of Science in Accounting","<html><body><p>Grace Patel</p><p>Summary</p><p>Detail-oriented finance analyst offering 2+ years of hands-on expertise and a strong record of measurable results.</p><p>Skills</p><p>financial modeling, risk management, forecasting, budgeting, financial reporting, variance analysis, investment analysis</p><p>Experience</p><p>Utilized variance analysis, risk management, forecasting to support key business objectives and improve team performance.</p><p>Utilized risk management, financial reporting, financial modeling to support key business objectives and improve team performance.</p><p>Education</p><p>Bachelor of Science in Accounting</p></body></html>",FINANCE
576,"Wei Lopez
Summary
Results-driven banking associate with 15 years of experience delivering high-impact outcomes in fast-paced environments.

Skills
credit analysis, loan processing, customer relationship management, kyc, underwriting, risk assessment, compliance

Experience
Utilized risk assessment, customer relationship management, kyc to support key business objectives and improve team performance.
Utilized kyc, credit analysis, customer relationship management to support key business objectives and improve team performance.

Education
MBA in Finance","<html><body><p>Wei Lopez</p><p>Summary</p><p>Results-driven banking associate with 15 years of experience delivering high-impact outcomes in fast-paced environments.</p><p>Skills</p><p>credit analysis, loan processing, customer relationship management, kyc, underwriting, risk assessment, compliance</p><p>Experience</p><p>Utilized risk assessment, customer relationship management, kyc to support key business objectives and improve team performance.</p><p>Utilized kyc, credit analysis, customer relationship management to support key business objectives and improve team performance.</p><p>Education</p><p>MBA in Finance</p></body></html>",BANKING
421,"Priya Khan
Summary
Detail-oriented accountant offering 7+ years of hands-on expertise and a strong record of measurable results.

Skills
bookkeeping, general ledger, accounts receivable, auditing, gaap, quickbooks

Experience
Utilized auditing, bookkeeping, gaap to support key business objectives and improve team performance.
Utilized bookkeeping, auditing, gaap to support key business objectives and improve team performance.

Education
Master of Science in Computer Science","<html><body><p>Priya Khan</p><p>Summary</p><p>Detail-oriented accountant offering 7+ years of hands-on expertise and a strong record of measurable results.</p><p>Skills</p><p>bookkeeping, general ledger, accounts receivable, auditing, gaap, quickbooks</p><p>Experience</p><p>Utilized auditing, bookkeeping, gaap to support key business objectives and improve team performance.</p><p>Utilized bookkeeping, auditing, gaap to support key business objectives and improve team performance.</p><p>Education</p><p>Master of Science in Computer Science</p></body></html>",ACCOUNTANT
434,"Taylor Davis
Summary
Motivated accountant professional with a proven track record of 12 years managing cross-functional initiatives.

Skills
gaap, auditing, accounting, bookkeeping, accounts payable, accounts receivable, general ledger, tax

Experience
Utilized bookkeeping, tax, general ledger to support key business objectives and improve team performance.
Utilized accounts payable, accounts receivable, tax to support key business objectives and improve team performance.

Education
Bachelor of Arts in Computer Science","<html><body><p>Taylor Davis</p><p>Summary</p><p>Motivated accountant professional with a proven track record of 12 years managing cross-functional initiatives.</p><p>Skills</p><p>gaap, auditing, accounting, bookkeeping, accounts payable, accounts receivable, general ledger, tax</p><p>Experience</p><p>Utilized bookkeeping, tax, general ledger to support key business objectives and improve team performance.</p><p>Utilized accounts payable, accounts receivable, tax to support key business objectives and improve team performance.</p><p>Education</p><p>Bachelor of Arts in Computer Science</p></body></html>",ACCOUNTANT
284,"Taylor Chen
Summary
Results-driven sales representative with 12 years of experience delivering high-impact outcomes in fast-paced environments.

Skills
quota attainment, upselling, salesforce, prospecting, closing deals, sales, client relationship, negotiation

Experience
Utilized salesforce, negotiation, sales to support key business objectives and improve team performance.
Utilized prospecting, negotiation, upselling to support key business objectives and improve team performance.
Utilized quota attainment, salesforce, negotiation to support key business objectives and improve team performance.

Education
Diploma in Nursing","<html><body><p>Taylor Chen</p><p>Summary</p><p>Results-driven sales representative with 12 years of experience delivering high-impact outcomes in fast-paced environments.</p><p>Skills</p><p>quota attainment, upselling, salesforce, prospecting, closing deals, sales, client relationship, negotiation</p><p>Experience</p><p>Utilized salesforce, negotiation, sales to support key business objectives and improve team performance.</p><p>Utilized prospecting, negotiation, upselling to support key business objectives and improve team performance.</p><p>Utilized quota attainment, salesforce, negotiation to support key business objectives and improve team performance.</p><p>Education</p><p>Diploma in Nursing</p></body></html>",SALES
396,"Wei Brown
Summary
Motivated mechanical engineer professional with a proven track record of 15 years managing cross-functional initiatives.

Skills
six sigma, root cause analysis, quality control, project management, solidworks, manufacturing, process improvement

Experience
Utilized quality control, solidworks, six sigma to support key business objectives and improve team performance.
Utilized root cause analysis, six sigma, quality control to support key business objectives and improve team performance.
Utilized project management, solidworks, quality control to support key business objectives and improve team performance.

Education
MBA in Marketing","<html><body><p>Wei Brown</p><p>Summary</p><p>Motivated mechanical engineer professional with a proven track record of 15 years managing cross-functional initiatives.</p><p>Skills</p><p>six sigma, root cause analysis, quality control, project management, solidworks, manufacturing, process improvement</p><p>Experience</p><p>Utilized quality control, solidworks, six sigma to support key business objectives and improve team performance.</p><p>Utilized root cause analysis, six sigma, quality control to support key business objectives and improve team performance.</p><p>Utilized project management, solidworks, quality control to support key business objectives and improve team performance.</p><p>Education</p><p>MBA in Marketing</p></body></html>",ENGINEERING
468,"Taylor Patel
Summary
Results-driven management consultant with 6 years of experience delivering high-impact outcomes in fast-paced environments.

Skills
business case development, change management, data analysis, stakeholder management, client presentations, strategy, process optimization, project management

Experience
Utilized strategy, stakeholder management, process optimization to support key business objectives and improve team performance.
Utilized project management, strategy, stakeholder management to support key business objectives and improve team performance.
Utilized strategy, change management, project management to support key business objectives and improve team performance.

Education
Bachelor of Arts in Design","<html><body><p>Taylor Patel</p><p>Summary</p><p>Results-driven management consultant with 6 years of experience delivering high-impact outcomes in fast-paced environments.</p><p>Skills</p><p>business case development, change management, data analysis, stakeholder management, client presentations, strategy, process optimization, project management</p><p>Experience</p><p>Utilized strategy, stakeholder management, process optimization to support key business objectives and improve team performance.</p><p>Utilized project management, strategy, stakeholder management to support key business objectives and improve team performance.</p><p>Utilized strategy, change management, project management to support key business objectives and improve team performance.</p><p>Education</p><p>Bachelor of Arts in Design</p></body></html>",CONSULTANT
167,"Liam Kim
Summary
Detail-oriented legal counsel offering 7+ years of hands-on expertise and a strong record of measurable results.

Skills
regulatory filings, contract review, negotiation, legal writing, litigation, legal research, case management

Experience
Utilized contract review, negotiation, legal writing to support key business objectives and improve team performance.
Utilized contract review, litigation, legal research to support key business objectives and improve team performance.

Education
Bachelor of Engineering in Nursing","<html><body><p>Liam Kim</p><p>Summary</p><p>Detail-oriented legal counsel offering 7+ years of hands-on expertise and a strong record of measurable results.</p><p>Skills</p><p>regulatory filings, contract review, negotiation, legal writing, litigation, legal research, case management</p><p>Experience</p><p>Utilized contract review, negotiation, legal writing to support key business objectives and improve team performance.</p><p>Utilized contract review, litigation, legal research to support key business objectives and improve team performance.</p><p>Education</p><p>Bachelor of Engineering in Nursing</p></body></html>",ADVOCATE
54,"Priya Chen
Summary
Results-driven human resources specialist with 4 years of experience delivering high-impact outcomes in fast-paced environments.

Skills
recruiting, training and development, hris, payroll, employee relations, performance management, talent acquisition, onboarding, conflict resolution, compensation

Experience
Utilized recruiting, employee relations, hris to support key business objectives and improve team performance.
Utilized hris, conflict resolution, employee relations to support key business objectives and improve team performance.
Utilized hris, training and development, recruiting to support key business objectives and improve team performance.
Utilized hris, recruiting, performance management to support key business objectives and improve team performance.

Education
Master of Science in Marketing","<html><body><p>Priya Chen</p><p>Summary</p><p>Results-driven human resources specialist with 4 years of experience delivering high-impact outcomes in fast-paced environments.</p><p>Skills</p><p>recruiting, training and development, hris, payroll, employee relations, performance management, talent acquisition, onboarding, conflict resolution, compensation</p><p>Experience</p><p>Utilized recruiting, employee relations, hris to support key business objectives and improve team performance.</p><p>Utilized hris, conflict resolution, employee relations to support key business objectives and improve team performance.</p><p>Utilized hris, training and development, recruiting to support key business objectives and improve team performance.</p><p>Utilized hris, recruiting, performance management to support key business objectives and improve team performance.</p><p>Education</p><p>Master of Science in Marketing</p></body></html>",HR
312,"Emma Patel
Summary
Motivated sales representative professional with a proven track record of 12 years managing cross-functional initiatives.

Skills
salesforce, negotiation, upselling, crm, quota attainment, client relationship, cold calling, closing deals, prospecting, sales

Experience
Utilized prospecting, negotiation, quota attainment to support key business objectives and improve team performance.
Utilized salesforce, cold calling, crm to support key business objectives and improve team performance.
Utilized closing deals, client relationship, negotiation to support key business objectives and improve team performance.
Utilized client relationship, salesforce, crm to support key business objectives and improve team performance.

Education
Bachelor of Science in Marketing","<html><body><p>Emma Patel</p><p>Summary</p><p>Motivated sales representative professional with a proven track record of 12 years managing cross-functional initiatives.</p><p>Skills</p><p>salesforce, negotiation, upselling, crm, quota attainment, client relationship, cold calling, closing deals, prospecting, sales</p><p>Experience</p><p>Utilized prospecting, negotiation, quota attainment to support key business objectives and improve team performance.</p><p>Utilized salesforce, cold calling, crm to support key business objectives and improve team performance.</p><p>Utilized closing deals, client relationship, negotiation to support key business objectives and improve team performance.</p><p>Utilized client relationship, salesforce, crm to support key business objectives and improve team performance.</p><p>Education</p><p>Bachelor of Science in Marketing</p></body></html>",SALES
46,"Wei Sharma
Summary
Motivated human resources specialist professional with a proven track record of 1 years managing cross-functional initiatives.

Skills
performance management, onboarding, conflict resolution, compensation, employee relations, hris

Experience
Utilized conflict resolution, compensation, onboarding to support key business objectives and improve team performance.
Utilized onboarding, employee relations, compensation to support key business objectives and improve team performance.
Utilized employee relations, onboarding, hris to support key business objectives and improve team performance.

Education
Bachelor of Science in Finance","<html><body><p>Wei Sharma</p><p>Summary</p><p>Motivated human resources specialist professional with a proven track record of 1 years managing cross-functional initiatives.</p><p>Skills</p><p>performance management, onboarding, conflict resolution, compensation, employee relations, hris</p><p>Experience</p><p>Utilized conflict resolution, compensation, onboarding to support key business objectives and improve team performance.</p><p>Utilized onboarding, employee relations, compensation to support key business objectives and improve team performance.</p><p>Utilized employee relations, onboarding, hris to support key business objectives and improve team performance.</p><p>Education</p><p>Bachelor of Science in Finance</p></body></html>",HR
195,"Taylor Johnson
Summary
Motivated legal counsel professional with a proven track record of 10 years managing cross-functional initiatives.

Skills
negotiation, contract review, case management, litigation, compliance, legal research, legal writing

Experience
Utilized legal research, contract review, negotiation to support key business objectives and improve team performance.
Utilized contract review, case management, compliance to support key business objectives and improve team performance.
Utilized negotiation, legal research, compliance to support key business objectives and improve team performance.

Education
Bachelor of Science in Education","<html><body><p>Taylor Johnson</p><p>Summary</p><p>Motivated legal counsel professional with a proven track record of 10 years managing cross-functional initiatives.</p><p>Skills</p><p>negotiation, contract review, case management, litigation, compliance, legal research, legal writing</p><p>Experience</p><p>Utilized legal research, contract review, negotiation to support key business objectives and improve team performance.</p><p>Utilized contract review, case management, compliance to support key business objectives and improve team performance.</p><p>Utilized negotiation, legal research, compliance to support key business objectives and improve team performance.</p><p>Education</p><p>Bachelor of Science in Education</p></body></html>",ADVOCATE
639,"Aisha Garcia
Summary
Results-driven construction project manager with 5 years of experience delivering high-impact outcomes in fast-paced environments.

Skills
subcontractor management, cost estimation, blueprint reading, osha compliance, project scheduling, site supervision

Experience
Utilized project scheduling, osha compliance, site supervision to support key business objectives and improve team performance.
Utilized osha compliance, blueprint reading, cost estimation to support key business objectives and improve team performance.
Utilized site supervision, blueprint reading, subcontractor management to support key business objectives and improve team performance.

Education
Bachelor of Engineering in Finance","<html><body><p>Aisha Garcia</p><p>Summary</p><p>Results-driven construction project manager with 5 years of experience delivering high-impact outcomes in fast-paced environments.</p><p>Skills</p><p>subcontractor management, cost estimation, blueprint reading, osha compliance, project scheduling, site supervision</p><p>Experience</p><p>Utilized project scheduling, osha compliance, site supervision to support key business objectives and improve team performance.</p><p>Utilized osha compliance, blueprint reading, cost estimation to support key business objectives and improve team performance.</p><p>Utilized site supervision, blueprint reading, subcontractor management to support key business objectives and improve team performance.</p><p>Education</p><p>Bachelor of Engineering in Finance</p></body></html>",CONSTRUCTION
531,"Omar Chen
Summary
Detail-oriented aviation operations coordinator offering 4+ years of hands-on expertise and a strong record of measurable results.

Skills
aircraft maintenance, safety compliance, flight operations, logistics coordination, faa regulations, ground operations

Experience
Utilized logistics coordination, faa regulations, aircraft maintenance to support key business objectives and improve team performance.
Utilized faa regulations, aircraft maintenance, logistics coordination to support key business objectives and improve team performance.
Utilized flight operations, aircraft maintenance, faa regulations to support key business objectives and improve team performance.

Education
MBA in Accounting","<html><body><p>Omar Chen</p><p>Summary</p><p>Detail-oriented aviation operations coordinator offering 4+ years of hands-on expertise and a strong record of measurable results.</p><p>Skills</p><p>aircraft maintenance, safety compliance, flight operations, logistics coordination, faa regulations, ground operations</p><p>Experience</p><p>Utilized logistics coordination, faa regulations, aircraft maintenance to support key business objectives and improve team performance.</p><p>Utilized faa regulations, aircraft maintenance, logistics coordination to support key business objectives and improve team performance.</p><p>Utilized flight operations, aircraft maintenance, faa regulations to support key business objectives and improve team performance.</p><p>Education</p><p>MBA in Accounting</p></body></html>",AVIATION
107,"Omar Garcia
Summary
Results-driven product designer with 13 years of experience delivering high-impact outcomes in fast-paced environments.

Skills
sketch, typography, photoshop, ux design, wireframing, branding

Experience
Utilized typography, wireframing, photoshop to support key business objectives and improve team performance.
Utilized wireframing, branding, photoshop to support key business objectives and improve team performance.
Utilized typography, photoshop, branding to support key business objectives and improve team performance.

Education
Bachelor of Arts in Accounting","<html><body><p>Omar Garcia</p><p>Summary</p><p>Results-driven product designer with 13 years of experience delivering high-impact outcomes in fast-paced environments.</p><p>Skills</p><p>sketch, typography, photoshop, ux design, wireframing, branding</p><p>Experience</p><p>Utilized typography, wireframing, photoshop to support key business objectives and improve team performance.</p><p>Utilized wireframing, branding, photoshop to support key business objectives and improve team performance.</p><p>Utilized typography, photoshop, branding to support key business objectives and improve team performance.</p><p>Education</p><p>Bachelor of Arts in Accounting</p></body></html>",DESIGNER
393,"Jordan Sharma
Summary
Detail-oriented mechanical engineer offering 14+ years of hands-on expertise and a strong record of measurable results.

Skills
cad, process improvement, six sigma, solidworks, project management, autocad, manufacturing, quality control

Experience
Utilized process improvement, six sigma, quality control to support key business objectives and improve team performance.
Utilized project management, solidworks, process improvement to support key business objectives and improve team performance.
Utilized autocad, manufacturing, six sigma to support key business objectives and improve team performance.
Utilized six sigma, project management, manufacturing to support key business objectives and improve team performance.

Education
Bachelor of Arts in Design","<html><body><p>Jordan Sharma</p><p>Summary</p><p>Detail-oriented mechanical engineer offering 14+ years of hands-on expertise and a strong record of measurable results.</p><p>Skills</p><p>cad, process improvement, six sigma, solidworks, project management, autocad, manufacturing, quality control</p><p>Experience</p><p>Utilized process improvement, six sigma, quality control to support key business objectives and improve team performance.</p><p>Utilized project management, solidworks, process improvement to support key business objectives and improve team performance.</p><p>Utilized autocad, manufacturing, six sigma to support key business objectives and improve team performance.</p><p>Utilized six sigma, project management, manufacturing to support key business objectives and improve team performance.</p><p>Education</p><p>Bachelor of Arts in Design</p></body></html>",ENGINEERING
497,"Liam Garcia
Summary
Motivated digital marketing specialist professional with a proven track record of 10 years managing cross-functional initiatives.

Skills
copywriting, email marketing, content strategy, google analytics, social media marketing, campaign management, brand strategy, seo, digital marketing

Experience
Utilized content strategy, copywriting, social media marketing to support key business objectives and improve team performance.
Utilized social media marketing, brand strategy, content strategy to support key business objectives and improve team performance.
Utilized digital marketing, campaign management, google analytics to support key business objectives and improve team performance.

Education
Master of Science in Business Administration","<html><body><p>Liam Garcia</p><p>Summary</p><p>Motivated digital marketing specialist professional with a proven track record of 10 years managing cross-functional initiatives.</p><p>Skills</p><p>copywriting, email marketing, content strategy, google analytics, social media marketing, campaign management, brand strategy, seo, digital marketing</p><p>Experience</p><p>Utilized content strategy, copywriting, social media marketing to support key business objectives and improve team performance.</p><p>Utilized social media marketing, brand strategy, content strategy to support key business objectives and improve team performance.</p><p>Utilized digital marketing, campaign management, google analytics to support key business objectives and improve team performance.</p><p>Education</p><p>Master of Science in Business Administration</p></body></html>",DIGITAL-MEDIA
331,"Sofia Chen
Summary
Motivated finance analyst professional with a proven track record of 2 years managing cross-functional initiatives.

Skills
financial reporting, investment analysis, forecasting, financial analysis, excel, risk management, budgeting, variance analysis, financial modeling

Experience
Utilized variance analysis, risk management, investment analysis to support key business objectives and improve team performance.
Utilized excel, risk management, financial analysis to support key business objectives and improve team performance.
Utilized financial analysis, variance analysis, risk management to support key business objectives and improve team performance.

Education
Bachelor of Science in Mechanical Engineering","<html><body><p>Sofia Chen</p><p>Summary</p><p>Motivated finance analyst professional with a proven track record of 2 years managing cross-functional initiatives.</p><p>Skills</p><p>financial reporting, investment analysis, forecasting, financial analysis, excel, risk management, budgeting, variance analysis, financial modeling</p><p>Experience</p><p>Utilized variance analysis, risk management, investment analysis to support key business objectives and improve team performance.</p><p>Utilized excel, risk management, financial analysis to support key business objectives and improve team performance.</p><p>Utilized financial analysis, variance analysis, risk management to support key business objectives and improve team performance.</p><p>Education</p><p>Bachelor of Science in Mechanical Engineering</p></body></html>",FINANCE
479,"Jordan Patel
Summary
Detail-oriented management consultant offering 3+ years of hands-on expertise and a strong record of measurable results.

Skills
change management, process optimization, strategy, project management, stakeholder management, client presentations, business case development, data analysis

Experience
Utilized stakeholder management, business case development, project management to support key business objectives and improve team performance.
Utilized strategy, change management, stakeholder management to support key business objectives and improve team performance.
Utilized data analysis, change management, strategy to support key business objectives and improve team performance.

Education
Bachelor of Engineering in Finance","<html><body><p>Jordan Patel</p><p>Summary</p><p>Detail-oriented management consultant offering 3+ years of hands-on expertise and a strong record of measurable results.</p><p>Skills</p><p>change management, process optimization, strategy, project management, stakeholder management, client presentations, business case development, data analysis</p><p>Experience</p><p>Utilized stakeholder management, business case development, project management to support key business objectives and improve team performance.</p><p>Utilized strategy, change management, stakeholder management to support key business objectives and improve team performance.</p><p>Utilized data analysis, change management, strategy to support key business objectives and improve team performance.</p><p>Education</p><p>Bachelor of Engineering in Finance</p></body></html>",CONSULTANT
595,"Jordan Lopez
Summary
Results-driven banking associate with 2 years of experience delivering high-impact outcomes in fast-paced environments.

Skills
kyc, risk assessment, loan processing, compliance, customer relationship management, underwriting

Experience
Utilized compliance, underwriting, loan processing to support key business objectives and improve team performance.
Utilized loan processing, compliance, risk assessment to support key business objectives and improve team performance.
Utilized underwriting, customer relationship management, compliance to support key business objectives and improve team performance.
Utilized kyc, underwriting, loan processing to support key business objectives and improve team performance.

Education
Diploma in Marketing","<html><body><p>Jordan Lopez</p><p>Summary</p><p>Results-driven banking associate with 2 years of experience delivering high-impact outcomes in fast-paced environments.</p><p>Skills</p><p>kyc, risk assessment, loan processing, compliance, customer relationship management, underwriting</p><p>Experience</p><p>Utilized compliance, underwriting, loan processing to support key business objectives and improve team performance.</p><p>Utilized loan processing, compliance, risk assessment to support key business objectives and improve team performance.</p><p>Utilized underwriting, customer relationship management, compliance to support key business objectives and improve team performance.</p><p>Utilized kyc, underwriting, loan processing to support key business objectives and improve team performance.</p><p>Education</p><p>Diploma in Marketing</p></body></html>",BANKING
296,"Jordan Patel
Summary
Results-driven sales representative with 5 years of experience delivering high-impact outcomes in fast-paced environments.

Skills
cold calling, salesforce, quota attainment, client relationship, closing deals, sales, negotiation, crm

Experience
Utilized sales, closing deals, salesforce to support key business objectives and improve team performance.
Utilized crm, salesforce, closing deals to support key business objectives and improve team performance.
Utilized cold calling, salesforce, crm to support key business objectives and improve team performance.
Utilized negotiation, crm, salesforce to support key business objectives and improve team performance.

Education
Bachelor of Engineering in Marketing","<html><body><p>Jordan Patel</p><p>Summary</p><p>Results-driven sales representative with 5 years of experience delivering high-impact outcomes in fast-paced environments.</p><p>Skills</p><p>cold calling, salesforce, quota attainment, client relationship, closing deals, sales, negotiation, crm</p><p>Experience</p><p>Utilized sales, closing deals, salesforce to support key business objectives and improve team performance.</p><p>Utilized crm, salesforce, closing deals to support key business objectives and improve team performance.</p><p>Utilized cold calling, salesforce, crm to support key business objectives and improve team performance.</p><p>Utilized negotiation, crm, salesforce to support key business objectives and improve team performance.</p><p>Education</p><p>Bachelor of Engineering in Marketing</p></body></html>",SALES
602,"Omar Brown
Summary
Results-driven construction project manager with 6 years of experience delivering high-impact outcomes in fast-paced environments.

Skills
project scheduling, cost estimation, osha compliance, subcontractor management, site supervision, blueprint reading

Experience
Utilized osha compliance, project scheduling, blueprint reading to support key business objectives and improve team performance.
Utilized site supervision, blueprint reading, subcontractor management to support key business objectives and improve team performance.
Utilized cost estimation, subcontractor management, site supervision to support key business objectives and improve team performance.

Education
Bachelor of Engineering in Finance","<html><body><p>Omar Brown</p><p>Summary</p><p>Results-driven construction project manager with 6 years of experience delivering high-impact outcomes in fast-paced environments.</p><p>Skills</p><p>project scheduling, cost estimation, osha compliance, subcontractor management, site supervision, blueprint reading</p><p>Experience</p><p>Utilized osha compliance, project scheduling, blueprint reading to support key business objectives and improve team performance.</p><p>Utilized site supervision, blueprint reading, subcontractor management to support key business objectives and improve team performance.</p><p>Utilized cost estimation, subcontractor management, site supervision to support key business objectives and improve team performance.</p><p>Education</p><p>Bachelor of Engineering in Finance</p></body></html>",CONSTRUCTION
300,"Grace Chen
Summary
Motivated sales representative professional with a proven track record of 6 years managing cross-functional initiatives.

Skills
client relationship, salesforce, cold calling, sales, closing deals, crm

Experience
Utilized client relationship, cold calling, salesforce to support key business objectives and improve team performance.
Utilized client relationship, salesforce, sales to support key business objectives and improve team performance.

Education
Bachelor of Arts in Education","<html><body><p>Grace Chen</p><p>Summary</p><p>Motivated sales representative professional with a proven track record of 6 years managing cross-functional initiatives.</p><p>Skills</p><p>client relationship, salesforce, cold calling, sales, closing deals, crm</p><p>Experience</p><p>Utilized client relationship, cold calling, salesforce to support key business objectives and improve team performance.</p><p>Utilized client relationship, salesforce, sales to support key business objectives and improve team performance.</p><p>Education</p><p>Bachelor of Arts in Education</p></body></html>",SALES
149,"Priya Patel
Summary
Results-driven educator with 4 years of experience delivering high-impact outcomes in fast-paced environments.

Skills
tutoring, special education, differentiated instruction, parent communication, classroom management, student assessment, lesson planning, instructional design

Experience
Utilized special education, instructional design, parent communication to support key business objectives and improve team performance.
Utilized instructional design, differentiated instruction, parent communication to support key business objectives and improve team performance.

Education
MBA in Business Administration","<html><body><p>Priya Patel</p><p>Summary</p><p>Results-driven educator with 4 years of experience delivering high-impact outcomes in fast-paced environments.</p><p>Skills</p><p>tutoring, special education, differentiated instruction, parent communication, classroom management, student assessment, lesson planning, instructional design</p><p>Experience</p><p>Utilized special education, instructional design, parent communication to support key business objectives and improve team performance.</p><p>Utilized instructional design, differentiated instruction, parent communication to support key business objectives and improve team performance.</p><p>Education</p><p>MBA in Business Administration</p></body></html>",TEACHER
124,"Ravi Johnson
Summary
Motivated educator professional with a proven track record of 12 years managing cross-functional initiatives.

Skills
lesson planning, special education, tutoring, instructional design, differentiated instruction, classroom management, curriculum development, student assessment

Experience
Utilized student assessment, differentiated instruction, instructional design to support key business objectives and improve team performance.
Utilized curriculum development, differentiated instruction, lesson planning to support key business objectives and improve team performance.
Utilized classroom management, student assessment, differentiated instruction to support key business objectives and improve team performance.

Education
Bachelor of Engineering in Business Administration","<html><body><p>Ravi Johnson</p><p>Summary</p><p>Motivated educator professional with a proven track record of 12 years managing cross-functional initiatives.</p><p>Skills</p><p>lesson planning, special education, tutoring, instructional design, differentiated instruction, classroom management, curriculum development, student assessment</p><p>Experience</p><p>Utilized student assessment, differentiated instruction, instructional design to support key business objectives and improve team performance.</p><p>Utilized curriculum development, differentiated instruction, lesson planning to support key business objectives and improve team performance.</p><p>Utilized classroom management, student assessment, differentiated instruction to support key business objectives and improve team performance.</p><p>Education</p><p>Bachelor of Engineering in Business Administration</p></body></html>",TEACHER
506,"Ravi Kim
Summary
Detail-oriented digital marketing specialist offering 14+ years of hands-on expertise and a strong record of measurable results.

Skills
brand strategy, content strategy, copywriting, email marketing, digital marketing, seo, google analytics, social media marketing, campaign management

Experience
Utilized social media marketing, content strategy, seo to support key business objectives and improve team performance.
Utilized content strategy, email marketing, brand strategy to support key business objectives and improve team performance.

Education
Diploma in Business Administration","<html><body><p>Ravi Kim</p><p>Summary</p><p>Detail-oriented digital marketing specialist offering 14+ years of hands-on expertise and a strong record of measurable results.</p><p>Skills</p><p>brand strategy, content strategy, copywriting, email marketing, digital marketing, seo, google analytics, social media marketing, campaign management</p><p>Experience</p><p>Utilized social media marketing, content strategy, seo to support key business objectives and improve team performance.</p><p>Utilized content strategy, email marketing, brand strategy to support key business objectives and improve team performance.</p><p>Education</p><p>Diploma in Business Administration</p></body></html>",DIGITAL-MEDIA
550,"Taylor Lopez
Summary
Detail-oriented aviation operations coordinator offering 14+ years of hands-on expertise and a strong record of measurable results.

Skills
faa regulations, flight operations, aircraft maintenance, ground operations, safety compliance, logistics coordination

Experience
Utilized flight operations, ground operations, logistics coordination to support key business objectives and improve team performance.
Utilized logistics coordination, aircraft maintenance, faa regulations to support key business objectives and improve team performance.
Utilized aircraft maintenance, logistics coordination, faa regulations to support key business objectives and improve team performance.

Education
Bachelor of Engineering in Design","<html><body><p>Taylor Lopez</p><p>Summary</p><p>Detail-oriented aviation operations coordinator offering 14+ years of hands-on expertise and a strong record of measurable results.</p><p>Skills</p><p>faa regulations, flight operations, aircraft maintenance, ground operations, safety compliance, logistics coordination</p><p>Experience</p><p>Utilized flight operations, ground operations, logistics coordination to support key business objectives and improve team performance.</p><p>Utilized logistics coordination, aircraft maintenance, faa regulations to support key business objectives and improve team performance.</p><p>Utilized aircraft maintenance, logistics coordination, faa regulations to support key business objectives and improve team performance.</p><p>Education</p><p>Bachelor of Engineering in Design</p></body></html>",AVIATION
185,"Jordan Kim
Summary
Motivated legal counsel professional with a proven track record of 11 years managing cross-functional initiatives.

Skills
westlaw, litigation, legal research, compliance, case management, negotiation, regulatory filings, contract review, legal writing

Experience
Utilized compliance, negotiation, case management to support key business objectives and improve team performance.
Utilized legal writing, litigation, compliance to support key business objectives and improve team performance.
Utilized compliance, contract review, legal research to support key business objectives and improve team performance.
Utilized regulatory filings, legal research, legal writing to support key business objectives and improve team performance.

Education
Bachelor of Science in Accounting","<html><body><p>Jordan Kim</p><p>Summary</p><p>Motivated legal counsel professional with a proven track record of 11 years managing cross-functional initiatives.</p><p>Skills</p><p>westlaw, litigation, legal research, compliance, case management, negotiation, regulatory filings, contract review, legal writing</p><p>Experience</p><p>Utilized compliance, negotiation, case management to support key business objectives and improve team performance.</p><p>Utilized legal writing, litigation, compliance to support key business objectives and improve team performance.</p><p>Utilized compliance, contract review, legal research to support key business objectives and improve team performance.</p><p>Utilized regulatory filings, legal research, legal writing to support key business objectives and improve team performance.</p><p>Education</p><p>Bachelor of Science in Accounting</p></body></html>",ADVOCATE
364,"Jordan Kim
Summary
Detail-oriented mechanical engineer offering 6+ years of hands-on expertise and a strong record of measurable results.

Skills
project management, autocad, six sigma, root cause analysis, quality control, cad, matlab, process improvement, manufacturing

Experience
Utilized root cause analysis, six sigma, matlab to support key business objectives and improve team performance.
Utilized manufacturing, matlab, process improvement to support key business objectives and improve team performance.
Utilized root cause analysis, six sigma, matlab to support key business objectives and improve team performance.
Utilized matlab, manufacturing, root cause analysis to support key business objectives and improve team performance.

Education
Bachelor of Engineering in Education","<html><body><p>Jordan Kim</p><p>Summary</p><p>Detail-oriented mechanical engineer offering 6+ years of hands-on expertise and a strong record of measurable results.</p><p>Skills</p><p>project management, autocad, six sigma, root cause analysis, quality control, cad, matlab, process improvement, manufacturing</p><p>Experience</p><p>Utilized root cause analysis, six sigma, matlab to support key business objectives and improve team performance.</p><p>Utilized manufacturing, matlab, process improvement to support key business objectives and improve team performance.</p><p>Utilized root cause analysis, six sigma, matlab to support key business objectives and improve team performance.</p><p>Utilized matlab, manufacturing, root cause analysis to support key business objectives and improve team performance.</p><p>Education</p><p>Bachelor of Engineering in Education</p></body></html>",ENGINEERING
341,"Jordan Patel
Summary
Results-driven finance analyst with 3 years of experience delivering high-impact outcomes in fast-paced environments.

Skills
financial analysis, investment analysis, budgeting, risk management, forecasting, financial modeling, excel

Experience
Utilized financial modeling, risk management, budgeting to support key business objectives and improve team performance.
Utilized risk management, excel, investment analysis to support key business objectives and improve team performance.
Utilized budgeting, investment analysis, forecasting to support key business objectives and improve team performance.
Utilized excel, budgeting, financial modeling to support key business objectives and improve team performance.

Education
MBA in Marketing","<html><body><p>Jordan Patel</p><p>Summary</p><p>Results-driven finance analyst with 3 years of experience delivering high-impact outcomes in fast-paced environments.</p><p>Skills</p><p>financial analysis, investment analysis, budgeting, risk management, forecasting, financial modeling, excel</p><p>Experience</p><p>Utilized financial modeling, risk management, budgeting to support key business objectives and improve team performance.</p><p>Utilized risk management, excel, investment analysis to support key business objectives and improve team performance.</p><p>Utilized budgeting, investment analysis, forecasting to support key business objectives and improve team performance.</p><p>Utilized excel, budgeting, financial modeling to support key business objectives and improve team performance.</p><p>Education</p><p>MBA in Marketing</p></body></html>",FINANCE
630,"Emma Davis
Summary
Motivated construction project manager professional with a proven track record of 15 years managing cross-functional initiatives.

Skills
subcontractor management, project scheduling, site supervision, blueprint reading, cost estimation, osha compliance

Experience
Utilized project scheduling, cost estimation, subcontractor management to support key business objectives and improve team performance.
Utilized project scheduling, cost estimation, osha compliance to support key business objectives and improve team performance.

Education
Bachelor of Science in Marketing","<html><body><p>Emma Davis</p><p>Summary</p><p>Motivated construction project manager professional with a proven track record of 15 years managing cross-functional initiatives.</p><p>Skills</p><p>subcontractor management, project scheduling, site supervision, blueprint reading, cost estimation, osha compliance</p><p>Experience</p><p>Utilized project scheduling, cost estimation, subcontractor management to support key business objectives and improve team performance.</p><p>Utilized project scheduling, cost estimation, osha compliance to support key business objectives and improve team performance.</p><p>Education</p><p>Bachelor of Science in Marketing</p></body></html>",CONSTRUCTION
589,"Omar Patel
Summary
Motivated banking associate professional with a proven track record of 6 years managing cross-functional initiatives.

Skills
kyc, credit analysis, compliance, underwriting, risk assessment, customer relationship management, loan processing

Experience
Utilized risk assessment, credit analysis, customer relationship management to support key business objectives and improve team performance.
Utilized compliance, loan processing, customer relationship management to support key business objectives and improve team performance.

Education
Diploma in Computer Science","<html><body><p>Omar Patel</p><p>Summary</p><p>Motivated banking associate professional with a proven track record of 6 years managing cross-functional initiatives.</p><p>Skills</p><p>kyc, credit analysis, compliance, underwriting, risk assessment, customer relationship management, loan processing</p><p>Experience</p><p>Utilized risk assessment, credit analysis, customer relationship management to support key business objectives and improve team performance.</p><p>Utilized compliance, loan processing, customer relationship management to support key business objectives and improve team performance.</p><p>Education</p><p>Diploma in Computer Science</p></body></html>",BANKING
142,"Omar Nguyen
Summary
Detail-oriented educator offering 7+ years of hands-on expertise and a strong record of measurable results.

Skills
lesson planning, classroom management, parent communication, curriculum development, special education, tutoring, student assessment, instructional design, differentiated instruction

Experience
Utilized student assessment, curriculum development, lesson planning to support key business objectives and improve team performance.
Utilized curriculum development, classroom management, differentiated instruction to support key business objectives and improve team performance.
Utilized classroom management, instructional design, special education to support key business objectives and improve team performance.

Education
Diploma in Business Administration","<html><body><p>Omar Nguyen</p><p>Summary</p><p>Detail-oriented educator offering 7+ years of hands-on expertise and a strong record of measurable results.</p><p>Skills</p><p>lesson planning, classroom management, parent communication, curriculum development, special education, tutoring, student assessment, instructional design, differentiated instruction</p><p>Experience</p><p>Utilized student assessment, curriculum development, lesson planning to support key business objectives and improve team performance.</p><p>Utilized curriculum development, classroom management, differentiated instruction to support key business objectives and improve team performance.</p><p>Utilized classroom management, instructional design, special education to support key business objectives and improve team performance.</p><p>Education</p><p>Diploma in Business Administration</p></body></html>",TEACHER
141,"Omar Davis
Summary
Motivated educator professional with a proven track record of 3 years managing cross-functional initiatives.

Skills
lesson planning, curriculum development, classroom management, special education, differentiated instruction, instructional design, tutoring, student assessment, parent communication

Experience
Utilized curriculum development, lesson planning, classroom management to support key business objectives and improve team performance.
Utilized special education, lesson planning, student assessment to support key business objectives and improve team performance.
Utilized tutoring, differentiated instruction, instructional design to support key business objectives and improve team performance.
Utilized parent communication, tutoring, special education to support key business objectives and improve team performance.

Education
Bachelor of Science in Computer Science","<html><body><p>Omar Davis</p><p>Summary</p><p>Motivated educator professional with a proven track record of 3 years managing cross-functional initiatives.</p><p>Skills</p><p>lesson planning, curriculum development, classroom management, special education, differentiated instruction, instructional design, tutoring, student assessment, parent communication</p><p>Experience</p><p>Utilized curriculum development, lesson planning, classroom management to support key business objectives and improve team performance.</p><p>Utilized special education, lesson planning, student assessment to support key business objectives and improve team performance.</p><p>Utilized tutoring, differentiated instruction, instructional design to support key business objectives and improve team performance.</p><p>Utilized parent communication, tutoring, special education to support key business objectives and improve team performance.</p><p>Education</p><p>Bachelor of Science in Computer Science</p></body></html>",TEACHER
340,"Aisha Nguyen
Summary
Motivated finance analyst professional with a proven track record of 12 years managing cross-functional initiatives.

Skills
risk management, investment analysis, variance analysis, financial analysis, forecasting, financial reporting, budgeting, financial modeling, excel

Experience
Utilized forecasting, investment analysis, variance analysis to support key business objectives and improve team performance.
Utilized budgeting, financial reporting, financial analysis to support key business objectives and improve team performance.
Utilized risk management, excel, financial reporting to support key business objectives and improve team performance.
Utilized variance analysis, financial modeling, budgeting to support key business objectives and improve team performance.

Education
Bachelor of Science in Marketing","<html><body><p>Aisha Nguyen</p><p>Summary</p><p>Motivated finance analyst professional with a proven track record of 12 years managing cross-functional initiatives.</p><p>Skills</p><p>risk management, investment analysis, variance analysis, financial analysis, forecasting, financial reporting, budgeting, financial modeling, excel</p><p>Experience</p><p>Utilized forecasting, investment analysis, variance analysis to support key business objectives and improve team performance.</p><p>Utilized budgeting, financial reporting, financial analysis to support key business objectives and improve team performance.</p><p>Utilized risk management, excel, financial reporting to support key business objectives and improve team performance.</p><p>Utilized variance analysis, financial modeling, budgeting to support key business objectives and improve team performance.</p><p>Education</p><p>Bachelor of Science in Marketing</p></body></html>",FINANCE
19,"Sofia Khan
Summary
Motivated software engineer professional with a proven track record of 13 years managing cross-functional initiatives.

Skills
microservices, python, java, docker, sql, linux, machine learning, agile, cloud computing, react

Experience
Utilized machine learning, docker, sql to support key business objectives and improve team performance.
Utilized microservices, machine learning, react to support key business objectives and improve team performance.

Education
Bachelor of Engineering in Accounting","<html><body><p>Sofia Khan</p><p>Summary</p><p>Motivated software engineer professional with a proven track record of 13 years managing cross-functional initiatives.</p><p>Skills</p><p>microservices, python, java, docker, sql, linux, machine learning, agile, cloud computing, react</p><p>Experience</p><p>Utilized machine learning, docker, sql to support key business objectives and improve team performance.</p><p>Utilized microservices, machine learning, react to support key business objectives and improve team performance.</p><p>Education</p><p>Bachelor of Engineering in Accounting</p></body></html>",INFORMATION-TECHNOLOGY
172,"Priya Singh
Summary
Detail-oriented legal counsel offering 5+ years of hands-on expertise and a strong record of measurable results.

Skills
regulatory filings, legal writing, negotiation, compliance, case management, legal research, westlaw, contract review

Experience
Utilized legal writing, regulatory filings, case management to support key business objectives and improve team performance.
Utilized legal research, case management, contract review to support key business objectives and improve team performance.
Utilized case management, negotiation, legal research to support key business objectives and improve team performance.
Utilized legal writing, compliance, regulatory filings to support key business objectives and improve team performance.

Education
MBA in Design","<html><body><p>Priya Singh</p><p>Summary</p><p>Detail-oriented legal counsel offering 5+ years of hands-on expertise and a strong record of measurable results.</p><p>Skills</p><p>regulatory filings, legal writing, negotiation, compliance, case management, legal research, westlaw, contract review</p><p>Experience</p><p>Utilized legal writing, regulatory filings, case management to support key business objectives and improve team performance.</p><p>Utilized legal research, case management, contract review to support key business objectives and improve team performance.</p><p>Utilized case management, negotiation, legal research to support key business objectives and improve team performance.</p><p>Utilized legal writing, compliance, regulatory filings to support key business objectives and improve team performance.</p><p>Education</p><p>MBA in Design</p></body></html>",ADVOCATE
517,"Liam Patel
Summary
Motivated digital marketing specialist professional with a proven track record of 15 years managing cross-functional initiatives.

Skills
digital marketing, google analytics, brand strategy, seo, content strategy, social media marketing, campaign management, copywriting, email marketing

Experience
Utilized campaign management, social media marketing, email marketing to support key business objectives and improve team performance.
Utilized brand strategy, seo, email marketing to support key business objectives and improve team performance.

Education
Master of Science in Finance","<html><body><p>Liam Patel</p><p>Summary</p><p>Motivated digital marketing specialist professional with a proven track record of 15 years managing cross-functional initiatives.</p><p>Skills</p><p>digital marketing, google analytics, brand strategy, seo, content strategy, social media marketing, campaign management, copywriting, email marketing</p><p>Experience</p><p>Utilized campaign management, social media marketing, email marketing to support key business objectives and improve team performance.</p><p>Utilized brand strategy, seo, email marketing to support key business objectives and improve team performance.</p><p>Education</p><p>Master of Science in Finance</p></body></html>",DIGITAL-MEDIA
12,"Aisha Lopez
Summary
Results-driven software engineer with 3 years of experience delivering high-impact outcomes in fast-paced environments.

Skills
microservices, java, python, linux, rest api, git

Experience
Utilized microservices, rest api, git to support key business objectives and improve team performance.
Utilized git, java, linux to support key business objectives and improve team performance.

Education
MBA in Business Administration","<html><body><p>Aisha Lopez</p><p>Summary</p><p>Results-driven software engineer with 3 years of experience delivering high-impact outcomes in fast-paced environments.</p><p>Skills</p><p>microservices, java, python, linux, rest api, git</p><p>Experience</p><p>Utilized microservices, rest api, git to support key business objectives and improve team performance.</p><p>Utilized git, java, linux to support key business objectives and improve team performance.</p><p>Education</p><p>MBA in Business Administration</p></body></html>",INFORMATION-TECHNOLOGY
25,"Noah Chen
Summary
Results-driven software engineer with 12 years of experience delivering high-impact outcomes in fast-paced environments.

Skills
machine learning, microservices, git, rest api, react, python, aws, django, linux

Experience
Utilized machine learning, python, git to support key business objectives and improve team performance.
Utilized aws, linux, react to support key business objectives and improve team performance.
Utilized linux, rest api, django to support key business objectives and improve team performance.

Education
MBA in Design","<html><body><p>Noah Chen</p><p>Summary</p><p>Results-driven software engineer with 12 years of experience delivering high-impact outcomes in fast-paced environments.</p><p>Skills</p><p>machine learning, microservices, git, rest api, react, python, aws, django, linux</p><p>Experience</p><p>Utilized machine learning, python, git to support key business objectives and improve team performance.</p><p>Utilized aws, linux, react to support key business objectives and improve team performance.</p><p>Utilized linux, rest api, django to support key business objectives and improve team performance.</p><p>Education</p><p>MBA in Design</p></body></html>",INFORMATION-TECHNOLOGY
494,"Wei Sharma
Summary
Results-driven digital marketing specialist with 15 years of experience delivering high-impact outcomes in fast-paced environments.

Skills
copywriting, brand strategy, social media marketing, campaign management, content strategy, digital marketing, seo

Experience
Utilized social media marketing, seo, campaign management to support key business objectives and improve team performance.
Utilized content strategy, seo, digital marketing to support key business objectives and improve team performance.

Education
Diploma in Computer Science","<html><body><p>Wei Sharma</p><p>Summary</p><p>Results-driven digital marketing specialist with 15 years of experience delivering high-impact outcomes in fast-paced environments.</p><p>Skills</p><p>copywriting, brand strategy, social media marketing, campaign management, content strategy, digital marketing, seo</p><p>Experience</p><p>Utilized social media marketing, seo, campaign management to support key business objectives and improve team performance.</p><p>Utilized content strategy, seo, digital marketing to support key business objectives and improve team performance.</p><p>Education</p><p>Diploma in Computer Science</p></body></html>",DIGITAL-MEDIA
169,"Aisha Sharma
Summary
Results-driven legal counsel with 9 years of experience delivering high-impact outcomes in fast-paced environments.

Skills
regulatory filings, contract review, compliance, client counseling, negotiation, case management, legal writing, legal research, westlaw

Experience
Utilized westlaw, legal writing, contract review to support key business objectives and improve team performance.
Utilized westlaw, regulatory filings, contract review to support key business objectives and improve team performance.
Utilized client counseling, westlaw, legal writing to support key business objectives and improve team performance.
Utilized regulatory filings, client counseling, westlaw to support key business objectives and improve team performance.

Education
Bachelor of Science in Finance","<html><body><p>Aisha Sharma</p><p>Summary</p><p>Results-driven legal counsel with 9 years of experience delivering high-impact outcomes in fast-paced environments.</p><p>Skills</p><p>regulatory filings, contract review, compliance, client counseling, negotiation, case management, legal writing, legal research, westlaw</p><p>Experience</p><p>Utilized westlaw, legal writing, contract review to support key business objectives and improve team performance.</p><p>Utilized westlaw, regulatory filings, contract review to support key business objectives and improve team performance.</p><p>Utilized client counseling, westlaw, legal writing to support key business objectives and improve team performance.</p><p>Utilized regulatory filings, client counseling, westlaw to support key business objectives and improve team performance.</p><p>Education</p><p>Bachelor of Science in Finance</p></body></html>",ADVOCATE
554,"Grace Sharma
Summary
Detail-oriented aviation operations coordinator offering 15+ years of hands-on expertise and a strong record of measurable results.

Skills
faa regulations, flight operations, logistics coordination, safety compliance, ground operations, aircraft maintenance

Experience
Utilized safety compliance, faa regulations, logistics coordination to support key business objectives and improve team performance.
Utilized flight operations, logistics coordination, safety compliance to support key business objectives and improve team performance.

Education
MBA in Mechanical Engineering","<html><body><p>Grace Sharma</p><p>Summary</p><p>Detail-oriented aviation operations coordinator offering 15+ years of hands-on expertise and a strong record of measurable results.</p><p>Skills</p><p>faa regulations, flight operations, logistics coordination, safety compliance, ground operations, aircraft maintenance</p><p>Experience</p><p>Utilized safety compliance, faa regulations, logistics coordination to support key business objectives and improve team performance.</p><p>Utilized flight operations, logistics coordination, safety compliance to support key business objectives and improve team performance.</p><p>Education</p><p>MBA in Mechanical Engineering</p></body></html>",AVIATION
507,"Omar Patel
Summary
Motivated digital marketing specialist professional with a proven track record of 6 years managing cross-functional initiatives.

Skills
social media marketing, google analytics, seo, content strategy, email marketing, campaign management, digital marketing, brand strategy, copywriting

Experience
Utilized copywriting, digital marketing, email marketing to support key business objectives and improve team performance.
Utilized campaign management, social media marketing, content strategy to support key business objectives and improve team performance.
Utilized email marketing, campaign management, social media marketing to support key business objectives and improve team performance.

Education
Bachelor of Arts in Marketing","<html><body><p>Omar Patel</p><p>Summary</p><p>Motivated digital marketing specialist professional with a proven track record of 6 years managing cross-functional initiatives.</p><p>Skills</p><p>social media marketing, google analytics, seo, content strategy, email marketing, campaign management, digital marketing, brand strategy, copywriting</p><p>Experience</p><p>Utilized copywriting, digital marketing, email marketing to support key business objectives and improve team performance.</p><p>Utilized campaign management, social media marketing, content strategy to support key business objectives and improve team performance.</p><p>Utilized email marketing, campaign management, social media marketing to support key business objectives and improve team performance.</p><p>Education</p><p>Bachelor of Arts in Marketing</p></body></html>",DIGITAL-MEDIA
245,"Grace Garcia
Summary
Motivated healthcare professional professional with a proven track record of 4 years managing cross-functional initiatives.

Skills
triage, ehr, nursing, medication administration, vital signs monitoring, medical records

Experience
Utilized medication administration, vital signs monitoring, ehr to support key business objectives and improve team performance.
Utilized medical records, triage, nursing to support key business objectives and improve team performance.
Utilized medication administration, ehr, medical records to support key business objectives and improve team performance.
Utilized medical records, vital signs monitoring, triage to support key business objectives and improve team performance.

Education
Master of Science in Business Administration","<html><body><p>Grace Garcia</p><p>Summary</p><p>Motivated healthcare professional professional with a proven track record of 4 years managing cross-functional initiatives.</p><p>Skills</p><p>triage, ehr, nursing, medication administration, vital signs monitoring, medical records</p><p>Experience</p><p>Utilized medication administration, vital signs monitoring, ehr to support key business objectives and improve team performance.</p><p>Utilized medical records, triage, nursing to support key business objectives and improve team performance.</p><p>Utilized medication administration, ehr, medical records to support key business objectives and improve team performance.</p><p>Utilized medical records, vital signs monitoring, triage to support key business objectives and improve team performance.</p><p>Education</p><p>Master of Science in Business Administration</p></body></html>",HEALTHCARE
370,"Liam Singh
Summary
Motivated mechanical engineer professional with a proven track record of 12 years managing cross-functional initiatives.

Skills
manufacturing, project management, root cause analysis, quality control, cad, matlab, six sigma, process improvement

Experience
Utilized root cause analysis, cad, project management to support key business objectives and improve team performance.
Utilized process improvement, matlab, quality control to support key business objectives and improve team performance.

Education
Diploma in Design","<html><body><p>Liam Singh</p><p>Summary</p><p>Motivated mechanical engineer professional with a proven track record of 12 years managing cross-functional initiatives.</p><p>Skills</p><p>manufacturing, project management, root cause analysis, quality control, cad, matlab, six sigma, process improvement</p><p>Experience</p><p>Utilized root cause analysis, cad, project management to support key business objectives and improve team performance.</p><p>Utilized process improvement, matlab, quality control to support key business objectives and improve team performance.</p><p>Education</p><p>Diploma in Design</p></body></html>",ENGINEERING
272,"Wei Johnson
Summary
Motivated healthcare professional professional with a proven track record of 3 years managing cross-functional initiatives.

Skills
emr, hipaa, ehr, healthcare compliance, clinical, nursing, medication administration, vital signs monitoring, medical records, patient care

Experience
Utilized medical records, patient care, hipaa to support key business objectives and improve team performance.
Utilized healthcare compliance, medical records, nursing to support key business objectives and improve team performance.
Utilized medical records, nursing, clinical to support key business objectives and improve team performance.
Utilized ehr, clinical, healthcare compliance to support key business objectives and improve team performance.

Education
Bachelor of Science in Computer Science","<html><body><p>Wei Johnson</p><p>Summary</p><p>Motivated healthcare professional professional with a proven track record of 3 years managing cross-functional initiatives.</p><p>Skills</p><p>emr, hipaa, ehr, healthcare compliance, clinical, nursing, medication administration, vital signs monitoring, medical records, patient care</p><p>Experience</p><p>Utilized medical records, patient care, hipaa to support key business objectives and improve team performance.</p><p>Utilized healthcare compliance, medical records, nursing to support key business objectives and improve team performance.</p><p>Utilized medical records, nursing, clinical to support key business objectives and improve team performance.</p><p>Utilized ehr, clinical, healthcare compliance to support key business objectives and improve team performance.</p><p>Education</p><p>Bachelor of Science in Computer Science</p></body></html>",HEALTHCARE
154,"Sofia Singh
Summary
Motivated educator professional with a proven track record of 9 years managing cross-functional initiatives.

Skills
differentiated instruction, instructional design, tutoring, student assessment, curriculum development, parent communication, classroom management

Experience
Utilized student assessment, tutoring, instructional design to support key business objectives and improve team performance.
Utilized differentiated instruction, tutoring, curriculum development to support key business objectives and improve team performance.
Utilized instructional design, differentiated instruction, tutoring to support key business objectives and improve team performance.

Education
Master of Science in Accounting","<html><body><p>Sofia Singh</p><p>Summary</p><p>Motivated educator professional with a proven track record of 9 years managing cross-functional initiatives.</p><p>Skills</p><p>differentiated instruction, instructional design, tutoring, student assessment, curriculum development, parent communication, classroom management</p><p>Experience</p><p>Utilized student assessment, tutoring, instructional design to support key business objectives and improve team performance.</p><p>Utilized differentiated instruction, tutoring, curriculum development to support key business objectives and improve team performance.</p><p>Utilized instructional design, differentiated instruction, tutoring to support key business objectives and improve team performance.</p><p>Education</p><p>Master of Science in Accounting</p></body></html>",TEACHER
126,"Neha Patel
Summary
Motivated educator professional with a proven track record of 5 years managing cross-functional initiatives.

Skills
special education, parent communication, differentiated instruction, tutoring, student assessment, lesson planning, instructional design, curriculum development

Experience
Utilized differentiated instruction, curriculum development, instructional design to support key business objectives and improve team performance.
Utilized lesson planning, tutoring, parent communication to support key business objectives and improve team performance.
Utilized curriculum development, differentiated instruction, tutoring to support key business objectives and improve team performance.
Utilized parent communication, tutoring, lesson planning to support key business objectives and improve team performance.

Education
Bachelor of Science in Business Administration","<html><body><p>Neha Patel</p><p>Summary</p><p>Motivated educator professional with a proven track record of 5 years managing cross-functional initiatives.</p><p>Skills</p><p>special education, parent communication, differentiated instruction, tutoring, student assessment, lesson planning, instructional design, curriculum development</p><p>Experience</p><p>Utilized differentiated instruction, curriculum development, instructional design to support key business objectives and improve team performance.</p><p>Utilized lesson planning, tutoring, parent communication to support key business objectives and improve team performance.</p><p>Utilized curriculum development, differentiated instruction, tutoring to support key business objectives and improve team performance.</p><p>Utilized parent communication, tutoring, lesson planning to support key business objectives and improve team performance.</p><p>Education</p><p>Bachelor of Science in Business Administration</p></body></html>",TEACHER
574,"Noah Brown
Summary
Motivated banking associate professional with a proven track record of 12 years managing cross-functional initiatives.

Skills
kyc, underwriting, customer relationship management, loan processing, compliance, credit analysis, risk assessment

Experience
Utilized customer relationship management, compliance, kyc to support key business objectives and improve team performance.
Utilized compliance, underwriting, credit analysis to support key business objectives and improve team performance.
Utilized credit analysis, customer relationship management, underwriting to support key business objectives and improve team performance.
Utilized risk assessment, loan processing, compliance to support key business objectives and improve team performance.

Education
Master of Science in Finance","<html><body><p>Noah Brown</p><p>Summary</p><p>Motivated banking associate professional with a proven track record of 12 years managing cross-functional initiatives.</p><p>Skills</p><p>kyc, underwriting, customer relationship management, loan processing, compliance, credit analysis, risk assessment</p><p>Experience</p><p>Utilized customer relationship management, compliance, kyc to support key business objectives and improve team performance.</p><p>Utilized compliance, underwriting, credit analysis to support key business objectives and improve team performance.</p><p>Utilized credit analysis, customer relationship management, underwriting to support key business objectives and improve team performance.</p><p>Utilized risk assessment, loan processing, compliance to support key business objectives and improve team performance.</p><p>Education</p><p>Master of Science in Finance</p></body></html>",BANKING
287,"Emma Davis
Summary
Results-driven sales representative with 10 years of experience delivering high-impact outcomes in fast-paced environments.

Skills
upselling, prospecting, client relationship, salesforce, negotiation, cold calling

Experience
Utilized cold calling, prospecting, client relationship to support key business objectives and improve team performance.
Utilized negotiation, upselling, cold calling to support key business objectives and improve team performance.
Utilized upselling, cold calling, salesforce to support key business objectives and improve team performance.
Utilized upselling, negotiation, cold calling to support key business objectives and improve team performance.

Education
MBA in Education","<html><body><p>Emma Davis</p><p>Summary</p><p>Results-driven sales representative with 10 years of experience delivering high-impact outcomes in fast-paced environments.</p><p>Skills</p><p>upselling, prospecting, client relationship, salesforce, negotiation, cold calling</p><p>Experience</p><p>Utilized cold calling, prospecting, client relationship to support key business objectives and improve team performance.</p><p>Utilized negotiation, upselling, cold calling to support key business objectives and improve team performance.</p><p>Utilized upselling, cold calling, salesforce to support key business objectives and improve team performance.</p><p>Utilized upselling, negotiation, cold calling to support key business objectives and improve team performance.</p><p>Education</p><p>MBA in Education</p></body></html>",SALES
113,"Taylor Davis
Summary
Results-driven product designer with 4 years of experience delivering high-impact outcomes in fast-paced environments.

Skills
prototyping, photoshop, illustrator, typography, graphic design, ux design

Experience
Utilized photoshop, graphic design, typography to support key business objectives and improve team performance.
Utilized illustrator, prototyping, typography to support key business objectives and improve team performance.

Education
Diploma in Marketing","<html><body><p>Taylor Davis</p><p>Summary</p><p>Results-driven product designer with 4 years of experience delivering high-impact outcomes in fast-paced environments.</p><p>Skills</p><p>prototyping, photoshop, illustrator, typography, graphic design, ux design</p><p>Experience</p><p>Utilized photoshop, graphic design, typography to support key business objectives and improve team performance.</p><p>Utilized illustrator, prototyping, typography to support key business objectives and improve team performance.</p><p>Education</p><p>Diploma in Marketing</p></body></html>",DESIGNER
332,"Grace Brown
Summary
Results-driven finance analyst with 13 years of experience delivering high-impact outcomes in fast-paced environments.

Skills
financial reporting, excel, forecasting, investment analysis, financial analysis, risk management

Experience
Utilized financial analysis, financial reporting, forecasting to support key business objectives and improve team performance.
Utilized forecasting, financial reporting, investment analysis to support key business objectives and improve team performance.
Utilized investment analysis, excel, forecasting to support key business objectives and improve team performance.
Utilized financial reporting, forecasting, financial analysis to support key business objectives and improve team performance.

Education
MBA in Business Administration","<html><body><p>Grace Brown</p><p>Summary</p><p>Results-driven finance analyst with 13 years of experience delivering high-impact outcomes in fast-paced environments.</p><p>Skills</p><p>financial reporting, excel, forecasting, investment analysis, financial analysis, risk management</p><p>Experience</p><p>Utilized financial analysis, financial reporting, forecasting to support key business objectives and improve team performance.</p><p>Utilized forecasting, financial reporting, investment analysis to support key business objectives and improve team performance.</p><p>Utilized investment analysis, excel, forecasting to support key business objectives and improve team performance.</p><p>Utilized financial reporting, forecasting, financial analysis to support key business objectives and improve team performance.</p><p>Education</p><p>MBA in Business Administration</p></body></html>",FINANCE
173,"Omar Garcia
Summary
Results-driven legal counsel with 15 years of experience delivering high-impact outcomes in fast-paced environments.

Skills
legal writing, westlaw, regulatory filings, legal research, negotiation, case management, contract review, litigation

Experience
Utilized case management, litigation, westlaw to support key business objectives and improve team performance.
Utilized legal writing, case management, legal research to support key business objectives and improve team performance.
Utilized negotiation, regulatory filings, legal research to support key business objectives and improve team performance.
Utilized contract review, legal research, case management to support key business objectives and improve team performance.

Education
MBA in Design","<html><body><p>Omar Garcia</p><p>Summary</p><p>Results-driven legal counsel with 15 years of experience delivering high-impact outcomes in fast-paced environments.</p><p>Skills</p><p>legal writing, westlaw, regulatory filings, legal research, negotiation, case management, contract review, litigation</p><p>Experience</p><p>Utilized case management, litigation, westlaw to support key business objectives and improve team performance.</p><p>Utilized legal writing, case management, legal research to support key business objectives and improve team performance.</p><p>Utilized negotiation, regulatory filings, legal research to support key business objectives and improve team performance.</p><p>Utilized contract review, legal research, case management to support key business objectives and improve team performance.</p><p>Education</p><p>MBA in Design</p></body></html>",ADVOCATE
57,"Grace Brown
Summary
Detail-oriented human resources specialist offering 2+ years of hands-on expertise and a strong record of measurable results.

Skills
conflict resolution, labor relations, benefits administration, hris, performance management, talent acquisition, compensation, employee relations, payroll, training and development

Experience
Utilized hris, compensation, employee relations to support key business objectives and improve team performance.
Utilized hris, compensation, talent acquisition to support key business objectives and improve team performance.
Utilized employee relations, compensation, payroll to support key business objectives and improve team performance.
Utilized labor relations, talent acquisition, compensation to support key business objectives and improve team performance.

Education
Bachelor of Science in Accounting","<html><body><p>Grace Brown</p><p>Summary</p><p>Detail-oriented human resources specialist offering 2+ years of hands-on expertise and a strong record of measurable results.</p><p>Skills</p><p>conflict resolution, labor relations, benefits administration, hris, performance management, talent acquisition, compensation, employee relations, payroll, training and development</p><p>Experience</p><p>Utilized hris, compensation, employee relations to support key business objectives and improve team performance.</p><p>Utilized hris, compensation, talent acquisition to support key business objectives and improve team performance.</p><p>Utilized employee relations, compensation, payroll to support key business objectives and improve team performance.</p><p>Utilized labor relations, talent acquisition, compensation to support key business objectives and improve team performance.</p><p>Education</p><p>Bachelor of Science in Accounting</p></body></html>",HR
499,"Jordan Lopez
Summary
Detail-oriented digital marketing specialist offering 5+ years of hands-on expertise and a strong record of measurable results.

Skills
campaign management, content strategy, google analytics, seo, email marketing, social media marketing, copywriting, brand strategy, digital marketing

Experience
Utilized copywriting, digital marketing, google analytics to support key business objectives and improve team performance.
Utilized social media marketing, seo, content strategy to support key business objectives and improve team performance.
Utilized campaign management, brand strategy, seo to support key business objectives and improve team performance.
Utilized campaign management, email marketing, seo to support key business objectives and improve team performance.

Education
MBA in Business Administration","<html><body><p>Jordan Lopez</p><p>Summary</p><p>Detail-oriented digital marketing specialist offering 5+ years of hands-on expertise and a strong record of measurable results.</p><p>Skills</p><p>campaign management, content strategy, google analytics, seo, email marketing, social media marketing, copywriting, brand strategy, digital marketing</p><p>Experience</p><p>Utilized copywriting, digital marketing, google analytics to support key business objectives and improve team performance.</p><p>Utilized social media marketing, seo, content strategy to support key business objectives and improve team performance.</p><p>Utilized campaign management, brand strategy, seo to support key business objectives and improve team performance.</p><p>Utilized campaign management, email marketing, seo to support key business objectives and improve team performance.</p><p>Education</p><p>MBA in Business Administration</p></body></html>",DIGITAL-MEDIA
222,"Omar Brown
Summary
Detail-oriented business development manager offering 8+ years of hands-on expertise and a strong record of measurable results.

Skills
negotiation, partnership development, crm, market research, client relationship, revenue growth, salesforce, business development, account management, lead generation

Experience
Utilized salesforce, crm, business development to support key business objectives and improve team performance.
Utilized partnership development, account management, business development to support key business objectives and improve team performance.
Utilized revenue growth, negotiation, account management to support key business objectives and improve team performance.

Education
Bachelor of Science in Accounting","<html><body><p>Omar Brown</p><p>Summary</p><p>Detail-oriented business development manager offering 8+ years of hands-on expertise and a strong record of measurable results.</p><p>Skills</p><p>negotiation, partnership development, crm, market research, client relationship, revenue growth, salesforce, business development, account management, lead generation</p><p>Experience</p><p>Utilized salesforce, crm, business development to support key business objectives and improve team performance.</p><p>Utilized partnership development, account management, business development to support key business objectives and improve team performance.</p><p>Utilized revenue growth, negotiation, account management to support key business objectives and improve team performance.</p><p>Education</p><p>Bachelor of Science in Accounting</p></body></html>",BUSINESS-DEVELOPMENT
280,"Jordan Davis
Summary
Results-driven sales representative with 1 years of experience delivering high-impact outcomes in fast-paced environments.

Skills
prospecting, quota attainment, upselling, closing deals, negotiation, cold calling, client relationship, sales

Experience
Utilized client relationship, quota attainment, prospecting to support key business objectives and improve team performance.
Utilized upselling, cold calling, closing deals to support key business objectives and improve team performance.
Utilized sales, client relationship, cold calling to support key business objectives and improve team performance.
Utilized client relationship, negotiation, quota attainment to support key business objectives and improve team performance.

Education
Diploma in Nursing","<html><body><p>Jordan Davis</p><p>Summary</p><p>Results-driven sales representative with 1 years of experience delivering high-impact outcomes in fast-paced environments.</p><p>Skills</p><p>prospecting, quota attainment, upselling, closing deals, negotiation, cold calling, client relationship, sales</p><p>Experience</p><p>Utilized client relationship, quota attainment, prospecting to support key business objectives and improve team performance.</p><p>Utilized upselling, cold calling, closing deals to support key business objectives and improve team performance.</p><p>Utilized sales, client relationship, cold calling to support key business objectives and improve team performance.</p><p>Utilized client relationship, negotiation, quota attainment to support key business objectives and improve team performance.</p><p>Education</p><p>Diploma in Nursing</p></body></html>",SALES
17,"Noah Davis
Summary
Detail-oriented software engineer offering 14+ years of hands-on expertise and a strong record of measurable results.

Skills
kubernetes, machine learning, python, sql, ci/cd, scrum, react

Experience
Utilized react, scrum, kubernetes to support key business objectives and improve team performance.
Utilized sql, kubernetes, react to support key business objectives and improve team performance.

Education
Bachelor of Arts in Finance","<html><body><p>Noah Davis</p><p>Summary</p><p>Detail-oriented software engineer offering 14+ years of hands-on expertise and a strong record of measurable results.</p><p>Skills</p><p>kubernetes, machine learning, python, sql, ci/cd, scrum, react</p><p>Experience</p><p>Utilized react, scrum, kubernetes to support key business objectives and improve team performance.</p><p>Utilized sql, kubernetes, react to support key business objectives and improve team performance.</p><p>Education</p><p>Bachelor of Arts in Finance</p></body></html>",INFORMATION-TECHNOLOGY
349,"Omar Chen
Summary
Motivated finance analyst professional with a proven track record of 3 years managing cross-functional initiatives.

Skills
forecasting, financial reporting, risk management, financial modeling, variance analysis, budgeting, investment analysis, financial analysis

Experience
Utilized financial reporting, risk management, forecasting to support key business objectives and improve team performance.
Utilized variance analysis, budgeting, investment analysis to support key business objectives and improve team performance.
Utilized financial reporting, financial modeling, risk management to support key business objectives and improve team performance.

Education
Bachelor of Science in Mechanical Engineering","<html><body><p>Omar Chen</p><p>Summary</p><p>Motivated finance analyst professional with a proven track record of 3 years managing cross-functional initiatives.</p><p>Skills</p><p>forecasting, financial reporting, risk management, financial modeling, variance analysis, budgeting, investment analysis, financial analysis</p><p>Experience</p><p>Utilized financial reporting, risk management, forecasting to support key business objectives and improve team performance.</p><p>Utilized variance analysis, budgeting, investment analysis to support key business objectives and improve team performance.</p><p>Utilized financial reporting, financial modeling, risk management to support key business objectives and improve team performance.</p><p>Education</p><p>Bachelor of Science in Mechanical Engineering</p></body></html>",FINANCE
255,"Omar Davis
Summary
Results-driven healthcare professional with 13 years of experience delivering high-impact outcomes in fast-paced environments.

Skills
emr, healthcare compliance, ehr, triage, vital signs monitoring, clinical, medication administration, medical records, nursing

Experience
Utilized nursing, ehr, triage to support key business objectives and improve team performance.
Utilized ehr, nursing, medical records to support key business objectives and improve team performance.
Utilized healthcare compliance, nursing, medical records to support key business objectives and improve team performance.
Utilized clinical, ehr, nursing to support key business objectives and improve team performance.

Education
Bachelor of Arts in Finance","<html><body><p>Omar Davis</p><p>Summary</p><p>Results-driven healthcare professional with 13 years of experience delivering high-impact outcomes in fast-paced environments.</p><p>Skills</p><p>emr, healthcare compliance, ehr, triage, vital signs monitoring, clinical, medication administration, medical records, nursing</p><p>Experience</p><p>Utilized nursing, ehr, triage to support key business objectives and improve team performance.</p><p>Utilized ehr, nursing, medical records to support key business objectives and improve team performance.</p><p>Utilized healthcare compliance, nursing, medical records to support key business objectives and improve team performance.</p><p>Utilized clinical, ehr, nursing to support key business objectives and improve team performance.</p><p>Education</p><p>Bachelor of Arts in Finance</p></body></html>",HEALTHCARE
356,"Wei Chen
Summary
Detail-oriented finance analyst offering 14+ years of hands-on expertise and a strong record of measurable results.

Skills
budgeting, financial analysis, financial reporting, risk management, excel, financial modeling, forecasting, investment analysis, variance analysis

Experience
Utilized financial analysis, financial reporting, variance analysis to support key business objectives and improve team performance.
Utilized budgeting, risk management, variance analysis to support key business objectives and improve team performance.
Utilized budgeting, risk management, forecasting to support key business objectives and improve team performance.

Education
Master of Science in Design","<html><body><p>Wei Chen</p><p>Summary</p><p>Detail-oriented finance analyst offering 14+ years of hands-on expertise and a strong record of measurable results.</p><p>Skills</p><p>budgeting, financial analysis, financial reporting, risk management, excel, financial modeling, forecasting, investment analysis, variance analysis</p><p>Experience</p><p>Utilized financial analysis, financial reporting, variance analysis to support key business objectives and improve team performance.</p><p>Utilized budgeting, risk management, variance analysis to support key business objectives and improve team performance.</p><p>Utilized budgeting, risk management, forecasting to support key business objectives and improve team performance.</p><p>Education</p><p>Master of Science in Design</p></body></html>",FINANCE
612,"Omar Lopez
Summary
Detail-oriented construction project manager offering 14+ years of hands-on expertise and a strong record of measurable results.

Skills
site supervision, project scheduling, osha compliance, subcontractor management, cost estimation, blueprint reading

Experience
Utilized subcontractor management, cost estimation, project scheduling to support key business objectives and improve team performance.
Utilized project scheduling, osha compliance, blueprint reading to support key business objectives and improve team performance.

Education
MBA in Business Administration","<html><body><p>Omar Lopez</p><p>Summary</p><p>Detail-oriented construction project manager offering 14+ years of hands-on expertise and a strong record of measurable results.</p><p>Skills</p><p>site supervision, project scheduling, osha compliance, subcontractor management, cost estimation, blueprint reading</p><p>Experience</p><p>Utilized subcontractor management, cost estimation, project scheduling to support key business objectives and improve team performance.</p><p>Utilized project scheduling, osha compliance, blueprint reading to support key business objectives and improve team performance.</p><p>Education</p><p>MBA in Business Administration</p></body></html>",CONSTRUCTION
190,"Aisha Chen
Summary
Detail-oriented legal counsel offering 8+ years of hands-on expertise and a strong record of measurable results.

Skills
client counseling, negotiation, legal research, compliance, litigation, legal writing, westlaw, regulatory filings, contract review

Experience
Utilized legal research, negotiation, compliance to support key business objectives and improve team performance.
Utilized legal writing, westlaw, compliance to support key business objectives and improve team performance.
Utilized compliance, litigation, contract review to support key business objectives and improve team performance.
Utilized legal writing, litigation, compliance to support key business objectives and improve team performance.

Education
Bachelor of Arts in Marketing","<html><body><p>Aisha Chen</p><p>Summary</p><p>Detail-oriented legal counsel offering 8+ years of hands-on expertise and a strong record of measurable results.</p><p>Skills</p><p>client counseling, negotiation, legal research, compliance, litigation, legal writing, westlaw, regulatory filings, contract review</p><p>Experience</p><p>Utilized legal research, negotiation, compliance to support key business objectives and improve team performance.</p><p>Utilized legal writing, westlaw, compliance to support key business objectives and improve team performance.</p><p>Utilized compliance, litigation, contract review to support key business objectives and improve team performance.</p><p>Utilized legal writing, litigation, compliance to support key business objectives and improve team performance.</p><p>Education</p><p>Bachelor of Arts in Marketing</p></body></html>",ADVOCATE
477,"Taylor Johnson
Summary
Motivated management consultant professional with a proven track record of 11 years managing cross-functional initiatives.

Skills
strategy, stakeholder management, client presentations, data analysis, change management, business case development, project management, process optimization

Experience
Utilized data analysis, stakeholder management, business case development to support key business objectives and improve team performance.
Utilized client presentations, project management, business case development to support key business objectives and improve team performance.
Utilized client presentations, change management, project management to support key business objectives and improve team performance.
Utilized business case development, data analysis, stakeholder management to support key business objectives and improve team performance.

Education
Bachelor of Science in Business Administration","<html><body><p>Taylor Johnson</p><p>Summary</p><p>Motivated management consultant professional with a proven track record of 11 years managing cross-functional initiatives.</p><p>Skills</p><p>strategy, stakeholder management, client presentations, data analysis, change management, business case development, project management, process optimization</p><p>Experience</p><p>Utilized data analysis, stakeholder management, business case development to support key business objectives and improve team performance.</p><p>Utilized client presentations, project management, business case development to support key business objectives and improve team performance.</p><p>Utilized client presentations, change management, project management to support key business objectives and improve team performance.</p><p>Utilized business case development, data analysis, stakeholder management to support key business objectives and improve team performance.</p><p>Education</p><p>Bachelor of Science in Business Administration</p></body></html>",CONSULTANT
581,"Neha Patel
Summary
Detail-oriented banking associate offering 15+ years of hands-on expertise and a strong record of measurable results.

Skills
customer relationship management, risk assessment, loan processing, credit analysis, underwriting, kyc, compliance

Experience
Utilized kyc, risk assessment, compliance to support key business objectives and improve team performance.
Utilized loan processing, customer relationship management, credit analysis to support key business objectives and improve team performance.
Utilized kyc, loan processing, risk assessment to support key business objectives and improve team performance.
Utilized loan processing, risk assessment, underwriting to support key business objectives and improve team performance.

Education
Bachelor of Arts in Finance","<html><body><p>Neha Patel</p><p>Summary</p><p>Detail-oriented banking associate offering 15+ years of hands-on expertise and a strong record of measurable results.</p><p>Skills</p><p>customer relationship management, risk assessment, loan processing, credit analysis, underwriting, kyc, compliance</p><p>Experience</p><p>Utilized kyc, risk assessment, compliance to support key business objectives and improve team performance.</p><p>Utilized loan processing, customer relationship management, credit analysis to support key business objectives and improve team performance.</p><p>Utilized kyc, loan processing, risk assessment to support key business objectives and improve team performance.</p><p>Utilized loan processing, risk assessment, underwriting to support key business objectives and improve team performance.</p><p>Education</p><p>Bachelor of Arts in Finance</p></body></html>",BANKING
319,"Omar Garcia
Summary
Results-driven sales representative with 14 years of experience delivering high-impact outcomes in fast-paced environments.

Skills
negotiation, client relationship, prospecting, quota attainment, cold calling, sales, closing deals, upselling

Experience
Utilized client relationship, quota attainment, closing deals to support key business objectives and improve team performance.
Utilized client relationship, negotiation, upselling to support key business objectives and improve team performance.
Utilized negotiation, quota attainment, prospecting to support key business objectives and improve team performance.
Utilized cold calling, sales, prospecting to support key business objectives and improve team performance.

Education
MBA in Accounting","<html><body><p>Omar Garcia</p><p>Summary</p><p>Results-driven sales representative with 14 years of experience delivering high-impact outcomes in fast-paced environments.</p><p>Skills</p><p>negotiation, client relationship, prospecting, quota attainment, cold calling, sales, closing deals, upselling</p><p>Experience</p><p>Utilized client relationship, quota attainment, closing deals to support key business objectives and improve team performance.</p><p>Utilized client relationship, negotiation, upselling to support key business objectives and improve team performance.</p><p>Utilized negotiation, quota attainment, prospecting to support key business objectives and improve team performance.</p><p>Utilized cold calling, sales, prospecting to support key business objectives and improve team performance.</p><p>Education</p><p>MBA in Accounting</p></body></html>",SALES
94,"Priya Lopez
Summary
Detail-oriented product designer offering 6+ years of hands-on expertise and a strong record of measurable results.

Skills
ux design, prototyping, graphic design, wireframing, photoshop, figma, indesign

Experience
Utilized graphic design, prototyping, wireframing to support key business objectives and improve team performance.
Utilized photoshop, graphic design, indesign to support key business objectives and improve team performance.
Utilized graphic design, figma, indesign to support key business objectives and improve team performance.

Education
Bachelor of Engineering in Accounting","<html><body><p>Priya Lopez</p><p>Summary</p><p>Detail-oriented product designer offering 6+ years of hands-on expertise and a strong record of measurable results.</p><p>Skills</p><p>ux design, prototyping, graphic design, wireframing, photoshop, figma, indesign</p><p>Experience</p><p>Utilized graphic design, prototyping, wireframing to support key business objectives and improve team performance.</p><p>Utilized photoshop, graphic design, indesign to support key business objectives and improve team performance.</p><p>Utilized graphic design, figma, indesign to support key business objectives and improve team performance.</p><p>Education</p><p>Bachelor of Engineering in Accounting</p></body></html>",DESIGNER
180,"Neha Brown
Summary
Detail-oriented legal counsel offering 2+ years of hands-on expertise and a strong record of measurable results.

Skills
regulatory filings, litigation, negotiation, westlaw, client counseling, case management, legal writing, legal research, compliance, contract review

Experience
Utilized negotiation, westlaw, regulatory filings to support key business objectives and improve team performance.
Utilized client counseling, legal writing, litigation to support key business objectives and improve team performance.
Utilized compliance, client counseling, negotiation to support key business objectives and improve team performance.
Utilized legal writing, litigation, compliance to support key business objectives and improve team performance.

Education
Master of Science in Nursing","<html><body><p>Neha Brown</p><p>Summary</p><p>Detail-oriented legal counsel offering 2+ years of hands-on expertise and a strong record of measurable results.</p><p>Skills</p><p>regulatory filings, litigation, negotiation, westlaw, client counseling, case management, legal writing, legal research, compliance, contract review</p><p>Experience</p><p>Utilized negotiation, westlaw, regulatory filings to support key business objectives and improve team performance.</p><p>Utilized client counseling, legal writing, litigation to support key business objectives and improve team performance.</p><p>Utilized compliance, client counseling, negotiation to support key business objectives and improve team performance.</p><p>Utilized legal writing, litigation, compliance to support key business objectives and improve team performance.</p><p>Education</p><p>Master of Science in Nursing</p></body></html>",ADVOCATE
301,"Liam Johnson
Summary
Detail-oriented sales representative offering 4+ years of hands-on expertise and a strong record of measurable results.

Skills
prospecting, crm, cold calling, salesforce, upselling, closing deals, sales

Experience
Utilized cold calling, crm, salesforce to support key business objectives and improve team performance.
Utilized closing deals, crm, cold calling to support key business objectives and improve team performance.
Utilized cold calling, crm, sales to support key business objectives and improve team performance.

Education
Bachelor of Engineering in Marketing","<html><body><p>Liam Johnson</p><p>Summary</p><p>Detail-oriented sales representative offering 4+ years of hands-on expertise and a strong record of measurable results.</p><p>Skills</p><p>prospecting, crm, cold calling, salesforce, upselling, closing deals, sales</p><p>Experience</p><p>Utilized cold calling, crm, salesforce to support key business objectives and improve team performance.</p><p>Utilized closing deals, crm, cold calling to support key business objectives and improve team performance.</p><p>Utilized cold calling, crm, sales to support key business objectives and improve team performance.</p><p>Education</p><p>Bachelor of Engineering in Marketing</p></body></html>",SALES
431,"Grace Singh
Summary
Results-driven accountant with 11 years of experience delivering high-impact outcomes in fast-paced environments.

Skills
general ledger, accounts receivable, accounts payable, bookkeeping, auditing, financial statements

Experience
Utilized bookkeeping, general ledger, accounts payable to support key business objectives and improve team performance.
Utilized accounts receivable, financial statements, auditing to support key business objectives and improve team performance.
Utilized financial statements, general ledger, accounts receivable to support key business objectives and improve team performance.
Utilized bookkeeping, financial statements, accounts payable to support key business objectives and improve team performance.

Education
Bachelor of Engineering in Finance","<html><body><p>Grace Singh</p><p>Summary</p><p>Results-driven accountant with 11 years of experience delivering high-impact outcomes in fast-paced environments.</p><p>Skills</p><p>general ledger, accounts receivable, accounts payable, bookkeeping, auditing, financial statements</p><p>Experience</p><p>Utilized bookkeeping, general ledger, accounts payable to support key business objectives and improve team performance.</p><p>Utilized accounts receivable, financial statements, auditing to support key business objectives and improve team performance.</p><p>Utilized financial statements, general ledger, accounts receivable to support key business objectives and improve team performance.</p><p>Utilized bookkeeping, financial statements, accounts payable to support key business objectives and improve team performance.</p><p>Education</p><p>Bachelor of Engineering in Finance</p></body></html>",ACCOUNTANT
464,"Noah Patel
Summary
Detail-oriented management consultant offering 9+ years of hands-on expertise and a strong record of measurable results.

Skills
client presentations, process optimization, change management, business case development, stakeholder management, data analysis

Experience
Utilized process optimization, business case development, stakeholder management to support key business objectives and improve team performance.
Utilized process optimization, change management, stakeholder management to support key business objectives and improve team performance.

Education
Master of Science in Business Administration","<html><body><p>Noah Patel</p><p>Summary</p><p>Detail-oriented management consultant offering 9+ years of hands-on expertise and a strong record of measurable results.</p><p>Skills</p><p>client presentations, process optimization, change management, business case development, stakeholder management, data analysis</p><p>Experience</p><p>Utilized process optimization, business case development, stakeholder management to support key business objectives and improve team performance.</p><p>Utilized process optimization, change management, stakeholder management to support key business objectives and improve team performance.</p><p>Education</p><p>Master of Science in Business Administration</p></body></html>",CONSULTANT
383,"Emma Patel
Summary
Motivated mechanical engineer professional with a proven track record of 3 years managing cross-functional initiatives.

Skills
solidworks, matlab, quality control, root cause analysis, manufacturing, project management, process improvement, autocad, cad

Experience
Utilized manufacturing, root cause analysis, process improvement to support key business objectives and improve team performance.
Utilized solidworks, manufacturing, project management to support key business objectives and improve team performance.
Utilized cad, autocad, solidworks to support key business objectives and improve team performance.
Utilized process improvement, solidworks, cad to support key business objectives and improve team performance.

Education
MBA in Mechanical Engineering","<html><body><p>Emma Patel</p><p>Summary</p><p>Motivated mechanical engineer professional with a proven track record of 3 years managing cross-functional initiatives.</p><p>Skills</p><p>solidworks, matlab, quality control, root cause analysis, manufacturing, project management, process improvement, autocad, cad</p><p>Experience</p><p>Utilized manufacturing, root cause analysis, process improvement to support key business objectives and improve team performance.</p><p>Utilized solidworks, manufacturing, project management to support key business objectives and improve team performance.</p><p>Utilized cad, autocad, solidworks to support key business objectives and improve team performance.</p><p>Utilized process improvement, solidworks, cad to support key business objectives and improve team performance.</p><p>Education</p><p>MBA in Mechanical Engineering</p></body></html>",ENGINEERING
365,"Sofia Brown
Summary
Results-driven mechanical engineer with 13 years of experience delivering high-impact outcomes in fast-paced environments.

Skills
manufacturing, process improvement, autocad, six sigma, solidworks, quality control, matlab, project management, root cause analysis

Experience
Utilized manufacturing, autocad, solidworks to support key business objectives and improve team performance.
Utilized manufacturing, solidworks, six sigma to support key business objectives and improve team performance.
Utilized matlab, solidworks, quality control to support key business objectives and improve team performance.

Education
Bachelor of Engineering in Computer Science","<html><body><p>Sofia Brown</p><p>Summary</p><p>Results-driven mechanical engineer with 13 years of experience delivering high-impact outcomes in fast-paced environments.</p><p>Skills</p><p>manufacturing, process improvement, autocad, six sigma, solidworks, quality control, matlab, project management, root cause analysis</p><p>Experience</p><p>Utilized manufacturing, autocad, solidworks to support key business objectives and improve team performance.</p><p>Utilized manufacturing, solidworks, six sigma to support key business objectives and improve team performance.</p><p>Utilized matlab, solidworks, quality control to support key business objectives and improve team performance.</p><p>Education</p><p>Bachelor of Engineering in Computer Science</p></body></html>",ENGINEERING
5,"Liam Chen
Summary
Motivated software engineer professional with a proven track record of 2 years managing cross-functional initiatives.

Skills
java, aws, sql, microservices, cloud computing, machine learning

Experience
Utilized sql, cloud computing, java to support key business objectives and improve team performance.
Utilized machine learning, java, sql to support key business objectives and improve team performance.
Utilized machine learning, sql, java to support key business objectives and improve team performance.
Utilized sql, microservices, aws to support key business objectives and improve team performance.

Education
Bachelor of Engineering in Nursing","<html><body><p>Liam Chen</p><p>Summary</p><p>Motivated software engineer professional with a proven track record of 2 years managing cross-functional initiatives.</p><p>Skills</p><p>java, aws, sql, microservices, cloud computing, machine learning</p><p>Experience</p><p>Utilized sql, cloud computing, java to support key business objectives and improve team performance.</p><p>Utilized machine learning, java, sql to support key business objectives and improve team performance.</p><p>Utilized machine learning, sql, java to support key business objectives and improve team performance.</p><p>Utilized sql, microservices, aws to support key business objectives and improve team performance.</p><p>Education</p><p>Bachelor of Engineering in Nursing</p></body></html>",INFORMATION-TECHNOLOGY
45,"Liam Nguyen
Summary
Detail-oriented human resources specialist offering 11+ years of hands-on expertise and a strong record of measurable results.

Skills
hris, labor relations, performance management, onboarding, training and development, conflict resolution, compensation, talent acquisition

Experience
Utilized labor relations, talent acquisition, conflict resolution to support key business objectives and improve team performance.
Utilized training and development, labor relations, conflict resolution to support key business objectives and improve team performance.

Education
Bachelor of Engineering in Accounting","<html><body><p>Liam Nguyen</p><p>Summary</p><p>Detail-oriented human resources specialist offering 11+ years of hands-on expertise and a strong record of measurable results.</p><p>Skills</p><p>hris, labor relations, performance management, onboarding, training and development, conflict resolution, compensation, talent acquisition</p><p>Experience</p><p>Utilized labor relations, talent acquisition, conflict resolution to support key business objectives and improve team performance.</p><p>Utilized training and development, labor relations, conflict resolution to support key business objectives and improve team performance.</p><p>Education</p><p>Bachelor of Engineering in Accounting</p></body></html>",HR
344,"Taylor Brown
Summary
Results-driven finance analyst with 13 years of experience delivering high-impact outcomes in fast-paced environments.

Skills
investment analysis, forecasting, excel, budgeting, financial modeling, risk management, financial reporting, financial analysis, variance analysis

Experience
Utilized budgeting, financial analysis, forecasting to support key business objectives and improve team performance.
Utilized risk management, financial analysis, investment analysis to support key business objectives and improve team performance.
Utilized investment analysis, financial analysis, forecasting to support key business objectives and improve team performance.

Education
Bachelor of Science in Finance","<html><body><p>Taylor Brown</p><p>Summary</p><p>Results-driven finance analyst with 13 years of experience delivering high-impact outcomes in fast-paced environments.</p><p>Skills</p><p>investment analysis, forecasting, excel, budgeting, financial modeling, risk management, financial reporting, financial analysis, variance analysis</p><p>Experience</p><p>Utilized budgeting, financial analysis, forecasting to support key business objectives and improve team performance.</p><p>Utilized risk management, financial analysis, investment analysis to support key business objectives and improve team performance.</p><p>Utilized investment analysis, financial analysis, forecasting to support key business objectives and improve team performance.</p><p>Education</p><p>Bachelor of Science in Finance</p></body></html>",FINANCE
587,"Liam Johnson
Summary
Results-driven banking associate with 8 years of experience delivering high-impact outcomes in fast-paced environments.

Skills
underwriting, loan processing, risk assessment, kyc, customer relationship management, credit analysis, compliance

Experience
Utilized loan processing, risk assessment, credit analysis to support key business objectives and improve team performance.
Utilized underwriting, loan processing, credit analysis to support key business objectives and improve team performance.

Education
Diploma in Marketing","<html><body><p>Liam Johnson</p><p>Summary</p><p>Results-driven banking associate with 8 years of experience delivering high-impact outcomes in fast-paced environments.</p><p>Skills</p><p>underwriting, loan processing, risk assessment, kyc, customer relationship management, credit analysis, compliance</p><p>Experience</p><p>Utilized loan processing, risk assessment, credit analysis to support key business objectives and improve team performance.</p><p>Utilized underwriting, loan processing, credit analysis to support key business objectives and improve team performance.</p><p>Education</p><p>Diploma in Marketing</p></body></html>",BANKING
444,"Liam Chen
Summary
Motivated management consultant professional with a proven track record of 12 years managing cross-functional initiatives.

Skills
strategy, business case development, stakeholder management, client presentations, process optimization, project management, change management, data analysis

Experience
Utilized client presentations, project management, process optimization to support key business objectives and improve team performance.
Utilized change management, project management, client presentations to support key business objectives and improve team performance.
Utilized stakeholder management, client presentations, data analysis to support key business objectives and improve team performance.
Utilized data analysis, process optimization, stakeholder management to support key business objectives and improve team performance.

Education
Bachelor of Science in Education","<html><body><p>Liam Chen</p><p>Summary</p><p>Motivated management consultant professional with a proven track record of 12 years managing cross-functional initiatives.</p><p>Skills</p><p>strategy, business case development, stakeholder management, client presentations, process optimization, project management, change management, data analysis</p><p>Experience</p><p>Utilized client presentations, project management, process optimization to support key business objectives and improve team performance.</p><p>Utilized change management, project management, client presentations to support key business objectives and improve team performance.</p><p>Utilized stakeholder management, client presentations, data analysis to support key business objectives and improve team performance.</p><p>Utilized data analysis, process optimization, stakeholder management to support key business objectives and improve team performance.</p><p>Education</p><p>Bachelor of Science in Education</p></body></html>",CONSULTANT
16,"Liam Johnson
Summary
Motivated software engineer professional with a proven track record of 1 years managing cross-functional initiatives.

Skills
machine learning, python, java, cloud computing, ci/cd, sql, git, agile, kubernetes, django

Experience
Utilized cloud computing, django, python to support key business objectives and improve team performance.
Utilized sql, kubernetes, git to support key business objectives and improve team performance.
Utilized django, java, cloud computing to support key business objectives and improve team performance.

Education
Master of Science in Computer Science","<html><body><p>Liam Johnson</p><p>Summary</p><p>Motivated software engineer professional with a proven track record of 1 years managing cross-functional initiatives.</p><p>Skills</p><p>machine learning, python, java, cloud computing, ci/cd, sql, git, agile, kubernetes, django</p><p>Experience</p><p>Utilized cloud computing, django, python to support key business objectives and improve team performance.</p><p>Utilized sql, kubernetes, git to support key business objectives and improve team performance.</p><p>Utilized django, java, cloud computing to support key business objectives and improve team performance.</p><p>Education</p><p>Master of Science in Computer Science</p></body></html>",INFORMATION-TECHNOLOGY
48,"Grace Nguyen
Summary
Motivated human resources specialist professional with a proven track record of 10 years managing cross-functional initiatives.

Skills
compensation, talent acquisition, payroll, performance management, training and development, recruiting, onboarding, labor relations

Experience
Utilized onboarding, payroll, compensation to support key business objectives and improve team performance.
Utilized compensation, training and development, recruiting to support key business objectives and improve team performance.

Education
Diploma in Finance","<html><body><p>Grace Nguyen</p><p>Summary</p><p>Motivated human resources specialist professional with a proven track record of 10 years managing cross-functional initiatives.</p><p>Skills</p><p>compensation, talent acquisition, payroll, performance management, training and development, recruiting, onboarding, labor relations</p><p>Experience</p><p>Utilized onboarding, payroll, compensation to support key business objectives and improve team performance.</p><p>Utilized compensation, training and development, recruiting to support key business objectives and improve team performance.</p><p>Education</p><p>Diploma in Finance</p></body></html>",HR
618,"Wei Nguyen
Summary
Motivated construction project manager professional with a proven track record of 12 years managing cross-functional initiatives.

Skills
blueprint reading, osha compliance, site supervision, subcontractor management, cost estimation, project scheduling

Experience
Utilized site supervision, subcontractor management, cost estimation to support key business objectives and improve team performance.
Utilized subcontractor management, blueprint reading, project scheduling to support key business objectives and improve team performance.
Utilized blueprint reading, subcontractor management, site supervision to support key business objectives and improve team performance.

Education
Diploma in Education","<html><body><p>Wei Nguyen</p><p>Summary</p><p>Motivated construction project manager professional with a proven track record of 12 years managing cross-functional initiatives.</p><p>Skills</p><p>blueprint reading, osha compliance, site supervision, subcontractor management, cost estimation, project scheduling</p><p>Experience</p><p>Utilized site supervision, subcontractor management, cost estimation to support key business objectives and improve team performance.</p><p>Utilized subcontractor management, blueprint reading, project scheduling to support key business objectives and improve team performance.</p><p>Utilized blueprint reading, subcontractor management, site supervision to support key business objectives and improve team performance.</p><p>Education</p><p>Diploma in Education</p></body></html>",CONSTRUCTION
584,"Taylor Singh
Summary
Motivated banking associate professional with a proven track record of 10 years managing cross-functional initiatives.

Skills
credit analysis, compliance, kyc, loan processing, risk assessment, customer relationship management, underwriting

Experience
Utilized risk assessment, credit analysis, kyc to support key business objectives and improve team performance.
Utilized customer relationship management, credit analysis, kyc to support key business objectives and improve team performance.
Utilized underwriting, credit analysis, compliance to support key business objectives and improve team performance.
Utilized loan processing, underwriting, kyc to support key business objectives and improve team performance.

Education
Master of Science in Design","<html><body><p>Taylor Singh</p><p>Summary</p><p>Motivated banking associate professional with a proven track record of 10 years managing cross-functional initiatives.</p><p>Skills</p><p>credit analysis, compliance, kyc, loan processing, risk assessment, customer relationship management, underwriting</p><p>Experience</p><p>Utilized risk assessment, credit analysis, kyc to support key business objectives and improve team performance.</p><p>Utilized customer relationship management, credit analysis, kyc to support key business objectives and improve team performance.</p><p>Utilized underwriting, credit analysis, compliance to support key business objectives and improve team performance.</p><p>Utilized loan processing, underwriting, kyc to support key business objectives and improve team performance.</p><p>Education</p><p>Master of Science in Design</p></body></html>",BANKING
3,"Omar Khan
Summary
Results-driven software engineer with 4 years of experience delivering high-impact outcomes in fast-paced environments.

Skills
react, git, ci/cd, microservices, machine learning, java, linux, sql

Experience
Utilized microservices, java, ci/cd to support key business objectives and improve team performance.
Utilized react, git, sql to support key business objectives and improve team performance.
Utilized java, microservices, ci/cd to support key business objectives and improve team performance.

Education
Bachelor of Engineering in Design","<html><body><p>Omar Khan</p><p>Summary</p><p>Results-driven software engineer with 4 years of experience delivering high-impact outcomes in fast-paced environments.</p><p>Skills</p><p>react, git, ci/cd, microservices, machine learning, java, linux, sql</p><p>Experience</p><p>Utilized microservices, java, ci/cd to support key business objectives and improve team performance.</p><p>Utilized react, git, sql to support key business objectives and improve team performance.</p><p>Utilized java, microservices, ci/cd to support key business objectives and improve team performance.</p><p>Education</p><p>Bachelor of Engineering in Design</p></body></html>",INFORMATION-TECHNOLOGY
381,"Omar Sharma
Summary
Detail-oriented mechanical engineer offering 15+ years of hands-on expertise and a strong record of measurable results.

Skills
quality control, autocad, manufacturing, process improvement, solidworks, six sigma, matlab, project management, root cause analysis, cad

Experience
Utilized matlab, six sigma, cad to support key business objectives and improve team performance.
Utilized manufacturing, quality control, autocad to support key business objectives and improve team performance.
Utilized project management, six sigma, process improvement to support key business objectives and improve team performance.

Education
Bachelor of Engineering in Business Administration","<html><body><p>Omar Sharma</p><p>Summary</p><p>Detail-oriented mechanical engineer offering 15+ years of hands-on expertise and a strong record of measurable results.</p><p>Skills</p><p>quality control, autocad, manufacturing, process improvement, solidworks, six sigma, matlab, project management, root cause analysis, cad</p><p>Experience</p><p>Utilized matlab, six sigma, cad to support key business objectives and improve team performance.</p><p>Utilized manufacturing, quality control, autocad to support key business objectives and improve team performance.</p><p>Utilized project management, six sigma, process improvement to support key business objectives and improve team performance.</p><p>Education</p><p>Bachelor of Engineering in Business Administration</p></body></html>",ENGINEERING
352,"Ravi Patel
Summary
Motivated finance analyst professional with a proven track record of 14 years managing cross-functional initiatives.

Skills
budgeting, financial modeling, excel, investment analysis, forecasting, financial reporting, risk management

Experience
Utilized investment analysis, risk management, financial reporting to support key business objectives and improve team performance.
Utilized excel, forecasting, financial reporting to support key business objectives and improve team performance.
Utilized investment analysis, budgeting, risk management to support key business objectives and improve team performance.

Education
MBA in Mechanical Engineering","<html><body><p>Ravi Patel</p><p>Summary</p><p>Motivated finance analyst professional with a proven track record of 14 years managing cross-functional initiatives.</p><p>Skills</p><p>budgeting, financial modeling, excel, investment analysis, forecasting, financial reporting, risk management</p><p>Experience</p><p>Utilized investment analysis, risk management, financial reporting to support key business objectives and improve team performance.</p><p>Utilized excel, forecasting, financial reporting to support key business objectives and improve team performance.</p><p>Utilized investment analysis, budgeting, risk management to support key business objectives and improve team performance.</p><p>Education</p><p>MBA in Mechanical Engineering</p></body></html>",FINANCE
316,"Ravi Davis
Summary
Motivated sales representative professional with a proven track record of 15 years managing cross-functional initiatives.

Skills
client relationship, crm, sales, prospecting, closing deals, cold calling, quota attainment, upselling, salesforce, negotiation

Experience
Utilized prospecting, client relationship, crm to support key business objectives and improve team performance.
Utilized closing deals, upselling, crm to support key business objectives and improve team performance.
Utilized negotiation, cold calling, upselling to support key business objectives and improve team performance.

Education
Bachelor of Engineering in Marketing","<html><body><p>Ravi Davis</p><p>Summary</p><p>Motivated sales representative professional with a proven track record of 15 years managing cross-functional initiatives.</p><p>Skills</p><p>client relationship, crm, sales, prospecting, closing deals, cold calling, quota attainment, upselling, salesforce, negotiation</p><p>Experience</p><p>Utilized prospecting, client relationship, crm to support key business objectives and improve team performance.</p><p>Utilized closing deals, upselling, crm to support key business objectives and improve team performance.</p><p>Utilized negotiation, cold calling, upselling to support key business objectives and improve team performance.</p><p>Education</p><p>Bachelor of Engineering in Marketing</p></body></html>",SALES
283,"Ravi Singh
Summary
Results-driven sales representative with 10 years of experience delivering high-impact outcomes in fast-paced environments.

Skills
upselling, quota attainment, sales, negotiation, closing deals, salesforce, prospecting, client relationship

Experience
Utilized closing deals, prospecting, salesforce to support key business objectives and improve team performance.
Utilized upselling, sales, negotiation to support key business objectives and improve team performance.
Utilized quota attainment, client relationship, closing deals to support key business objectives and improve team performance.
Utilized quota attainment, prospecting, sales to support key business objectives and improve team performance.

Education
MBA in Computer Science","<html><body><p>Ravi Singh</p><p>Summary</p><p>Results-driven sales representative with 10 years of experience delivering high-impact outcomes in fast-paced environments.</p><p>Skills</p><p>upselling, quota attainment, sales, negotiation, closing deals, salesforce, prospecting, client relationship</p><p>Experience</p><p>Utilized closing deals, prospecting, salesforce to support key business objectives and improve team performance.</p><p>Utilized upselling, sales, negotiation to support key business objectives and improve team performance.</p><p>Utilized quota attainment, client relationship, closing deals to support key business objectives and improve team performance.</p><p>Utilized quota attainment, prospecting, sales to support key business objectives and improve team performance.</p><p>Education</p><p>MBA in Computer Science</p></body></html>",SALES
423,"Jordan Kim
Summary
Motivated accountant professional with a proven track record of 2 years managing cross-functional initiatives.

Skills
reconciliation, gaap, bookkeeping, auditing, accounting, general ledger, financial statements, tax

Experience
Utilized tax, general ledger, reconciliation to support key business objectives and improve team performance.
Utilized reconciliation, tax, bookkeeping to support key business objectives and improve team performance.
Utilized reconciliation, general ledger, accounting to support key business objectives and improve team performance.

Education
Bachelor of Science in Mechanical Engineering","<html><body><p>Jordan Kim</p><p>Summary</p><p>Motivated accountant professional with a proven track record of 2 years managing cross-functional initiatives.</p><p>Skills</p><p>reconciliation, gaap, bookkeeping, auditing, accounting, general ledger, financial statements, tax</p><p>Experience</p><p>Utilized tax, general ledger, reconciliation to support key business objectives and improve team performance.</p><p>Utilized reconciliation, tax, bookkeeping to support key business objectives and improve team performance.</p><p>Utilized reconciliation, general ledger, accounting to support key business objectives and improve team performance.</p><p>Education</p><p>Bachelor of Science in Mechanical Engineering</p></body></html>",ACCOUNTANT
511,"Neha Chen
Summary
Motivated digital marketing specialist professional with a proven track record of 1 years managing cross-functional initiatives.

Skills
campaign management, seo, digital marketing, social media marketing, email marketing, copywriting, brand strategy, google analytics, content strategy

Experience
Utilized campaign management, content strategy, email marketing to support key business objectives and improve team performance.
Utilized email marketing, social media marketing, content strategy to support key business objectives and improve team performance.

Education
Bachelor of Arts in Nursing","<html><body><p>Neha Chen</p><p>Summary</p><p>Motivated digital marketing specialist professional with a proven track record of 1 years managing cross-functional initiatives.</p><p>Skills</p><p>campaign management, seo, digital marketing, social media marketing, email marketing, copywriting, brand strategy, google analytics, content strategy</p><p>Experience</p><p>Utilized campaign management, content strategy, email marketing to support key business objectives and improve team performance.</p><p>Utilized email marketing, social media marketing, content strategy to support key business objectives and improve team performance.</p><p>Education</p><p>Bachelor of Arts in Nursing</p></body></html>",DIGITAL-MEDIA
353,"Neha Davis
Summary
Detail-oriented finance analyst offering 4+ years of hands-on expertise and a strong record of measurable results.

Skills
forecasting, investment analysis, risk management, excel, financial analysis, financial modeling, financial reporting, budgeting

Experience
Utilized investment analysis, risk management, excel to support key business objectives and improve team performance.
Utilized financial reporting, forecasting, excel to support key business objectives and improve team performance.
Utilized financial analysis, investment analysis, financial reporting to support key business objectives and improve team performance.

Education
Diploma in Marketing","<html><body><p>Neha Davis</p><p>Summary</p><p>Detail-oriented finance analyst offering 4+ years of hands-on expertise and a strong record of measurable results.</p><p>Skills</p><p>forecasting, investment analysis, risk management, excel, financial analysis, financial modeling, financial reporting, budgeting</p><p>Experience</p><p>Utilized investment analysis, risk management, excel to support key business objectives and improve team performance.</p><p>Utilized financial reporting, forecasting, excel to support key business objectives and improve team performance.</p><p>Utilized financial analysis, investment analysis, financial reporting to support key business objectives and improve team performance.</p><p>Education</p><p>Diploma in Marketing</p></body></html>",FINANCE
225,"Neha Davis
Summary
Motivated business development manager professional with a proven track record of 2 years managing cross-functional initiatives.

Skills
negotiation, client relationship, business development, salesforce, partnership development, lead generation, account management, market research, revenue growth

Experience
Utilized lead generation, revenue growth, partnership development to support key business objectives and improve team performance.
Utilized revenue growth, partnership development, business development to support key business objectives and improve team performance.
Utilized negotiation, account management, revenue growth to support key business objectives and improve team performance.

Education
Diploma in Education","<html><body><p>Neha Davis</p><p>Summary</p><p>Motivated business development manager professional with a proven track record of 2 years managing cross-functional initiatives.</p><p>Skills</p><p>negotiation, client relationship, business development, salesforce, partnership development, lead generation, account management, market research, revenue growth</p><p>Experience</p><p>Utilized lead generation, revenue growth, partnership development to support key business objectives and improve team performance.</p><p>Utilized revenue growth, partnership development, business development to support key business objectives and improve team performance.</p><p>Utilized negotiation, account management, revenue growth to support key business objectives and improve team performance.</p><p>Education</p><p>Diploma in Education</p></body></html>",BUSINESS-DEVELOPMENT
26,"Ravi Brown
Summary
Results-driven software engineer with 12 years of experience delivering high-impact outcomes in fast-paced environments.

Skills
git, machine learning, rest api, python, react, kubernetes, microservices

Experience
Utilized react, git, python to support key business objectives and improve team performance.
Utilized react, microservices, git to support key business objectives and improve team performance.
Utilized git, kubernetes, python to support key business objectives and improve team performance.
Utilized machine learning, python, microservices to support key business objectives and improve team performance.

Education
Bachelor of Engineering in Marketing","<html><body><p>Ravi Brown</p><p>Summary</p><p>Results-driven software engineer with 12 years of experience delivering high-impact outcomes in fast-paced environments.</p><p>Skills</p><p>git, machine learning, rest api, python, react, kubernetes, microservices</p><p>Experience</p><p>Utilized react, git, python to support key business objectives and improve team performance.</p><p>Utilized react, microservices, git to support key business objectives and improve team performance.</p><p>Utilized git, kubernetes, python to support key business objectives and improve team performance.</p><p>Utilized machine learning, python, microservices to support key business objectives and improve team performance.</p><p>Education</p><p>Bachelor of Engineering in Marketing</p></body></html>",INFORMATION-TECHNOLOGY
548,"Neha Brown
Summary
Detail-oriented aviation operations coordinator offering 4+ years of hands-on expertise and a strong record of measurable results.

Skills
safety compliance, ground operations, flight operations, faa regulations, logistics coordination, aircraft maintenance

Experience
Utilized faa regulations, logistics coordination, ground operations to support key business objectives and improve team performance.
Utilized logistics coordination, flight operations, aircraft maintenance to support key business objectives and improve team performance.

Education
Bachelor of Arts in Accounting","<html><body><p>Neha Brown</p><p>Summary</p><p>Detail-oriented aviation operations coordinator offering 4+ years of hands-on expertise and a strong record of measurable results.</p><p>Skills</p><p>safety compliance, ground operations, flight operations, faa regulations, logistics coordination, aircraft maintenance</p><p>Experience</p><p>Utilized faa regulations, logistics coordination, ground operations to support key business objectives and improve team performance.</p><p>Utilized logistics coordination, flight operations, aircraft maintenance to support key business objectives and improve team performance.</p><p>Education</p><p>Bachelor of Arts in Accounting</p></body></html>",AVIATION
263,"Jordan Chen
Summary
Results-driven healthcare professional with 10 years of experience delivering high-impact outcomes in fast-paced environments.

Skills
patient care, healthcare compliance, triage, hipaa, clinical, emr, medication administration, ehr, medical records, nursing

Experience
Utilized nursing, medical records, hipaa to support key business objectives and improve team performance.
Utilized patient care, triage, medical records to support key business objectives and improve team performance.
Utilized patient care, emr, nursing to support key business objectives and improve team performance.

Education
Bachelor of Arts in Accounting","<html><body><p>Jordan Chen</p><p>Summary</p><p>Results-driven healthcare professional with 10 years of experience delivering high-impact outcomes in fast-paced environments.</p><p>Skills</p><p>patient care, healthcare compliance, triage, hipaa, clinical, emr, medication administration, ehr, medical records, nursing</p><p>Experience</p><p>Utilized nursing, medical records, hipaa to support key business objectives and improve team performance.</p><p>Utilized patient care, triage, medical records to support key business objectives and improve team performance.</p><p>Utilized patient care, emr, nursing to support key business objectives and improve team performance.</p><p>Education</p><p>Bachelor of Arts in Accounting</p></body></html>",HEALTHCARE
50,"Wei Singh
Summary
Motivated human resources specialist professional with a proven track record of 13 years managing cross-functional initiatives.

Skills
employee relations, payroll, training and development, benefits administration, hris, talent acquisition, performance management, labor relations, onboarding

Experience
Utilized labor relations, payroll, onboarding to support key business objectives and improve team performance.
Utilized benefits administration, performance management, labor relations to support key business objectives and improve team performance.

Education
Diploma in Education","<html><body><p>Wei Singh</p><p>Summary</p><p>Motivated human resources specialist professional with a proven track record of 13 years managing cross-functional initiatives.</p><p>Skills</p><p>employee relations, payroll, training and development, benefits administration, hris, talent acquisition, performance management, labor relations, onboarding</p><p>Experience</p><p>Utilized labor relations, payroll, onboarding to support key business objectives and improve team performance.</p><p>Utilized benefits administration, performance management, labor relations to support key business objectives and improve team performance.</p><p>Education</p><p>Diploma in Education</p></body></html>",HR
229,"Aisha Johnson
Summary
Results-driven business development manager with 1 years of experience delivering high-impact outcomes in fast-paced environments.

Skills
salesforce, client relationship, negotiation, revenue growth, account management, lead generation, partnership development, crm

Experience
Utilized crm, revenue growth, account management to support key business objectives and improve team performance.
Utilized account management, crm, revenue growth to support key business objectives and improve team performance.
Utilized negotiation, lead generation, account management to support key business objectives and improve team performance.

Education
Diploma in Education","<html><body><p>Aisha Johnson</p><p>Summary</p><p>Results-driven business development manager with 1 years of experience delivering high-impact outcomes in fast-paced environments.</p><p>Skills</p><p>salesforce, client relationship, negotiation, revenue growth, account management, lead generation, partnership development, crm</p><p>Experience</p><p>Utilized crm, revenue growth, account management to support key business objectives and improve team performance.</p><p>Utilized account management, crm, revenue growth to support key business objectives and improve team performance.</p><p>Utilized negotiation, lead generation, account management to support key business objectives and improve team performance.</p><p>Education</p><p>Diploma in Education</p></body></html>",BUSINESS-DEVELOPMENT
37,"Priya Kim
Summary
Motivated software engineer professional with a proven track record of 12 years managing cross-functional initiatives.

Skills
sql, kubernetes, python, react, rest api, ci/cd, linux, django, docker, cloud computing

Experience
Utilized react, rest api, cloud computing to support key business objectives and improve team performance.
Utilized linux, kubernetes, react to support key business objectives and improve team performance.

Education
Diploma in Nursing","<html><body><p>Priya Kim</p><p>Summary</p><p>Motivated software engineer professional with a proven track record of 12 years managing cross-functional initiatives.</p><p>Skills</p><p>sql, kubernetes, python, react, rest api, ci/cd, linux, django, docker, cloud computing</p><p>Experience</p><p>Utilized react, rest api, cloud computing to support key business objectives and improve team performance.</p><p>Utilized linux, kubernetes, react to support key business objectives and improve team performance.</p><p>Education</p><p>Diploma in Nursing</p></body></html>",INFORMATION-TECHNOLOGY
157,"Jordan Nguyen
Summary
Detail-oriented educator offering 12+ years of hands-on expertise and a strong record of measurable results.

Skills
classroom management, tutoring, curriculum development, special education, lesson planning, student assessment, parent communication, instructional design

Experience
Utilized lesson planning, curriculum development, tutoring to support key business objectives and improve team performance.
Utilized curriculum development, student assessment, special education to support key business objectives and improve team performance.
Utilized instructional design, student assessment, curriculum development to support key business objectives and improve team performance.

Education
Bachelor of Engineering in Business Administration","<html><body><p>Jordan Nguyen</p><p>Summary</p><p>Detail-oriented educator offering 12+ years of hands-on expertise and a strong record of measurable results.</p><p>Skills</p><p>classroom management, tutoring, curriculum development, special education, lesson planning, student assessment, parent communication, instructional design</p><p>Experience</p><p>Utilized lesson planning, curriculum development, tutoring to support key business objectives and improve team performance.</p><p>Utilized curriculum development, student assessment, special education to support key business objectives and improve team performance.</p><p>Utilized instructional design, student assessment, curriculum development to support key business objectives and improve team performance.</p><p>Education</p><p>Bachelor of Engineering in Business Administration</p></body></html>",TEACHER
237,"Noah Davis
Summary
Results-driven business development manager with 1 years of experience delivering high-impact outcomes in fast-paced environments.

Skills
account management, lead generation, salesforce, revenue growth, partnership development, business development, crm

Experience
Utilized partnership development, account management, lead generation to support key business objectives and improve team performance.
Utilized revenue growth, lead generation, salesforce to support key business objectives and improve team performance.
Utilized partnership development, business development, salesforce to support key business objectives and improve team performance.
Utilized crm, revenue growth, lead generation to support key business objectives and improve team performance.

Education
Master of Science in Marketing","<html><body><p>Noah Davis</p><p>Summary</p><p>Results-driven business development manager with 1 years of experience delivering high-impact outcomes in fast-paced environments.</p><p>Skills</p><p>account management, lead generation, salesforce, revenue growth, partnership development, business development, crm</p><p>Experience</p><p>Utilized partnership development, account management, lead generation to support key business objectives and improve team performance.</p><p>Utilized revenue growth, lead generation, salesforce to support key business objectives and improve team performance.</p><p>Utilized partnership development, business development, salesforce to support key business objectives and improve team performance.</p><p>Utilized crm, revenue growth, lead generation to support key business objectives and improve team performance.</p><p>Education</p><p>Master of Science in Marketing</p></body></html>",BUSINESS-DEVELOPMENT
613,"Jordan Khan
Summary
Detail-oriented construction project manager offering 4+ years of hands-on expertise and a strong record of measurable results.

Skills
blueprint reading, site supervision, subcontractor management, project scheduling, cost estimation, osha compliance

Experience
Utilized subcontractor management, blueprint reading, site supervision to support key business objectives and improve team performance.
Utilized site supervision, osha compliance, project scheduling to support key business objectives and improve team performance.
Utilized project scheduling, blueprint reading, cost estimation to support key business objectives and improve team performance.
Utilized subcontractor management, blueprint reading, site supervision to support key business objectives and improve team performance.

Education
Bachelor of Science in Marketing","<html><body><p>Jordan Khan</p><p>Summary</p><p>Detail-oriented construction project manager offering 4+ years of hands-on expertise and a strong record of measurable results.</p><p>Skills</p><p>blueprint reading, site supervision, subcontractor management, project scheduling, cost estimation, osha compliance</p><p>Experience</p><p>Utilized subcontractor management, blueprint reading, site supervision to support key business objectives and improve team performance.</p><p>Utilized site supervision, osha compliance, project scheduling to support key business objectives and improve team performance.</p><p>Utilized project scheduling, blueprint reading, cost estimation to support key business objectives and improve team performance.</p><p>Utilized subcontractor management, blueprint reading, site supervision to support key business objectives and improve team performance.</p><p>Education</p><p>Bachelor of Science in Marketing</p></body></html>",CONSTRUCTION
175,"Grace Kim
Summary
Results-driven legal counsel with 8 years of experience delivering high-impact outcomes in fast-paced environments.

Skills
westlaw, compliance, legal writing, negotiation, legal research, regulatory filings, client counseling

Experience
Utilized legal research, client counseling, regulatory filings to support key business objectives and improve team performance.
Utilized westlaw, negotiation, compliance to support key business objectives and improve team performance.
Utilized legal research, westlaw, negotiation to support key business objectives and improve team performance.
Utilized legal research, legal writing, negotiation to support key business objectives and improve team performance.

Education
Bachelor of Engineering in Computer Science","<html><body><p>Grace Kim</p><p>Summary</p><p>Results-driven legal counsel with 8 years of experience delivering high-impact outcomes in fast-paced environments.</p><p>Skills</p><p>westlaw, compliance, legal writing, negotiation, legal research, regulatory filings, client counseling</p><p>Experience</p><p>Utilized legal research, client counseling, regulatory filings to support key business objectives and improve team performance.</p><p>Utilized westlaw, negotiation, compliance to support key business objectives and improve team performance.</p><p>Utilized legal research, westlaw, negotiation to support key business objectives and improve team performance.</p><p>Utilized legal research, legal writing, negotiation to support key business objectives and improve team performance.</p><p>Education</p><p>Bachelor of Engineering in Computer Science</p></body></html>",ADVOCATE
537,"Sofia Brown
Summary
Detail-oriented aviation operations coordinator offering 12+ years of hands-on expertise and a strong record of measurable results.

Skills
safety compliance, faa regulations, logistics coordination, ground operations, flight operations, aircraft maintenance

Experience
Utilized faa regulations, aircraft maintenance, flight operations to support key business objectives and improve team performance.
Utilized logistics coordination, flight operations, faa regulations to support key business objectives and improve team performance.

Education
Bachelor of Engineering in Finance","<html><body><p>Sofia Brown</p><p>Summary</p><p>Detail-oriented aviation operations coordinator offering 12+ years of hands-on expertise and a strong record of measurable results.</p><p>Skills</p><p>safety compliance, faa regulations, logistics coordination, ground operations, flight operations, aircraft maintenance</p><p>Experience</p><p>Utilized faa regulations, aircraft maintenance, flight operations to support key business objectives and improve team performance.</p><p>Utilized logistics coordination, flight operations, faa regulations to support key business objectives and improve team performance.</p><p>Education</p><p>Bachelor of Engineering in Finance</p></body></html>",AVIATION
407,"Ravi Garcia
Summary
Motivated accountant professional with a proven track record of 12 years managing cross-functional initiatives.

Skills
accounts receivable, gaap, general ledger, quickbooks, accounting, reconciliation, accounts payable

Experience
Utilized accounts payable, gaap, reconciliation to support key business objectives and improve team performance.
Utilized accounts payable, accounts receivable, accounting to support key business objectives and improve team performance.
Utilized accounts receivable, gaap, general ledger to support key business objectives and improve team performance.

Education
Bachelor of Arts in Nursing","<html><body><p>Ravi Garcia</p><p>Summary</p><p>Motivated accountant professional with a proven track record of 12 years managing cross-functional initiatives.</p><p>Skills</p><p>accounts receivable, gaap, general ledger, quickbooks, accounting, reconciliation, accounts payable</p><p>Experience</p><p>Utilized accounts payable, gaap, reconciliation to support key business objectives and improve team performance.</p><p>Utilized accounts payable, accounts receivable, accounting to support key business objectives and improve team performance.</p><p>Utilized accounts receivable, gaap, general ledger to support key business objectives and improve team performance.</p><p>Education</p><p>Bachelor of Arts in Nursing</p></body></html>",ACCOUNTANT
194,"Omar Sharma
Summary
Detail-oriented legal counsel offering 1+ years of hands-on expertise and a strong record of measurable results.

Skills
case management, compliance, legal writing, westlaw, regulatory filings, litigation, negotiation, contract review, legal research, client counseling

Experience
Utilized contract review, westlaw, litigation to support key business objectives and improve team performance.
Utilized client counseling, legal research, westlaw to support key business objectives and improve team performance.
Utilized westlaw, regulatory filings, contract review to support key business objectives and improve team performance.
Utilized legal writing, compliance, client counseling to support key business objectives and improve team performance.

Education
Master of Science in Mechanical Engineering","<html><body><p>Omar Sharma</p><p>Summary</p><p>Detail-oriented legal counsel offering 1+ years of hands-on expertise and a strong record of measurable results.</p><p>Skills</p><p>case management, compliance, legal writing, westlaw, regulatory filings, litigation, negotiation, contract review, legal research, client counseling</p><p>Experience</p><p>Utilized contract review, westlaw, litigation to support key business objectives and improve team performance.</p><p>Utilized client counseling, legal research, westlaw to support key business objectives and improve team performance.</p><p>Utilized westlaw, regulatory filings, contract review to support key business objectives and improve team performance.</p><p>Utilized legal writing, compliance, client counseling to support key business objectives and improve team performance.</p><p>Education</p><p>Master of Science in Mechanical Engineering</p></body></html>",ADVOCATE
539,"Ravi Kim
Summary
Detail-oriented aviation operations coordinator offering 1+ years of hands-on expertise and a strong record of measurable results.

Skills
faa regulations, aircraft maintenance, logistics coordination, safety compliance, ground operations, flight operations

Experience
Utilized logistics coordination, flight operations, aircraft maintenance to support key business objectives and improve team performance.
Utilized faa regulations, logistics coordination, safety compliance to support key business objectives and improve team performance.
Utilized safety compliance, faa regulations, ground operations to support key business objectives and improve team performance.
Utilized ground operations, safety compliance, logistics coordination to support key business objectives and improve team performance.

Education
Master of Science in Computer Science","<html><body><p>Ravi Kim</p><p>Summary</p><p>Detail-oriented aviation operations coordinator offering 1+ years of hands-on expertise and a strong record of measurable results.</p><p>Skills</p><p>faa regulations, aircraft maintenance, logistics coordination, safety compliance, ground operations, flight operations</p><p>Experience</p><p>Utilized logistics coordination, flight operations, aircraft maintenance to support key business objectives and improve team performance.</p><p>Utilized faa regulations, logistics coordination, safety compliance to support key business objectives and improve team performance.</p><p>Utilized safety compliance, faa regulations, ground operations to support key business objectives and improve team performance.</p><p>Utilized ground operations, safety compliance, logistics coordination to support key business objectives and improve team performance.</p><p>Education</p><p>Master of Science in Computer Science</p></body></html>",AVIATION
380,"Omar Nguyen
Summary
Detail-oriented mechanical engineer offering 15+ years of hands-on expertise and a strong record of measurable results.

Skills
cad, manufacturing, matlab, six sigma, solidworks, quality control

Experience
Utilized six sigma, matlab, manufacturing to support key business objectives and improve team performance.
Utilized quality control, matlab, solidworks to support key business objectives and improve team performance.
Utilized manufacturing, six sigma, matlab to support key business objectives and improve team performance.
Utilized cad, manufacturing, quality control to support key business objectives and improve team performance.

Education
Master of Science in Finance","<html><body><p>Omar Nguyen</p><p>Summary</p><p>Detail-oriented mechanical engineer offering 15+ years of hands-on expertise and a strong record of measurable results.</p><p>Skills</p><p>cad, manufacturing, matlab, six sigma, solidworks, quality control</p><p>Experience</p><p>Utilized six sigma, matlab, manufacturing to support key business objectives and improve team performance.</p><p>Utilized quality control, matlab, solidworks to support key business objectives and improve team performance.</p><p>Utilized manufacturing, six sigma, matlab to support key business objectives and improve team performance.</p><p>Utilized cad, manufacturing, quality control to support key business objectives and improve team performance.</p><p>Education</p><p>Master of Science in Finance</p></body></html>",ENGINEERING
617,"Grace Davis
Summary
Motivated construction project manager professional with a proven track record of 3 years managing cross-functional initiatives.

Skills
cost estimation, site supervision, project scheduling, osha compliance, blueprint reading, subcontractor management

Experience
Utilized site supervision, subcontractor management, blueprint reading to support key business objectives and improve team performance.
Utilized project scheduling, blueprint reading, osha compliance to support key business objectives and improve team performance.
Utilized subcontractor management, blueprint reading, osha compliance to support key business objectives and improve team performance.

Education
Bachelor of Arts in Mechanical Engineering","<html><body><p>Grace Davis</p><p>Summary</p><p>Motivated construction project manager professional with a proven track record of 3 years managing cross-functional initiatives.</p><p>Skills</p><p>cost estimation, site supervision, project scheduling, osha compliance, blueprint reading, subcontractor management</p><p>Experience</p><p>Utilized site supervision, subcontractor management, blueprint reading to support key business objectives and improve team performance.</p><p>Utilized project scheduling, blueprint reading, osha compliance to support key business objectives and improve team performance.</p><p>Utilized subcontractor management, blueprint reading, osha compliance to support key business objectives and improve team performance.</p><p>Education</p><p>Bachelor of Arts in Mechanical Engineering</p></body></html>",CONSTRUCTION
545,"Grace Nguyen
Summary
Motivated aviation operations coordinator professional with a proven track record of 6 years managing cross-functional initiatives.

Skills
logistics coordination, aircraft maintenance, safety compliance, flight operations, ground operations, faa regulations

Experience
Utilized safety compliance, ground operations, logistics coordination to support key business objectives and improve team performance.
Utilized aircraft maintenance, safety compliance, logistics coordination to support key business objectives and improve team performance.
Utilized safety compliance, aircraft maintenance, logistics coordination to support key business objectives and improve team performance.

Education
Diploma in Education","<html><body><p>Grace Nguyen</p><p>Summary</p><p>Motivated aviation operations coordinator professional with a proven track record of 6 years managing cross-functional initiatives.</p><p>Skills</p><p>logistics coordination, aircraft maintenance, safety compliance, flight operations, ground operations, faa regulations</p><p>Experience</p><p>Utilized safety compliance, ground operations, logistics coordination to support key business objectives and improve team performance.</p><p>Utilized aircraft maintenance, safety compliance, logistics coordination to support key business objectives and improve team performance.</p><p>Utilized safety compliance, aircraft maintenance, logistics coordination to support key business objectives and improve team performance.</p><p>Education</p><p>Diploma in Education</p></body></html>",AVIATION
67,"Aisha Kim
Summary
Detail-oriented human resources specialist offering 2+ years of hands-on expertise and a strong record of measurable results.

Skills
recruiting, hris, benefits administration, onboarding, talent acquisition, payroll, performance management, training and development, compensation, labor relations

Experience
Utilized training and development, compensation, recruiting to support key business objectives and improve team performance.
Utilized training and development, onboarding, payroll to support key business objectives and improve team performance.
Utilized labor relations, training and development, benefits administration to support key business objectives and improve team performance.

Education
Bachelor of Science in Accounting","<html><body><p>Aisha Kim</p><p>Summary</p><p>Detail-oriented human resources specialist offering 2+ years of hands-on expertise and a strong record of measurable results.</p><p>Skills</p><p>recruiting, hris, benefits administration, onboarding, talent acquisition, payroll, performance management, training and development, compensation, labor relations</p><p>Experience</p><p>Utilized training and development, compensation, recruiting to support key business objectives and improve team performance.</p><p>Utilized training and development, onboarding, payroll to support key business objectives and improve team performance.</p><p>Utilized labor relations, training and development, benefits administration to support key business objectives and improve team performance.</p><p>Education</p><p>Bachelor of Science in Accounting</p></body></html>",HR
374,"Grace Davis
Summary
Detail-oriented mechanical engineer offering 13+ years of hands-on expertise and a strong record of measurable results.

Skills
quality control, matlab, solidworks, project management, root cause analysis, autocad

Experience
Utilized quality control, root cause analysis, autocad to support key business objectives and improve team performance.
Utilized matlab, root cause analysis, quality control to support key business objectives and improve team performance.
Utilized root cause analysis, autocad, matlab to support key business objectives and improve team performance.
Utilized project management, root cause analysis, quality control to support key business objectives and improve team performance.

Education
Master of Science in Accounting","<html><body><p>Grace Davis</p><p>Summary</p><p>Detail-oriented mechanical engineer offering 13+ years of hands-on expertise and a strong record of measurable results.</p><p>Skills</p><p>quality control, matlab, solidworks, project management, root cause analysis, autocad</p><p>Experience</p><p>Utilized quality control, root cause analysis, autocad to support key business objectives and improve team performance.</p><p>Utilized matlab, root cause analysis, quality control to support key business objectives and improve team performance.</p><p>Utilized root cause analysis, autocad, matlab to support key business objectives and improve team performance.</p><p>Utilized project management, root cause analysis, quality control to support key business objectives and improve team performance.</p><p>Education</p><p>Master of Science in Accounting</p></body></html>",ENGINEERING
168,"Alex Nguyen
Summary
Motivated legal counsel professional with a proven track record of 14 years managing cross-functional initiatives.

Skills
litigation, case management, westlaw, client counseling, contract review, regulatory filings, compliance, negotiation, legal research

Experience
Utilized case management, client counseling, legal research to support key business objectives and improve team performance.
Utilized contract review, negotiation, compliance to support key business objectives and improve team performance.
Utilized regulatory filings, contract review, legal research to support key business objectives and improve team performance.

Education
Master of Science in Finance","<html><body><p>Alex Nguyen</p><p>Summary</p><p>Motivated legal counsel professional with a proven track record of 14 years managing cross-functional initiatives.</p><p>Skills</p><p>litigation, case management, westlaw, client counseling, contract review, regulatory filings, compliance, negotiation, legal research</p><p>Experience</p><p>Utilized case management, client counseling, legal research to support key business objectives and improve team performance.</p><p>Utilized contract review, negotiation, compliance to support key business objectives and improve team performance.</p><p>Utilized regulatory filings, contract review, legal research to support key business objectives and improve team performance.</p><p>Education</p><p>Master of Science in Finance</p></body></html>",ADVOCATE
611,"Wei Chen
Summary
Detail-oriented construction project manager offering 13+ years of hands-on expertise and a strong record of measurable results.

Skills
osha compliance, blueprint reading, subcontractor management, project scheduling, site supervision, cost estimation

Experience
Utilized project scheduling, cost estimation, osha compliance to support key business objectives and improve team performance.
Utilized cost estimation, site supervision, blueprint reading to support key business objectives and improve team performance.
Utilized cost estimation, blueprint reading, subcontractor management to support key business objectives and improve team performance.

Education
Bachelor of Science in Mechanical Engineering","<html><body><p>Wei Chen</p><p>Summary</p><p>Detail-oriented construction project manager offering 13+ years of hands-on expertise and a strong record of measurable results.</p><p>Skills</p><p>osha compliance, blueprint reading, subcontractor management, project scheduling, site supervision, cost estimation</p><p>Experience</p><p>Utilized project scheduling, cost estimation, osha compliance to support key business objectives and improve team performance.</p><p>Utilized cost estimation, site supervision, blueprint reading to support key business objectives and improve team performance.</p><p>Utilized cost estimation, blueprint reading, subcontractor management to support key business objectives and improve team performance.</p><p>Education</p><p>Bachelor of Science in Mechanical Engineering</p></body></html>",CONSTRUCTION
162,"Liam Chen
Summary
Motivated legal counsel professional with a proven track record of 9 years managing cross-functional initiatives.

Skills
negotiation, regulatory filings, legal writing, westlaw, legal research, case management, contract review, litigation, client counseling

Experience
Utilized negotiation, contract review, client counseling to support key business objectives and improve team performance.
Utilized legal research, litigation, regulatory filings to support key business objectives and improve team performance.
Utilized regulatory filings, negotiation, client counseling to support key business objectives and improve team performance.

Education
Bachelor of Arts in Computer Science","<html><body><p>Liam Chen</p><p>Summary</p><p>Motivated legal counsel professional with a proven track record of 9 years managing cross-functional initiatives.</p><p>Skills</p><p>negotiation, regulatory filings, legal writing, westlaw, legal research, case management, contract review, litigation, client counseling</p><p>Experience</p><p>Utilized negotiation, contract review, client counseling to support key business objectives and improve team performance.</p><p>Utilized legal research, litigation, regulatory filings to support key business objectives and improve team performance.</p><p>Utilized regulatory filings, negotiation, client counseling to support key business objectives and improve team performance.</p><p>Education</p><p>Bachelor of Arts in Computer Science</p></body></html>",ADVOCATE
309,"Grace Nguyen
Summary
Detail-oriented sales representative offering 11+ years of hands-on expertise and a strong record of measurable results.

Skills
cold calling, sales, crm, prospecting, upselling, quota attainment, client relationship

Experience
Utilized quota attainment, client relationship, upselling to support key business objectives and improve team performance.
Utilized client relationship, upselling, prospecting to support key business objectives and improve team performance.
Utilized prospecting, crm, upselling to support key business objectives and improve team performance.
Utilized sales, crm, client relationship to support key business objectives and improve team performance.

Education
Master of Science in Nursing","<html><body><p>Grace Nguyen</p><p>Summary</p><p>Detail-oriented sales representative offering 11+ years of hands-on expertise and a strong record of measurable results.</p><p>Skills</p><p>cold calling, sales, crm, prospecting, upselling, quota attainment, client relationship</p><p>Experience</p><p>Utilized quota attainment, client relationship, upselling to support key business objectives and improve team performance.</p><p>Utilized client relationship, upselling, prospecting to support key business objectives and improve team performance.</p><p>Utilized prospecting, crm, upselling to support key business objectives and improve team performance.</p><p>Utilized sales, crm, client relationship to support key business objectives and improve team performance.</p><p>Education</p><p>Master of Science in Nursing</p></body></html>",SALES
193,"Taylor Sharma
Summary
Motivated legal counsel professional with a proven track record of 12 years managing cross-functional initiatives.

Skills
compliance, legal writing, legal research, client counseling, westlaw, case management

Experience
Utilized legal research, client counseling, compliance to support key business objectives and improve team performance.
Utilized westlaw, case management, legal writing to support key business objectives and improve team performance.

Education
Bachelor of Arts in Accounting","<html><body><p>Taylor Sharma</p><p>Summary</p><p>Motivated legal counsel professional with a proven track record of 12 years managing cross-functional initiatives.</p><p>Skills</p><p>compliance, legal writing, legal research, client counseling, westlaw, case management</p><p>Experience</p><p>Utilized legal research, client counseling, compliance to support key business objectives and improve team performance.</p><p>Utilized westlaw, case management, legal writing to support key business objectives and improve team performance.</p><p>Education</p><p>Bachelor of Arts in Accounting</p></body></html>",ADVOCATE
405,"Emma Sharma
Summary
Results-driven accountant with 4 years of experience delivering high-impact outcomes in fast-paced environments.

Skills
tax, auditing, reconciliation, gaap, financial statements, accounts receivable, bookkeeping, accounting, accounts payable

Experience
Utilized auditing, gaap, accounting to support key business objectives and improve team performance.
Utilized bookkeeping, auditing, reconciliation to support key business objectives and improve team performance.
Utilized auditing, accounts payable, financial statements to support key business objectives and improve team performance.

Education
Master of Science in Accounting","<html><body><p>Emma Sharma</p><p>Summary</p><p>Results-driven accountant with 4 years of experience delivering high-impact outcomes in fast-paced environments.</p><p>Skills</p><p>tax, auditing, reconciliation, gaap, financial statements, accounts receivable, bookkeeping, accounting, accounts payable</p><p>Experience</p><p>Utilized auditing, gaap, accounting to support key business objectives and improve team performance.</p><p>Utilized bookkeeping, auditing, reconciliation to support key business objectives and improve team performance.</p><p>Utilized auditing, accounts payable, financial statements to support key business objectives and improve team performance.</p><p>Education</p><p>Master of Science in Accounting</p></body></html>",ACCOUNTANT
546,"Liam Chen
Summary
Detail-oriented aviation operations coordinator offering 1+ years of hands-on expertise and a strong record of measurable results.

Skills
ground operations, faa regulations, safety compliance, aircraft maintenance, logistics coordination, flight operations

Experience
Utilized flight operations, ground operations, logistics coordination to support key business objectives and improve team performance.
Utilized faa regulations, logistics coordination, aircraft maintenance to support key business objectives and improve team performance.
Utilized logistics coordination, ground operations, flight operations to support key business objectives and improve team performance.

Education
Diploma in Marketing","<html><body><p>Liam Chen</p><p>Summary</p><p>Detail-oriented aviation operations coordinator offering 1+ years of hands-on expertise and a strong record of measurable results.</p><p>Skills</p><p>ground operations, faa regulations, safety compliance, aircraft maintenance, logistics coordination, flight operations</p><p>Experience</p><p>Utilized flight operations, ground operations, logistics coordination to support key business objectives and improve team performance.</p><p>Utilized faa regulations, logistics coordination, aircraft maintenance to support key business objectives and improve team performance.</p><p>Utilized logistics coordination, ground operations, flight operations to support key business objectives and improve team performance.</p><p>Education</p><p>Diploma in Marketing</p></body></html>",AVIATION
152,"Noah Johnson
Summary
Motivated educator professional with a proven track record of 2 years managing cross-functional initiatives.

Skills
student assessment, lesson planning, curriculum development, special education, parent communication, instructional design

Experience
Utilized student assessment, lesson planning, special education to support key business objectives and improve team performance.
Utilized instructional design, special education, parent communication to support key business objectives and improve team performance.
Utilized student assessment, special education, parent communication to support key business objectives and improve team performance.

Education
Bachelor of Science in Computer Science","<html><body><p>Noah Johnson</p><p>Summary</p><p>Motivated educator professional with a proven track record of 2 years managing cross-functional initiatives.</p><p>Skills</p><p>student assessment, lesson planning, curriculum development, special education, parent communication, instructional design</p><p>Experience</p><p>Utilized student assessment, lesson planning, special education to support key business objectives and improve team performance.</p><p>Utilized instructional design, special education, parent communication to support key business objectives and improve team performance.</p><p>Utilized student assessment, special education, parent communication to support key business objectives and improve team performance.</p><p>Education</p><p>Bachelor of Science in Computer Science</p></body></html>",TEACHER
382,"Noah Khan
Summary
Results-driven mechanical engineer with 4 years of experience delivering high-impact outcomes in fast-paced environments.

Skills
autocad, six sigma, root cause analysis, project management, cad, process improvement, solidworks, quality control, manufacturing

Experience
Utilized cad, quality control, process improvement to support key business objectives and improve team performance.
Utilized project management, autocad, six sigma to support key business objectives and improve team performance.

Education
Bachelor of Engineering in Education","<html><body><p>Noah Khan</p><p>Summary</p><p>Results-driven mechanical engineer with 4 years of experience delivering high-impact outcomes in fast-paced environments.</p><p>Skills</p><p>autocad, six sigma, root cause analysis, project management, cad, process improvement, solidworks, quality control, manufacturing</p><p>Experience</p><p>Utilized cad, quality control, process improvement to support key business objectives and improve team performance.</p><p>Utilized project management, autocad, six sigma to support key business objectives and improve team performance.</p><p>Education</p><p>Bachelor of Engineering in Education</p></body></html>",ENGINEERING
426,"Liam Khan
Summary
Results-driven accountant with 10 years of experience delivering high-impact outcomes in fast-paced environments.

Skills
accounting, accounts receivable, financial statements, general ledger, gaap, tax, bookkeeping, reconciliation

Experience
Utilized accounts receivable, tax, general ledger to support key business objectives and improve team performance.
Utilized gaap, reconciliation, accounts receivable to support key business objectives and improve team performance.
Utilized financial statements, bookkeeping, gaap to support key business objectives and improve team performance.

Education
Master of Science in Design","<html><body><p>Liam Khan</p><p>Summary</p><p>Results-driven accountant with 10 years of experience delivering high-impact outcomes in fast-paced environments.</p><p>Skills</p><p>accounting, accounts receivable, financial statements, general ledger, gaap, tax, bookkeeping, reconciliation</p><p>Experience</p><p>Utilized accounts receivable, tax, general ledger to support key business objectives and improve team performance.</p><p>Utilized gaap, reconciliation, accounts receivable to support key business objectives and improve team performance.</p><p>Utilized financial statements, bookkeeping, gaap to support key business objectives and improve team performance.</p><p>Education</p><p>Master of Science in Design</p></body></html>",ACCOUNTANT
226,"Omar Singh
Summary
Detail-oriented business development manager offering 13+ years of hands-on expertise and a strong record of measurable results.

Skills
client relationship, salesforce, crm, market research, partnership development, account management, negotiation, revenue growth

Experience
Utilized partnership development, market research, account management to support key business objectives and improve team performance.
Utilized crm, negotiation, salesforce to support key business objectives and improve team performance.
Utilized account management, market research, revenue growth to support key business objectives and improve team performance.

Education
Bachelor of Engineering in Business Administration","<html><body><p>Omar Singh</p><p>Summary</p><p>Detail-oriented business development manager offering 13+ years of hands-on expertise and a strong record of measurable results.</p><p>Skills</p><p>client relationship, salesforce, crm, market research, partnership development, account management, negotiation, revenue growth</p><p>Experience</p><p>Utilized partnership development, market research, account management to support key business objectives and improve team performance.</p><p>Utilized crm, negotiation, salesforce to support key business objectives and improve team performance.</p><p>Utilized account management, market research, revenue growth to support key business objectives and improve team performance.</p><p>Education</p><p>Bachelor of Engineering in Business Administration</p></body></html>",BUSINESS-DEVELOPMENT
388,"Grace Garcia
Summary
Results-driven mechanical engineer with 2 years of experience delivering high-impact outcomes in fast-paced environments.

Skills
project management, solidworks, process improvement, quality control, root cause analysis, autocad, six sigma, cad, manufacturing

Experience
Utilized quality control, process improvement, autocad to support key business objectives and improve team performance.
Utilized manufacturing, root cause analysis, process improvement to support key business objectives and improve team performance.
Utilized six sigma, cad, autocad to support key business objectives and improve team performance.
Utilized cad, process improvement, solidworks to support key business objectives and improve team performance.

Education
Bachelor of Science in Business Administration","<html><body><p>Grace Garcia</p><p>Summary</p><p>Results-driven mechanical engineer with 2 years of experience delivering high-impact outcomes in fast-paced environments.</p><p>Skills</p><p>project management, solidworks, process improvement, quality control, root cause analysis, autocad, six sigma, cad, manufacturing</p><p>Experience</p><p>Utilized quality control, process improvement, autocad to support key business objectives and improve team performance.</p><p>Utilized manufacturing, root cause analysis, process improvement to support key business objectives and improve team performance.</p><p>Utilized six sigma, cad, autocad to support key business objectives and improve team performance.</p><p>Utilized cad, process improvement, solidworks to support key business objectives and improve team performance.</p><p>Education</p><p>Bachelor of Science in Business Administration</p></body></html>",ENGINEERING
512,"Neha Khan
Summary
Detail-oriented digital marketing specialist offering 6+ years of hands-on expertise and a strong record of measurable results.

Skills
social media marketing, brand strategy, copywriting, seo, campaign management, email marketing, content strategy, digital marketing, google analytics

Experience
Utilized email marketing, digital marketing, social media marketing to support key business objectives and improve team performance.
Utilized email marketing, campaign management, google analytics to support key business objectives and improve team performance.
Utilized email marketing, digital marketing, social media marketing to support key business objectives and improve team performance.

Education
Master of Science in Nursing","<html><body><p>Neha Khan</p><p>Summary</p><p>Detail-oriented digital marketing specialist offering 6+ years of hands-on expertise and a strong record of measurable results.</p><p>Skills</p><p>social media marketing, brand strategy, copywriting, seo, campaign management, email marketing, content strategy, digital marketing, google analytics</p><p>Experience</p><p>Utilized email marketing, digital marketing, social media marketing to support key business objectives and improve team performance.</p><p>Utilized email marketing, campaign management, google analytics to support key business objectives and improve team performance.</p><p>Utilized email marketing, digital marketing, social media marketing to support key business objectives and improve team performance.</p><p>Education</p><p>Master of Science in Nursing</p></body></html>",DIGITAL-MEDIA
103,"Alex Singh
Summary
Detail-oriented product designer offering 3+ years of hands-on expertise and a strong record of measurable results.

Skills
typography, graphic design, wireframing, illustrator, prototyping, adobe creative suite, ux design

Experience
Utilized typography, prototyping, illustrator to support key business objectives and improve team performance.
Utilized adobe creative suite, wireframing, typography to support key business objectives and improve team performance.
Utilized illustrator, wireframing, typography to support key business objectives and improve team performance.
Utilized adobe creative suite, graphic design, prototyping to support key business objectives and improve team performance.

Education
Bachelor of Engineering in Nursing","<html><body><p>Alex Singh</p><p>Summary</p><p>Detail-oriented product designer offering 3+ years of hands-on expertise and a strong record of measurable results.</p><p>Skills</p><p>typography, graphic design, wireframing, illustrator, prototyping, adobe creative suite, ux design</p><p>Experience</p><p>Utilized typography, prototyping, illustrator to support key business objectives and improve team performance.</p><p>Utilized adobe creative suite, wireframing, typography to support key business objectives and improve team performance.</p><p>Utilized illustrator, wireframing, typography to support key business objectives and improve team performance.</p><p>Utilized adobe creative suite, graphic design, prototyping to support key business objectives and improve team performance.</p><p>Education</p><p>Bachelor of Engineering in Nursing</p></body></html>",DESIGNER
457,"Taylor Garcia
Summary
Detail-oriented management consultant offering 7+ years of hands-on expertise and a strong record of measurable results.

Skills
change management, strategy, business case development, data analysis, process optimization, project management, stakeholder management, client presentations

Experience
Utilized project management, business case development, data analysis to support key business objectives and improve team performance.
Utilized strategy, data analysis, change management to support key business objectives and improve team performance.
Utilized client presentations, data analysis, process optimization to support key business objectives and improve team performance.
Utilized change management, strategy, process optimization to support key business objectives and improve team performance.

Education
Diploma in Finance","<html><body><p>Taylor Garcia</p><p>Summary</p><p>Detail-oriented management consultant offering 7+ years of hands-on expertise and a strong record of measurable results.</p><p>Skills</p><p>change management, strategy, business case development, data analysis, process optimization, project management, stakeholder management, client presentations</p><p>Experience</p><p>Utilized project management, business case development, data analysis to support key business objectives and improve team performance.</p><p>Utilized strategy, data analysis, change management to support key business objectives and improve team performance.</p><p>Utilized client presentations, data analysis, process optimization to support key business objectives and improve team performance.</p><p>Utilized change management, strategy, process optimization to support key business objectives and improve team performance.</p><p>Education</p><p>Diploma in Finance</p></body></html>",CONSULTANT
74,"Emma Davis
Summary
Results-driven human resources specialist with 6 years of experience delivering high-impact outcomes in fast-paced environments.

Skills
hris, payroll, recruiting, training and development, onboarding, performance management

Experience
Utilized training and development, payroll, performance management to support key business objectives and improve team performance.
Utilized training and development, onboarding, hris to support key business objectives and improve team performance.
Utilized hris, performance management, recruiting to support key business objectives and improve team performance.

Education
Bachelor of Arts in Computer Science","<html><body><p>Emma Davis</p><p>Summary</p><p>Results-driven human resources specialist with 6 years of experience delivering high-impact outcomes in fast-paced environments.</p><p>Skills</p><p>hris, payroll, recruiting, training and development, onboarding, performance management</p><p>Experience</p><p>Utilized training and development, payroll, performance management to support key business objectives and improve team performance.</p><p>Utilized training and development, onboarding, hris to support key business objectives and improve team performance.</p><p>Utilized hris, performance management, recruiting to support key business objectives and improve team performance.</p><p>Education</p><p>Bachelor of Arts in Computer Science</p></body></html>",HR
495,"Omar Sharma
Summary
Detail-oriented digital marketing specialist offering 9+ years of hands-on expertise and a strong record of measurable results.

Skills
social media marketing, google analytics, seo, digital marketing, email marketing, copywriting

Experience
Utilized social media marketing, google analytics, copywriting to support key business objectives and improve team performance.
Utilized seo, google analytics, email marketing to support key business objectives and improve team performance.
Utilized social media marketing, google analytics, seo to support key business objectives and improve team performance.

Education
Bachelor of Arts in Mechanical Engineering","<html><body><p>Omar Sharma</p><p>Summary</p><p>Detail-oriented digital marketing specialist offering 9+ years of hands-on expertise and a strong record of measurable results.</p><p>Skills</p><p>social media marketing, google analytics, seo, digital marketing, email marketing, copywriting</p><p>Experience</p><p>Utilized social media marketing, google analytics, copywriting to support key business objectives and improve team performance.</p><p>Utilized seo, google analytics, email marketing to support key business objectives and improve team performance.</p><p>Utilized social media marketing, google analytics, seo to support key business objectives and improve team performance.</p><p>Education</p><p>Bachelor of Arts in Mechanical Engineering</p></body></html>",DIGITAL-MEDIA
616,"Noah Brown
Summary
Motivated construction project manager professional with a proven track record of 11 years managing cross-functional initiatives.

Skills
cost estimation, site supervision, subcontractor management, project scheduling, osha compliance, blueprint reading

Experience
Utilized blueprint reading, osha compliance, site supervision to support key business objectives and improve team performance.
Utilized site supervision, cost estimation, blueprint reading to support key business objectives and improve team performance.
Utilized site supervision, subcontractor management, osha compliance to support key business objectives and improve team performance.

Education
Bachelor of Science in Nursing","<html><body><p>Noah Brown</p><p>Summary</p><p>Motivated construction project manager professional with a proven track record of 11 years managing cross-functional initiatives.</p><p>Skills</p><p>cost estimation, site supervision, subcontractor management, project scheduling, osha compliance, blueprint reading</p><p>Experience</p><p>Utilized blueprint reading, osha compliance, site supervision to support key business objectives and improve team performance.</p><p>Utilized site supervision, cost estimation, blueprint reading to support key business objectives and improve team performance.</p><p>Utilized site supervision, subcontractor management, osha compliance to support key business objectives and improve team performance.</p><p>Education</p><p>Bachelor of Science in Nursing</p></body></html>",CONSTRUCTION
119,"Noah Garcia
Summary
Results-driven product designer with 12 years of experience delivering high-impact outcomes in fast-paced environments.

Skills
ux design, figma, adobe creative suite, graphic design, branding, illustrator, prototyping, indesign, typography

Experience
Utilized prototyping, adobe creative suite, illustrator to support key business objectives and improve team performance.
Utilized prototyping, illustrator, adobe creative suite to support key business objectives and improve team performance.

Education
Bachelor of Science in Finance","<html><body><p>Noah Garcia</p><p>Summary</p><p>Results-driven product designer with 12 years of experience delivering high-impact outcomes in fast-paced environments.</p><p>Skills</p><p>ux design, figma, adobe creative suite, graphic design, branding, illustrator, prototyping, indesign, typography</p><p>Experience</p><p>Utilized prototyping, adobe creative suite, illustrator to support key business objectives and improve team performance.</p><p>Utilized prototyping, illustrator, adobe creative suite to support key business objectives and improve team performance.</p><p>Education</p><p>Bachelor of Science in Finance</p></body></html>",DESIGNER
453,"Jordan Johnson
Summary
Results-driven management consultant with 7 years of experience delivering high-impact outcomes in fast-paced environments.

Skills
data analysis, business case development, change management, stakeholder management, process optimization, client presentations, strategy, project management

Experience
Utilized strategy, data analysis, process optimization to support key business objectives and improve team performance.
Utilized stakeholder management, data analysis, strategy to support key business objectives and improve team performance.

Education
Master of Science in Mechanical Engineering","<html><body><p>Jordan Johnson</p><p>Summary</p><p>Results-driven management consultant with 7 years of experience delivering high-impact outcomes in fast-paced environments.</p><p>Skills</p><p>data analysis, business case development, change management, stakeholder management, process optimization, client presentations, strategy, project management</p><p>Experience</p><p>Utilized strategy, data analysis, process optimization to support key business objectives and improve team performance.</p><p>Utilized stakeholder management, data analysis, strategy to support key business objectives and improve team performance.</p><p>Education</p><p>Master of Science in Mechanical Engineering</p></body></html>",CONSULTANT
480,"Sofia Patel
Summary
Motivated digital marketing specialist professional with a proven track record of 11 years managing cross-functional initiatives.

Skills
copywriting, brand strategy, email marketing, google analytics, digital marketing, content strategy, campaign management, social media marketing

Experience
Utilized copywriting, digital marketing, content strategy to support key business objectives and improve team performance.
Utilized copywriting, content strategy, brand strategy to support key business objectives and improve team performance.
Utilized copywriting, brand strategy, social media marketing to support key business objectives and improve team performance.

Education
MBA in Nursing","<html><body><p>Sofia Patel</p><p>Summary</p><p>Motivated digital marketing specialist professional with a proven track record of 11 years managing cross-functional initiatives.</p><p>Skills</p><p>copywriting, brand strategy, email marketing, google analytics, digital marketing, content strategy, campaign management, social media marketing</p><p>Experience</p><p>Utilized copywriting, digital marketing, content strategy to support key business objectives and improve team performance.</p><p>Utilized copywriting, content strategy, brand strategy to support key business objectives and improve team performance.</p><p>Utilized copywriting, brand strategy, social media marketing to support key business objectives and improve team performance.</p><p>Education</p><p>MBA in Nursing</p></body></html>",DIGITAL-MEDIA
601,"Omar Khan
Summary
Results-driven construction project manager with 8 years of experience delivering high-impact outcomes in fast-paced environments.

Skills
osha compliance, cost estimation, site supervision, blueprint reading, project scheduling, subcontractor management

Experience
Utilized blueprint reading, project scheduling, osha compliance to support key business objectives and improve team performance.
Utilized osha compliance, blueprint reading, cost estimation to support key business objectives and improve team performance.

Education
Bachelor of Engineering in Accounting","<html><body><p>Omar Khan</p><p>Summary</p><p>Results-driven construction project manager with 8 years of experience delivering high-impact outcomes in fast-paced environments.</p><p>Skills</p><p>osha compliance, cost estimation, site supervision, blueprint reading, project scheduling, subcontractor management</p><p>Experience</p><p>Utilized blueprint reading, project scheduling, osha compliance to support key business objectives and improve team performance.</p><p>Utilized osha compliance, blueprint reading, cost estimation to support key business objectives and improve team performance.</p><p>Education</p><p>Bachelor of Engineering in Accounting</p></body></html>",CONSTRUCTION
207,"Emma Khan
Summary
Motivated business development manager professional with a proven track record of 8 years managing cross-functional initiatives.

Skills
business development, salesforce, crm, market research, negotiation, lead generation, revenue growth, client relationship, partnership development, account management

Experience
Utilized market research, salesforce, negotiation to support key business objectives and improve team performance.
Utilized lead generation, market research, business development to support key business objectives and improve team performance.
Utilized market research, partnership development, lead generation to support key business objectives and improve team performance.

Education
Bachelor of Science in Mechanical Engineering","<html><body><p>Emma Khan</p><p>Summary</p><p>Motivated business development manager professional with a proven track record of 8 years managing cross-functional initiatives.</p><p>Skills</p><p>business development, salesforce, crm, market research, negotiation, lead generation, revenue growth, client relationship, partnership development, account management</p><p>Experience</p><p>Utilized market research, salesforce, negotiation to support key business objectives and improve team performance.</p><p>Utilized lead generation, market research, business development to support key business objectives and improve team performance.</p><p>Utilized market research, partnership development, lead generation to support key business objectives and improve team performance.</p><p>Education</p><p>Bachelor of Science in Mechanical Engineering</p></body></html>",BUSINESS-DEVELOPMENT
578,"Ravi Khan
Summary
Motivated banking associate professional with a proven track record of 1 years managing cross-functional initiatives.

Skills
underwriting, credit analysis, loan processing, compliance, customer relationship management, kyc, risk assessment

Experience
Utilized risk assessment, credit analysis, customer relationship management to support key business objectives and improve team performance.
Utilized kyc, underwriting, loan processing to support key business objectives and improve team performance.
Utilized risk assessment, kyc, loan processing to support key business objectives and improve team performance.

Education
Bachelor of Science in Accounting","<html><body><p>Ravi Khan</p><p>Summary</p><p>Motivated banking associate professional with a proven track record of 1 years managing cross-functional initiatives.</p><p>Skills</p><p>underwriting, credit analysis, loan processing, compliance, customer relationship management, kyc, risk assessment</p><p>Experience</p><p>Utilized risk assessment, credit analysis, customer relationship management to support key business objectives and improve team performance.</p><p>Utilized kyc, underwriting, loan processing to support key business objectives and improve team performance.</p><p>Utilized risk assessment, kyc, loan processing to support key business objectives and improve team performance.</p><p>Education</p><p>Bachelor of Science in Accounting</p></body></html>",BANKING
412,"Ravi Khan
Summary
Detail-oriented accountant offering 6+ years of hands-on expertise and a strong record of measurable results.

Skills
general ledger, auditing, accounts payable, bookkeeping, quickbooks, financial statements, tax, gaap, reconciliation, accounting

Experience
Utilized general ledger, gaap, tax to support key business objectives and improve team performance.
Utilized reconciliation, bookkeeping, general ledger to support key business objectives and improve team performance.
Utilized bookkeeping, general ledger, auditing to support key business objectives and improve team performance.

Education
Bachelor of Engineering in Business Administration","<html><body><p>Ravi Khan</p><p>Summary</p><p>Detail-oriented accountant offering 6+ years of hands-on expertise and a strong record of measurable results.</p><p>Skills</p><p>general ledger, auditing, accounts payable, bookkeeping, quickbooks, financial statements, tax, gaap, reconciliation, accounting</p><p>Experience</p><p>Utilized general ledger, gaap, tax to support key business objectives and improve team performance.</p><p>Utilized reconciliation, bookkeeping, general ledger to support key business objectives and improve team performance.</p><p>Utilized bookkeeping, general ledger, auditing to support key business objectives and improve team performance.</p><p>Education</p><p>Bachelor of Engineering in Business Administration</p></body></html>",ACCOUNTANT
399,"Neha Davis
Summary
Results-driven mechanical engineer with 9 years of experience delivering high-impact outcomes in fast-paced environments.

Skills
cad, manufacturing, matlab, autocad, root cause analysis, process improvement, quality control, solidworks, six sigma, project management

Experience
Utilized autocad, solidworks, project management to support key business objectives and improve team performance.
Utilized six sigma, project management, solidworks to support key business objectives and improve team performance.

Education
Bachelor of Engineering in Mechanical Engineering","<html><body><p>Neha Davis</p><p>Summary</p><p>Results-driven mechanical engineer with 9 years of experience delivering high-impact outcomes in fast-paced environments.</p><p>Skills</p><p>cad, manufacturing, matlab, autocad, root cause analysis, process improvement, quality control, solidworks, six sigma, project management</p><p>Experience</p><p>Utilized autocad, solidworks, project management to support key business objectives and improve team performance.</p><p>Utilized six sigma, project management, solidworks to support key business objectives and improve team performance.</p><p>Education</p><p>Bachelor of Engineering in Mechanical Engineering</p></body></html>",ENGINEERING
473,"Emma Garcia
Summary
Results-driven management consultant with 7 years of experience delivering high-impact outcomes in fast-paced environments.

Skills
strategy, stakeholder management, data analysis, change management, client presentations, business case development, process optimization, project management

Experience
Utilized process optimization, stakeholder management, business case development to support key business objectives and improve team performance.
Utilized change management, project management, client presentations to support key business objectives and improve team performance.
Utilized strategy, stakeholder management, change management to support key business objectives and improve team performance.
Utilized data analysis, process optimization, business case development to support key business objectives and improve team performance.

Education
Master of Science in Business Administration","<html><body><p>Emma Garcia</p><p>Summary</p><p>Results-driven management consultant with 7 years of experience delivering high-impact outcomes in fast-paced environments.</p><p>Skills</p><p>strategy, stakeholder management, data analysis, change management, client presentations, business case development, process optimization, project management</p><p>Experience</p><p>Utilized process optimization, stakeholder management, business case development to support key business objectives and improve team performance.</p><p>Utilized change management, project management, client presentations to support key business objectives and improve team performance.</p><p>Utilized strategy, stakeholder management, change management to support key business objectives and improve team performance.</p><p>Utilized data analysis, process optimization, business case development to support key business objectives and improve team performance.</p><p>Education</p><p>Master of Science in Business Administration</p></body></html>",CONSULTANT
8,"Alex Garcia
Summary
Results-driven software engineer with 2 years of experience delivering high-impact outcomes in fast-paced environments.

Skills
rest api, scrum, python, java, ci/cd, microservices

Experience
Utilized scrum, python, java to support key business objectives and improve team performance.
Utilized scrum, ci/cd, microservices to support key business objectives and improve team performance.
Utilized microservices, ci/cd, java to support key business objectives and improve team performance.
Utilized scrum, java, ci/cd to support key business objectives and improve team performance.

Education
Master of Science in Business Administration","<html><body><p>Alex Garcia</p><p>Summary</p><p>Results-driven software engineer with 2 years of experience delivering high-impact outcomes in fast-paced environments.</p><p>Skills</p><p>rest api, scrum, python, java, ci/cd, microservices</p><p>Experience</p><p>Utilized scrum, python, java to support key business objectives and improve team performance.</p><p>Utilized scrum, ci/cd, microservices to support key business objectives and improve team performance.</p><p>Utilized microservices, ci/cd, java to support key business objectives and improve team performance.</p><p>Utilized scrum, java, ci/cd to support key business objectives and improve team performance.</p><p>Education</p><p>Master of Science in Business Administration</p></body></html>",INFORMATION-TECHNOLOGY
442,"Sofia Kim
Summary
Results-driven management consultant with 3 years of experience delivering high-impact outcomes in fast-paced environments.

Skills
process optimization, change management, client presentations, data analysis, stakeholder management, business case development, project management, strategy

Experience
Utilized project management, change management, data analysis to support key business objectives and improve team performance.
Utilized change management, project management, process optimization to support key business objectives and improve team performance.

Education
Master of Science in Computer Science","<html><body><p>Sofia Kim</p><p>Summary</p><p>Results-driven management consultant with 3 years of experience delivering high-impact outcomes in fast-paced environments.</p><p>Skills</p><p>process optimization, change management, client presentations, data analysis, stakeholder management, business case development, project management, strategy</p><p>Experience</p><p>Utilized project management, change management, data analysis to support key business objectives and improve team performance.</p><p>Utilized change management, project management, process optimization to support key business objectives and improve team performance.</p><p>Education</p><p>Master of Science in Computer Science</p></body></html>",CONSULTANT
36,"Grace Chen
Summary
Detail-oriented software engineer offering 1+ years of hands-on expertise and a strong record of measurable results.

Skills
machine learning, rest api, django, git, react, agile, ci/cd, docker, cloud computing, linux

Experience
Utilized git, react, rest api to support key business objectives and improve team performance.
Utilized django, git, linux to support key business objectives and improve team performance.

Education
Diploma in Business Administration","<html><body><p>Grace Chen</p><p>Summary</p><p>Detail-oriented software engineer offering 1+ years of hands-on expertise and a strong record of measurable results.</p><p>Skills</p><p>machine learning, rest api, django, git, react, agile, ci/cd, docker, cloud computing, linux</p><p>Experience</p><p>Utilized git, react, rest api to support key business objectives and improve team performance.</p><p>Utilized django, git, linux to support key business objectives and improve team performance.</p><p>Education</p><p>Diploma in Business Administration</p></body></html>",INFORMATION-TECHNOLOGY
139,"Liam Chen
Summary
Motivated educator professional with a proven track record of 11 years managing cross-functional initiatives.

Skills
classroom management, parent communication, differentiated instruction, tutoring, lesson planning, student assessment

Experience
Utilized parent communication, classroom management, tutoring to support key business objectives and improve team performance.
Utilized differentiated instruction, tutoring, student assessment to support key business objectives and improve team performance.

Education
Bachelor of Arts in Business Administration","<html><body><p>Liam Chen</p><p>Summary</p><p>Motivated educator professional with a proven track record of 11 years managing cross-functional initiatives.</p><p>Skills</p><p>classroom management, parent communication, differentiated instruction, tutoring, lesson planning, student assessment</p><p>Experience</p><p>Utilized parent communication, classroom management, tutoring to support key business objectives and improve team performance.</p><p>Utilized differentiated instruction, tutoring, student assessment to support key business objectives and improve team performance.</p><p>Education</p><p>Bachelor of Arts in Business Administration</p></body></html>",TEACHER
253,"Omar Kim
Summary
Motivated healthcare professional professional with a proven track record of 6 years managing cross-functional initiatives.

Skills
medication administration, clinical, nursing, hipaa, emr, triage, medical records, patient care, ehr, vital signs monitoring

Experience
Utilized triage, vital signs monitoring, ehr to support key business objectives and improve team performance.
Utilized emr, hipaa, vital signs monitoring to support key business objectives and improve team performance.

Education
Bachelor of Engineering in Marketing","<html><body><p>Omar Kim</p><p>Summary</p><p>Motivated healthcare professional professional with a proven track record of 6 years managing cross-functional initiatives.</p><p>Skills</p><p>medication administration, clinical, nursing, hipaa, emr, triage, medical records, patient care, ehr, vital signs monitoring</p><p>Experience</p><p>Utilized triage, vital signs monitoring, ehr to support key business objectives and improve team performance.</p><p>Utilized emr, hipaa, vital signs monitoring to support key business objectives and improve team performance.</p><p>Education</p><p>Bachelor of Engineering in Marketing</p></body></html>",HEALTHCARE
303,"Priya Nguyen
Summary
Detail-oriented sales representative offering 7+ years of hands-on expertise and a strong record of measurable results.

Skills
closing deals, client relationship, salesforce, quota attainment, sales, crm, cold calling

Experience
Utilized closing deals, quota attainment, cold calling to support key business objectives and improve team performance.
Utilized closing deals, quota attainment, sales to support key business objectives and improve team performance.
Utilized closing deals, quota attainment, sales to support key business objectives and improve team performance.
Utilized quota attainment, cold calling, closing deals to support key business objectives and improve team performance.

Education
Bachelor of Arts in Marketing","<html><body><p>Priya Nguyen</p><p>Summary</p><p>Detail-oriented sales representative offering 7+ years of hands-on expertise and a strong record of measurable results.</p><p>Skills</p><p>closing deals, client relationship, salesforce, quota attainment, sales, crm, cold calling</p><p>Experience</p><p>Utilized closing deals, quota attainment, cold calling to support key business objectives and improve team performance.</p><p>Utilized closing deals, quota attainment, sales to support key business objectives and improve team performance.</p><p>Utilized closing deals, quota attainment, sales to support key business objectives and improve team performance.</p><p>Utilized quota attainment, cold calling, closing deals to support key business objectives and improve team performance.</p><p>Education</p><p>Bachelor of Arts in Marketing</p></body></html>",SALES
449,"Alex Johnson
Summary
Detail-oriented management consultant offering 13+ years of hands-on expertise and a strong record of measurable results.

Skills
data analysis, stakeholder management, client presentations, change management, process optimization, business case development, project management, strategy

Experience
Utilized project management, client presentations, strategy to support key business objectives and improve team performance.
Utilized business case development, change management, stakeholder management to support key business objectives and improve team performance.
Utilized process optimization, data analysis, change management to support key business objectives and improve team performance.

Education
Master of Science in Mechanical Engineering","<html><body><p>Alex Johnson</p><p>Summary</p><p>Detail-oriented management consultant offering 13+ years of hands-on expertise and a strong record of measurable results.</p><p>Skills</p><p>data analysis, stakeholder management, client presentations, change management, process optimization, business case development, project management, strategy</p><p>Experience</p><p>Utilized project management, client presentations, strategy to support key business objectives and improve team performance.</p><p>Utilized business case development, change management, stakeholder management to support key business objectives and improve team performance.</p><p>Utilized process optimization, data analysis, change management to support key business objectives and improve team performance.</p><p>Education</p><p>Master of Science in Mechanical Engineering</p></body></html>",CONSULTANT
456,"Grace Brown
Summary
Results-driven management consultant with 2 years of experience delivering high-impact outcomes in fast-paced environments.

Skills
strategy, business case development, project management, change management, client presentations, stakeholder management, process optimization, data analysis

Experience
Utilized change management, business case development, stakeholder management to support key business objectives and improve team performance.
Utilized data analysis, strategy, process optimization to support key business objectives and improve team performance.

Education
Bachelor of Arts in Business Administration","<html><body><p>Grace Brown</p><p>Summary</p><p>Results-driven management consultant with 2 years of experience delivering high-impact outcomes in fast-paced environments.</p><p>Skills</p><p>strategy, business case development, project management, change management, client presentations, stakeholder management, process optimization, data analysis</p><p>Experience</p><p>Utilized change management, business case development, stakeholder management to support key business objectives and improve team performance.</p><p>Utilized data analysis, strategy, process optimization to support key business objectives and improve team performance.</p><p>Education</p><p>Bachelor of Arts in Business Administration</p></body></html>",CONSULTANT
368,"Noah Davis
Summary
Motivated mechanical engineer professional with a proven track record of 2 years managing cross-functional initiatives.

Skills
manufacturing, solidworks, autocad, project management, cad, process improvement, matlab, quality control, six sigma

Experience
Utilized process improvement, project management, matlab to support key business objectives and improve team performance.
Utilized six sigma, project management, autocad to support key business objectives and improve team performance.
Utilized cad, six sigma, process improvement to support key business objectives and improve team performance.

Education
Master of Science in Computer Science","<html><body><p>Noah Davis</p><p>Summary</p><p>Motivated mechanical engineer professional with a proven track record of 2 years managing cross-functional initiatives.</p><p>Skills</p><p>manufacturing, solidworks, autocad, project management, cad, process improvement, matlab, quality control, six sigma</p><p>Experience</p><p>Utilized process improvement, project management, matlab to support key business objectives and improve team performance.</p><p>Utilized six sigma, project management, autocad to support key business objectives and improve team performance.</p><p>Utilized cad, six sigma, process improvement to support key business objectives and improve team performance.</p><p>Education</p><p>Master of Science in Computer Science</p></body></html>",ENGINEERING
59,"Grace Lopez
Summary
Results-driven human resources specialist with 4 years of experience delivering high-impact outcomes in fast-paced environments.

Skills
hris, conflict resolution, performance management, recruiting, talent acquisition, compensation, employee relations, training and development, benefits administration

Experience
Utilized conflict resolution, compensation, employee relations to support key business objectives and improve team performance.
Utilized benefits administration, compensation, hris to support key business objectives and improve team performance.

Education
Diploma in Nursing","<html><body><p>Grace Lopez</p><p>Summary</p><p>Results-driven human resources specialist with 4 years of experience delivering high-impact outcomes in fast-paced environments.</p><p>Skills</p><p>hris, conflict resolution, performance management, recruiting, talent acquisition, compensation, employee relations, training and development, benefits administration</p><p>Experience</p><p>Utilized conflict resolution, compensation, employee relations to support key business objectives and improve team performance.</p><p>Utilized benefits administration, compensation, hris to support key business objectives and improve team performance.</p><p>Education</p><p>Diploma in Nursing</p></body></html>",HR
111,"Wei Nguyen
Summary
Motivated product designer professional with a proven track record of 9 years managing cross-functional initiatives.

Skills
prototyping, ui design, indesign, ux design, wireframing, typography, figma

Experience
Utilized ux design, indesign, ui design to support key business objectives and improve team performance.
Utilized indesign, figma, ux design to support key business objectives and improve team performance.
Utilized prototyping, wireframing, ui design to support key business objectives and improve team performance.
Utilized typography, ui design, prototyping to support key business objectives and improve team performance.

Education
Bachelor of Engineering in Business Administration","<html><body><p>Wei Nguyen</p><p>Summary</p><p>Motivated product designer professional with a proven track record of 9 years managing cross-functional initiatives.</p><p>Skills</p><p>prototyping, ui design, indesign, ux design, wireframing, typography, figma</p><p>Experience</p><p>Utilized ux design, indesign, ui design to support key business objectives and improve team performance.</p><p>Utilized indesign, figma, ux design to support key business objectives and improve team performance.</p><p>Utilized prototyping, wireframing, ui design to support key business objectives and improve team performance.</p><p>Utilized typography, ui design, prototyping to support key business objectives and improve team performance.</p><p>Education</p><p>Bachelor of Engineering in Business Administration</p></body></html>",DESIGNER
620,"Emma Chen
Summary
Results-driven construction project manager with 8 years of experience delivering high-impact outcomes in fast-paced environments.

Skills
project scheduling, subcontractor management, blueprint reading, cost estimation, site supervision, osha compliance

Experience
Utilized osha compliance, cost estimation, subcontractor management to support key business objectives and improve team performance.
Utilized blueprint reading, site supervision, cost estimation to support key business objectives and improve team performance.
Utilized project scheduling, osha compliance, site supervision to support key business objectives and improve team performance.
Utilized osha compliance, blueprint reading, site supervision to support key business objectives and improve team performance.

Education
Diploma in Design","<html><body><p>Emma Chen</p><p>Summary</p><p>Results-driven construction project manager with 8 years of experience delivering high-impact outcomes in fast-paced environments.</p><p>Skills</p><p>project scheduling, subcontractor management, blueprint reading, cost estimation, site supervision, osha compliance</p><p>Experience</p><p>Utilized osha compliance, cost estimation, subcontractor management to support key business objectives and improve team performance.</p><p>Utilized blueprint reading, site supervision, cost estimation to support key business objectives and improve team performance.</p><p>Utilized project scheduling, osha compliance, site supervision to support key business objectives and improve team performance.</p><p>Utilized osha compliance, blueprint reading, site supervision to support key business objectives and improve team performance.</p><p>Education</p><p>Diploma in Design</p></body></html>",CONSTRUCTION
424,"Omar Kim
Summary
Motivated accountant professional with a proven track record of 15 years managing cross-functional initiatives.

Skills
bookkeeping, tax, quickbooks, accounting, general ledger, accounts payable

Experience
Utilized accounting, quickbooks, general ledger to support key business objectives and improve team performance.
Utilized accounts payable, quickbooks, general ledger to support key business objectives and improve team performance.
Utilized tax, quickbooks, accounting to support key business objectives and improve team performance.
Utilized accounting, general ledger, bookkeeping to support key business objectives and improve team performance.

Education
Bachelor of Engineering in Education","<html><body><p>Omar Kim</p><p>Summary</p><p>Motivated accountant professional with a proven track record of 15 years managing cross-functional initiatives.</p><p>Skills</p><p>bookkeeping, tax, quickbooks, accounting, general ledger, accounts payable</p><p>Experience</p><p>Utilized accounting, quickbooks, general ledger to support key business objectives and improve team performance.</p><p>Utilized accounts payable, quickbooks, general ledger to support key business objectives and improve team performance.</p><p>Utilized tax, quickbooks, accounting to support key business objectives and improve team performance.</p><p>Utilized accounting, general ledger, bookkeeping to support key business objectives and improve team performance.</p><p>Education</p><p>Bachelor of Engineering in Education</p></body></html>",ACCOUNTANT
440,"Liam Davis
Summary
Results-driven management consultant with 15 years of experience delivering high-impact outcomes in fast-paced environments.

Skills
change management, strategy, process optimization, client presentations, data analysis, stakeholder management, business case development, project management

Experience
Utilized data analysis, stakeholder management, client presentations to support key business objectives and improve team performance.
Utilized process optimization, data analysis, strategy to support key business objectives and improve team performance.

Education
Bachelor of Engineering in Nursing","<html><body><p>Liam Davis</p><p>Summary</p><p>Results-driven management consultant with 15 years of experience delivering high-impact outcomes in fast-paced environments.</p><p>Skills</p><p>change management, strategy, process optimization, client presentations, data analysis, stakeholder management, business case development, project management</p><p>Experience</p><p>Utilized data analysis, stakeholder management, client presentations to support key business objectives and improve team performance.</p><p>Utilized process optimization, data analysis, strategy to support key business objectives and improve team performance.</p><p>Education</p><p>Bachelor of Engineering in Nursing</p></body></html>",CONSULTANT
262,"Wei Davis
Summary
Results-driven healthcare professional with 3 years of experience delivering high-impact outcomes in fast-paced environments.

Skills
nursing, patient care, medical records, emr, vital signs monitoring, ehr, hipaa

Experience
Utilized vital signs monitoring, medical records, nursing to support key business objectives and improve team performance.
Utilized emr, hipaa, ehr to support key business objectives and improve team performance.

Education
Bachelor of Arts in Mechanical Engineering","<html><body><p>Wei Davis</p><p>Summary</p><p>Results-driven healthcare professional with 3 years of experience delivering high-impact outcomes in fast-paced environments.</p><p>Skills</p><p>nursing, patient care, medical records, emr, vital signs monitoring, ehr, hipaa</p><p>Experience</p><p>Utilized vital signs monitoring, medical records, nursing to support key business objectives and improve team performance.</p><p>Utilized emr, hipaa, ehr to support key business objectives and improve team performance.</p><p>Education</p><p>Bachelor of Arts in Mechanical Engineering</p></body></html>",HEALTHCARE
533,"Wei Khan
Summary
Results-driven aviation operations coordinator with 1 years of experience delivering high-impact outcomes in fast-paced environments.

Skills
logistics coordination, ground operations, flight operations, safety compliance, faa regulations, aircraft maintenance

Experience
Utilized ground operations, flight operations, safety compliance to support key business objectives and improve team performance.
Utilized safety compliance, flight operations, ground operations to support key business objectives and improve team performance.
Utilized logistics coordination, aircraft maintenance, faa regulations to support key business objectives and improve team performance.
Utilized ground operations, faa regulations, safety compliance to support key business objectives and improve team performance.

Education
Bachelor of Science in Nursing","<html><body><p>Wei Khan</p><p>Summary</p><p>Results-driven aviation operations coordinator with 1 years of experience delivering high-impact outcomes in fast-paced environments.</p><p>Skills</p><p>logistics coordination, ground operations, flight operations, safety compliance, faa regulations, aircraft maintenance</p><p>Experience</p><p>Utilized ground operations, flight operations, safety compliance to support key business objectives and improve team performance.</p><p>Utilized safety compliance, flight operations, ground operations to support key business objectives and improve team performance.</p><p>Utilized logistics coordination, aircraft maintenance, faa regulations to support key business objectives and improve team performance.</p><p>Utilized ground operations, faa regulations, safety compliance to support key business objectives and improve team performance.</p><p>Education</p><p>Bachelor of Science in Nursing</p></body></html>",AVIATION
297,"Emma Davis
Summary
Motivated sales representative professional with a proven track record of 10 years managing cross-functional initiatives.

Skills
client relationship, cold calling, sales, closing deals, salesforce, prospecting

Experience
Utilized cold calling, prospecting, salesforce to support key business objectives and improve team performance.
Utilized prospecting, sales, closing deals to support key business objectives and improve team performance.
Utilized closing deals, cold calling, salesforce to support key business objectives and improve team performance.
Utilized salesforce, client relationship, cold calling to support key business objectives and improve team performance.

Education
Bachelor of Engineering in Nursing","<html><body><p>Emma Davis</p><p>Summary</p><p>Motivated sales representative professional with a proven track record of 10 years managing cross-functional initiatives.</p><p>Skills</p><p>client relationship, cold calling, sales, closing deals, salesforce, prospecting</p><p>Experience</p><p>Utilized cold calling, prospecting, salesforce to support key business objectives and improve team performance.</p><p>Utilized prospecting, sales, closing deals to support key business objectives and improve team performance.</p><p>Utilized closing deals, cold calling, salesforce to support key business objectives and improve team performance.</p><p>Utilized salesforce, client relationship, cold calling to support key business objectives and improve team performance.</p><p>Education</p><p>Bachelor of Engineering in Nursing</p></body></html>",SALES
150,"Neha Kim
Summary
Results-driven educator with 14 years of experience delivering high-impact outcomes in fast-paced environments.

Skills
differentiated instruction, tutoring, special education, lesson planning, instructional design, classroom management

Experience
Utilized special education, instructional design, differentiated instruction to support key business objectives and improve team performance.
Utilized tutoring, special education, classroom management to support key business objectives and improve team performance.
Utilized differentiated instruction, tutoring, special education to support key business objectives and improve team performance.
Utilized lesson planning, instructional design, differentiated instruction to support key business objectives and improve team performance.

Education
Bachelor of Science in Marketing","<html><body><p>Neha Kim</p><p>Summary</p><p>Results-driven educator with 14 years of experience delivering high-impact outcomes in fast-paced environments.</p><p>Skills</p><p>differentiated instruction, tutoring, special education, lesson planning, instructional design, classroom management</p><p>Experience</p><p>Utilized special education, instructional design, differentiated instruction to support key business objectives and improve team performance.</p><p>Utilized tutoring, special education, classroom management to support key business objectives and improve team performance.</p><p>Utilized differentiated instruction, tutoring, special education to support key business objectives and improve team performance.</p><p>Utilized lesson planning, instructional design, differentiated instruction to support key business objectives and improve team performance.</p><p>Education</p><p>Bachelor of Science in Marketing</p></body></html>",TEACHER
266,"Omar Khan
Summary
Motivated healthcare professional professional with a proven track record of 11 years managing cross-functional initiatives.

Skills
clinical, triage, emr, medical records, medication administration, nursing, ehr, healthcare compliance, patient care, vital signs monitoring

Experience
Utilized medical records, medication administration, vital signs monitoring to support key business objectives and improve team performance.
Utilized clinical, triage, vital signs monitoring to support key business objectives and improve team performance.
Utilized healthcare compliance, triage, medical records to support key business objectives and improve team performance.
Utilized vital signs monitoring, ehr, patient care to support key business objectives and improve team performance.

Education
Bachelor of Engineering in Marketing","<html><body><p>Omar Khan</p><p>Summary</p><p>Motivated healthcare professional professional with a proven track record of 11 years managing cross-functional initiatives.</p><p>Skills</p><p>clinical, triage, emr, medical records, medication administration, nursing, ehr, healthcare compliance, patient care, vital signs monitoring</p><p>Experience</p><p>Utilized medical records, medication administration, vital signs monitoring to support key business objectives and improve team performance.</p><p>Utilized clinical, triage, vital signs monitoring to support key business objectives and improve team performance.</p><p>Utilized healthcare compliance, triage, medical records to support key business objectives and improve team performance.</p><p>Utilized vital signs monitoring, ehr, patient care to support key business objectives and improve team performance.</p><p>Education</p><p>Bachelor of Engineering in Marketing</p></body></html>",HEALTHCARE
552,"Neha Nguyen
Summary
Detail-oriented aviation operations coordinator offering 1+ years of hands-on expertise and a strong record of measurable results.

Skills
logistics coordination, ground operations, safety compliance, flight operations, aircraft maintenance, faa regulations

Experience
Utilized aircraft maintenance, flight operations, safety compliance to support key business objectives and improve team performance.
Utilized safety compliance, flight operations, faa regulations to support key business objectives and improve team performance.
Utilized ground operations, faa regulations, logistics coordination to support key business objectives and improve team performance.
Utilized faa regulations, ground operations, flight operations to support key business objectives and improve team performance.

Education
MBA in Accounting","<html><body><p>Neha Nguyen</p><p>Summary</p><p>Detail-oriented aviation operations coordinator offering 1+ years of hands-on expertise and a strong record of measurable results.</p><p>Skills</p><p>logistics coordination, ground operations, safety compliance, flight operations, aircraft maintenance, faa regulations</p><p>Experience</p><p>Utilized aircraft maintenance, flight operations, safety compliance to support key business objectives and improve team performance.</p><p>Utilized safety compliance, flight operations, faa regulations to support key business objectives and improve team performance.</p><p>Utilized ground operations, faa regulations, logistics coordination to support key business objectives and improve team performance.</p><p>Utilized faa regulations, ground operations, flight operations to support key business objectives and improve team performance.</p><p>Education</p><p>MBA in Accounting</p></body></html>",AVIATION
359,"Wei Davis
Summary
Motivated finance analyst professional with a proven track record of 7 years managing cross-functional initiatives.

Skills
financial reporting, financial analysis, excel, financial modeling, forecasting, variance analysis

Experience
Utilized variance analysis, excel, financial modeling to support key business objectives and improve team performance.
Utilized variance analysis, financial modeling, financial reporting to support key business objectives and improve team performance.
Utilized financial analysis, excel, variance analysis to support key business objectives and improve team performance.
Utilized financial modeling, excel, variance analysis to support key business objectives and improve team performance.

Education
Bachelor of Science in Nursing","<html><body><p>Wei Davis</p><p>Summary</p><p>Motivated finance analyst professional with a proven track record of 7 years managing cross-functional initiatives.</p><p>Skills</p><p>financial reporting, financial analysis, excel, financial modeling, forecasting, variance analysis</p><p>Experience</p><p>Utilized variance analysis, excel, financial modeling to support key business objectives and improve team performance.</p><p>Utilized variance analysis, financial modeling, financial reporting to support key business objectives and improve team performance.</p><p>Utilized financial analysis, excel, variance analysis to support key business objectives and improve team performance.</p><p>Utilized financial modeling, excel, variance analysis to support key business objectives and improve team performance.</p><p>Education</p><p>Bachelor of Science in Nursing</p></body></html>",FINANCE
591,"Taylor Brown
Summary
Detail-oriented banking associate offering 11+ years of hands-on expertise and a strong record of measurable results.

Skills
compliance, risk assessment, underwriting, loan processing, credit analysis, kyc, customer relationship management

Experience
Utilized underwriting, kyc, compliance to support key business objectives and improve team performance.
Utilized kyc, loan processing, compliance to support key business objectives and improve team performance.

Education
Bachelor of Science in Nursing","<html><body><p>Taylor Brown</p><p>Summary</p><p>Detail-oriented banking associate offering 11+ years of hands-on expertise and a strong record of measurable results.</p><p>Skills</p><p>compliance, risk assessment, underwriting, loan processing, credit analysis, kyc, customer relationship management</p><p>Experience</p><p>Utilized underwriting, kyc, compliance to support key business objectives and improve team performance.</p><p>Utilized kyc, loan processing, compliance to support key business objectives and improve team performance.</p><p>Education</p><p>Bachelor of Science in Nursing</p></body></html>",BANKING
38,"Emma Chen
Summary
Motivated software engineer professional with a proven track record of 15 years managing cross-functional initiatives.

Skills
git, docker, java, python, sql, agile, linux

Experience
Utilized agile, java, python to support key business objectives and improve team performance.
Utilized java, sql, agile to support key business objectives and improve team performance.
Utilized python, linux, git to support key business objectives and improve team performance.

Education
Bachelor of Engineering in Business Administration","<html><body><p>Emma Chen</p><p>Summary</p><p>Motivated software engineer professional with a proven track record of 15 years managing cross-functional initiatives.</p><p>Skills</p><p>git, docker, java, python, sql, agile, linux</p><p>Experience</p><p>Utilized agile, java, python to support key business objectives and improve team performance.</p><p>Utilized java, sql, agile to support key business objectives and improve team performance.</p><p>Utilized python, linux, git to support key business objectives and improve team performance.</p><p>Education</p><p>Bachelor of Engineering in Business Administration</p></body></html>",INFORMATION-TECHNOLOGY
585,"Omar Johnson
Summary
Results-driven banking associate with 13 years of experience delivering high-impact outcomes in fast-paced environments.

Skills
risk assessment, loan processing, credit analysis, kyc, customer relationship management, underwriting, compliance

Experience
Utilized customer relationship management, underwriting, kyc to support key business objectives and improve team performance.
Utilized underwriting, kyc, compliance to support key business objectives and improve team performance.
Utilized compliance, loan processing, credit analysis to support key business objectives and improve team performance.
Utilized underwriting, credit analysis, customer relationship management to support key business objectives and improve team performance.

Education
Bachelor of Engineering in Nursing","<html><body><p>Omar Johnson</p><p>Summary</p><p>Results-driven banking associate with 13 years of experience delivering high-impact outcomes in fast-paced environments.</p><p>Skills</p><p>risk assessment, loan processing, credit analysis, kyc, customer relationship management, underwriting, compliance</p><p>Experience</p><p>Utilized customer relationship management, underwriting, kyc to support key business objectives and improve team performance.</p><p>Utilized underwriting, kyc, compliance to support key business objectives and improve team performance.</p><p>Utilized compliance, loan processing, credit analysis to support key business objectives and improve team performance.</p><p>Utilized underwriting, credit analysis, customer relationship management to support key business objectives and improve team performance.</p><p>Education</p><p>Bachelor of Engineering in Nursing</p></body></html>",BANKING
307,"Grace Nguyen
Summary
Detail-oriented sales representative offering 13+ years of hands-on expertise and a strong record of measurable results.

Skills
client relationship, closing deals, cold calling, crm, negotiation, upselling, quota attainment, salesforce

Experience
Utilized salesforce, client relationship, quota attainment to support key business objectives and improve team performance.
Utilized quota attainment, closing deals, cold calling to support key business objectives and improve team performance.

Education
Diploma in Business Administration","<html><body><p>Grace Nguyen</p><p>Summary</p><p>Detail-oriented sales representative offering 13+ years of hands-on expertise and a strong record of measurable results.</p><p>Skills</p><p>client relationship, closing deals, cold calling, crm, negotiation, upselling, quota attainment, salesforce</p><p>Experience</p><p>Utilized salesforce, client relationship, quota attainment to support key business objectives and improve team performance.</p><p>Utilized quota attainment, closing deals, cold calling to support key business objectives and improve team performance.</p><p>Education</p><p>Diploma in Business Administration</p></body></html>",SALES
198,"Ravi Davis
Summary
Results-driven legal counsel with 13 years of experience delivering high-impact outcomes in fast-paced environments.

Skills
legal research, negotiation, litigation, westlaw, client counseling, contract review

Experience
Utilized negotiation, client counseling, westlaw to support key business objectives and improve team performance.
Utilized contract review, legal research, negotiation to support key business objectives and improve team performance.

Education
Diploma in Design","<html><body><p>Ravi Davis</p><p>Summary</p><p>Results-driven legal counsel with 13 years of experience delivering high-impact outcomes in fast-paced environments.</p><p>Skills</p><p>legal research, negotiation, litigation, westlaw, client counseling, contract review</p><p>Experience</p><p>Utilized negotiation, client counseling, westlaw to support key business objectives and improve team performance.</p><p>Utilized contract review, legal research, negotiation to support key business objectives and improve team performance.</p><p>Education</p><p>Diploma in Design</p></body></html>",ADVOCATE
351,"Jordan Brown
Summary
Results-driven finance analyst with 5 years of experience delivering high-impact outcomes in fast-paced environments.

Skills
financial modeling, risk management, investment analysis, financial analysis, variance analysis, excel

Experience
Utilized financial modeling, risk management, variance analysis to support key business objectives and improve team performance.
Utilized financial analysis, excel, investment analysis to support key business objectives and improve team performance.

Education
Bachelor of Arts in Design","<html><body><p>Jordan Brown</p><p>Summary</p><p>Results-driven finance analyst with 5 years of experience delivering high-impact outcomes in fast-paced environments.</p><p>Skills</p><p>financial modeling, risk management, investment analysis, financial analysis, variance analysis, excel</p><p>Experience</p><p>Utilized financial modeling, risk management, variance analysis to support key business objectives and improve team performance.</p><p>Utilized financial analysis, excel, investment analysis to support key business objectives and improve team performance.</p><p>Education</p><p>Bachelor of Arts in Design</p></body></html>",FINANCE
416,"Aisha Singh
Summary
Motivated accountant professional with a proven track record of 2 years managing cross-functional initiatives.

Skills
auditing, general ledger, tax, accounts payable, financial statements, gaap, quickbooks, bookkeeping, accounts receivable

Experience
Utilized bookkeeping, accounts receivable, accounts payable to support key business objectives and improve team performance.
Utilized accounts receivable, quickbooks, bookkeeping to support key business objectives and improve team performance.

Education
Bachelor of Engineering in Design","<html><body><p>Aisha Singh</p><p>Summary</p><p>Motivated accountant professional with a proven track record of 2 years managing cross-functional initiatives.</p><p>Skills</p><p>auditing, general ledger, tax, accounts payable, financial statements, gaap, quickbooks, bookkeeping, accounts receivable</p><p>Experience</p><p>Utilized bookkeeping, accounts receivable, accounts payable to support key business objectives and improve team performance.</p><p>Utilized accounts receivable, quickbooks, bookkeeping to support key business objectives and improve team performance.</p><p>Education</p><p>Bachelor of Engineering in Design</p></body></html>",ACCOUNTANT
146,"Priya Lopez
Summary
Motivated educator professional with a proven track record of 1 years managing cross-functional initiatives.

Skills
tutoring, lesson planning, student assessment, differentiated instruction, curriculum development, parent communication

Experience
Utilized student assessment, parent communication, tutoring to support key business objectives and improve team performance.
Utilized curriculum development, differentiated instruction, tutoring to support key business objectives and improve team performance.
Utilized student assessment, lesson planning, parent communication to support key business objectives and improve team performance.

Education
Bachelor of Science in Nursing","<html><body><p>Priya Lopez</p><p>Summary</p><p>Motivated educator professional with a proven track record of 1 years managing cross-functional initiatives.</p><p>Skills</p><p>tutoring, lesson planning, student assessment, differentiated instruction, curriculum development, parent communication</p><p>Experience</p><p>Utilized student assessment, parent communication, tutoring to support key business objectives and improve team performance.</p><p>Utilized curriculum development, differentiated instruction, tutoring to support key business objectives and improve team performance.</p><p>Utilized student assessment, lesson planning, parent communication to support key business objectives and improve team performance.</p><p>Education</p><p>Bachelor of Science in Nursing</p></body></html>",TEACHER
592,"Neha Davis
Summary
Motivated banking associate professional with a proven track record of 11 years managing cross-functional initiatives.

Skills
kyc, credit analysis, customer relationship management, compliance, underwriting, risk assessment, loan processing

Experience
Utilized compliance, customer relationship management, kyc to support key business objectives and improve team performance.
Utilized underwriting, compliance, loan processing to support key business objectives and improve team performance.
Utilized customer relationship management, compliance, loan processing to support key business objectives and improve team performance.

Education
Bachelor of Engineering in Computer Science","<html><body><p>Neha Davis</p><p>Summary</p><p>Motivated banking associate professional with a proven track record of 11 years managing cross-functional initiatives.</p><p>Skills</p><p>kyc, credit analysis, customer relationship management, compliance, underwriting, risk assessment, loan processing</p><p>Experience</p><p>Utilized compliance, customer relationship management, kyc to support key business objectives and improve team performance.</p><p>Utilized underwriting, compliance, loan processing to support key business objectives and improve team performance.</p><p>Utilized customer relationship management, compliance, loan processing to support key business objectives and improve team performance.</p><p>Education</p><p>Bachelor of Engineering in Computer Science</p></body></html>",BANKING
448,"Sofia Sharma
Summary
Motivated management consultant professional with a proven track record of 10 years managing cross-functional initiatives.

Skills
data analysis, strategy, change management, client presentations, stakeholder management, process optimization, project management, business case development

Experience
Utilized strategy, data analysis, change management to support key business objectives and improve team performance.
Utilized change management, client presentations, business case development to support key business objectives and improve team performance.
Utilized data analysis, business case development, client presentations to support key business objectives and improve team performance.

Education
Master of Science in Finance","<html><body><p>Sofia Sharma</p><p>Summary</p><p>Motivated management consultant professional with a proven track record of 10 years managing cross-functional initiatives.</p><p>Skills</p><p>data analysis, strategy, change management, client presentations, stakeholder management, process optimization, project management, business case development</p><p>Experience</p><p>Utilized strategy, data analysis, change management to support key business objectives and improve team performance.</p><p>Utilized change management, client presentations, business case development to support key business objectives and improve team performance.</p><p>Utilized data analysis, business case development, client presentations to support key business objectives and improve team performance.</p><p>Education</p><p>Master of Science in Finance</p></body></html>",CONSULTANT
604,"Grace Davis
Summary
Detail-oriented construction project manager offering 8+ years of hands-on expertise and a strong record of measurable results.

Skills
cost estimation, site supervision, project scheduling, blueprint reading, subcontractor management, osha compliance

Experience
Utilized osha compliance, subcontractor management, blueprint reading to support key business objectives and improve team performance.
Utilized subcontractor management, osha compliance, site supervision to support key business objectives and improve team performance.

Education
Bachelor of Science in Education","<html><body><p>Grace Davis</p><p>Summary</p><p>Detail-oriented construction project manager offering 8+ years of hands-on expertise and a strong record of measurable results.</p><p>Skills</p><p>cost estimation, site supervision, project scheduling, blueprint reading, subcontractor management, osha compliance</p><p>Experience</p><p>Utilized osha compliance, subcontractor management, blueprint reading to support key business objectives and improve team performance.</p><p>Utilized subcontractor management, osha compliance, site supervision to support key business objectives and improve team performance.</p><p>Education</p><p>Bachelor of Science in Education</p></body></html>",CONSTRUCTION
147,"Alex Brown
Summary
Results-driven educator with 1 years of experience delivering high-impact outcomes in fast-paced environments.

Skills
student assessment, instructional design, parent communication, classroom management, differentiated instruction, special education, curriculum development, tutoring, lesson planning

Experience
Utilized student assessment, special education, lesson planning to support key business objectives and improve team performance.
Utilized curriculum development, differentiated instruction, student assessment to support key business objectives and improve team performance.
Utilized classroom management, lesson planning, tutoring to support key business objectives and improve team performance.
Utilized tutoring, student assessment, instructional design to support key business objectives and improve team performance.

Education
MBA in Education","<html><body><p>Alex Brown</p><p>Summary</p><p>Results-driven educator with 1 years of experience delivering high-impact outcomes in fast-paced environments.</p><p>Skills</p><p>student assessment, instructional design, parent communication, classroom management, differentiated instruction, special education, curriculum development, tutoring, lesson planning</p><p>Experience</p><p>Utilized student assessment, special education, lesson planning to support key business objectives and improve team performance.</p><p>Utilized curriculum development, differentiated instruction, student assessment to support key business objectives and improve team performance.</p><p>Utilized classroom management, lesson planning, tutoring to support key business objectives and improve team performance.</p><p>Utilized tutoring, student assessment, instructional design to support key business objectives and improve team performance.</p><p>Education</p><p>MBA in Education</p></body></html>",TEACHER
559,"Liam Singh
Summary
Results-driven aviation operations coordinator with 6 years of experience delivering high-impact outcomes in fast-paced environments.

Skills
aircraft maintenance, safety compliance, flight operations, logistics coordination, ground operations, faa regulations

Experience
Utilized safety compliance, logistics coordination, flight operations to support key business objectives and improve team performance.
Utilized faa regulations, aircraft maintenance, flight operations to support key business objectives and improve team performance.

Education
Diploma in Design","<html><body><p>Liam Singh</p><p>Summary</p><p>Results-driven aviation operations coordinator with 6 years of experience delivering high-impact outcomes in fast-paced environments.</p><p>Skills</p><p>aircraft maintenance, safety compliance, flight operations, logistics coordination, ground operations, faa regulations</p><p>Experience</p><p>Utilized safety compliance, logistics coordination, flight operations to support key business objectives and improve team performance.</p><p>Utilized faa regulations, aircraft maintenance, flight operations to support key business objectives and improve team performance.</p><p>Education</p><p>Diploma in Design</p></body></html>",AVIATION
348,"Sofia Khan
Summary
Motivated finance analyst professional with a proven track record of 9 years managing cross-functional initiatives.

Skills
financial modeling, forecasting, risk management, excel, investment analysis, financial analysis, budgeting, financial reporting, variance analysis

Experience
Utilized risk management, forecasting, variance analysis to support key business objectives and improve team performance.
Utilized forecasting, excel, budgeting to support key business objectives and improve team performance.

Education
Bachelor of Engineering in Nursing","<html><body><p>Sofia Khan</p><p>Summary</p><p>Motivated finance analyst professional with a proven track record of 9 years managing cross-functional initiatives.</p><p>Skills</p><p>financial modeling, forecasting, risk management, excel, investment analysis, financial analysis, budgeting, financial reporting, variance analysis</p><p>Experience</p><p>Utilized risk management, forecasting, variance analysis to support key business objectives and improve team performance.</p><p>Utilized forecasting, excel, budgeting to support key business objectives and improve team performance.</p><p>Education</p><p>Bachelor of Engineering in Nursing</p></body></html>",FINANCE
325,"Jordan Johnson
Summary
Motivated finance analyst professional with a proven track record of 7 years managing cross-functional initiatives.

Skills
forecasting, financial analysis, risk management, excel, variance analysis, investment analysis, budgeting, financial modeling

Experience
Utilized risk management, forecasting, financial modeling to support key business objectives and improve team performance.
Utilized excel, risk management, financial analysis to support key business objectives and improve team performance.
Utilized budgeting, forecasting, financial analysis to support key business objectives and improve team performance.
Utilized budgeting, investment analysis, excel to support key business objectives and improve team performance.

Education
Diploma in Business Administration","<html><body><p>Jordan Johnson</p><p>Summary</p><p>Motivated finance analyst professional with a proven track record of 7 years managing cross-functional initiatives.</p><p>Skills</p><p>forecasting, financial analysis, risk management, excel, variance analysis, investment analysis, budgeting, financial modeling</p><p>Experience</p><p>Utilized risk management, forecasting, financial modeling to support key business objectives and improve team performance.</p><p>Utilized excel, risk management, financial analysis to support key business objectives and improve team performance.</p><p>Utilized budgeting, forecasting, financial analysis to support key business objectives and improve team performance.</p><p>Utilized budgeting, investment analysis, excel to support key business objectives and improve team performance.</p><p>Education</p><p>Diploma in Business Administration</p></body></html>",FINANCE
628,"Grace Patel
Summary
Results-driven construction project manager with 2 years of experience delivering high-impact outcomes in fast-paced environments.

Skills
site supervision, subcontractor management, cost estimation, project scheduling, osha compliance, blueprint reading

Experience
Utilized subcontractor management, blueprint reading, site supervision to support key business objectives and improve team performance.
Utilized project scheduling, osha compliance, cost estimation to support key business objectives and improve team performance.

Education
MBA in Accounting","<html><body><p>Grace Patel</p><p>Summary</p><p>Results-driven construction project manager with 2 years of experience delivering high-impact outcomes in fast-paced environments.</p><p>Skills</p><p>site supervision, subcontractor management, cost estimation, project scheduling, osha compliance, blueprint reading</p><p>Experience</p><p>Utilized subcontractor management, blueprint reading, site supervision to support key business objectives and improve team performance.</p><p>Utilized project scheduling, osha compliance, cost estimation to support key business objectives and improve team performance.</p><p>Education</p><p>MBA in Accounting</p></body></html>",CONSTRUCTION
123,"Liam Kim
Summary
Motivated educator professional with a proven track record of 14 years managing cross-functional initiatives.

Skills
special education, tutoring, classroom management, parent communication, instructional design, lesson planning, student assessment

Experience
Utilized tutoring, instructional design, lesson planning to support key business objectives and improve team performance.
Utilized tutoring, lesson planning, instructional design to support key business objectives and improve team performance.
Utilized special education, lesson planning, parent communication to support key business objectives and improve team performance.
Utilized lesson planning, tutoring, parent communication to support key business objectives and improve team performance.

Education
Master of Science in Business Administration","<html><body><p>Liam Kim</p><p>Summary</p><p>Motivated educator professional with a proven track record of 14 years managing cross-functional initiatives.</p><p>Skills</p><p>special education, tutoring, classroom management, parent communication, instructional design, lesson planning, student assessment</p><p>Experience</p><p>Utilized tutoring, instructional design, lesson planning to support key business objectives and improve team performance.</p><p>Utilized tutoring, lesson planning, instructional design to support key business objectives and improve team performance.</p><p>Utilized special education, lesson planning, parent communication to support key business objectives and improve team performance.</p><p>Utilized lesson planning, tutoring, parent communication to support key business objectives and improve team performance.</p><p>Education</p><p>Master of Science in Business Administration</p></body></html>",TEACHER
538,"Jordan Sharma
Summary
Results-driven aviation operations coordinator with 8 years of experience delivering high-impact outcomes in fast-paced environments.

Skills
safety compliance, faa regulations, flight operations, aircraft maintenance, ground operations, logistics coordination

Experience
Utilized aircraft maintenance, flight operations, safety compliance to support key business objectives and improve team performance.
Utilized safety compliance, flight operations, aircraft maintenance to support key business objectives and improve team performance.
Utilized aircraft maintenance, safety compliance, logistics coordination to support key business objectives and improve team performance.
Utilized aircraft maintenance, logistics coordination, safety compliance to support key business objectives and improve team performance.

Education
Master of Science in Finance","<html><body><p>Jordan Sharma</p><p>Summary</p><p>Results-driven aviation operations coordinator with 8 years of experience delivering high-impact outcomes in fast-paced environments.</p><p>Skills</p><p>safety compliance, faa regulations, flight operations, aircraft maintenance, ground operations, logistics coordination</p><p>Experience</p><p>Utilized aircraft maintenance, flight operations, safety compliance to support key business objectives and improve team performance.</p><p>Utilized safety compliance, flight operations, aircraft maintenance to support key business objectives and improve team performance.</p><p>Utilized aircraft maintenance, safety compliance, logistics coordination to support key business objectives and improve team performance.</p><p>Utilized aircraft maintenance, logistics coordination, safety compliance to support key business objectives and improve team performance.</p><p>Education</p><p>Master of Science in Finance</p></body></html>",AVIATION
96,"Priya Lopez
Summary
Detail-oriented product designer offering 5+ years of hands-on expertise and a strong record of measurable results.

Skills
ui design, wireframing, adobe creative suite, indesign, typography, sketch

Experience
Utilized ui design, typography, wireframing to support key business objectives and improve team performance.
Utilized wireframing, ui design, sketch to support key business objectives and improve team performance.

Education
Diploma in Finance","<html><body><p>Priya Lopez</p><p>Summary</p><p>Detail-oriented product designer offering 5+ years of hands-on expertise and a strong record of measurable results.</p><p>Skills</p><p>ui design, wireframing, adobe creative suite, indesign, typography, sketch</p><p>Experience</p><p>Utilized ui design, typography, wireframing to support key business objectives and improve team performance.</p><p>Utilized wireframing, ui design, sketch to support key business objectives and improve team performance.</p><p>Education</p><p>Diploma in Finance</p></body></html>",DESIGNER
143,"Taylor Singh
Summary
Detail-oriented educator offering 6+ years of hands-on expertise and a strong record of measurable results.

Skills
curriculum development, student assessment, tutoring, special education, lesson planning, differentiated instruction, instructional design, classroom management, parent communication

Experience
Utilized differentiated instruction, tutoring, parent communication to support key business objectives and improve team performance.
Utilized lesson planning, student assessment, instructional design to support key business objectives and improve team performance.

Education
MBA in Finance","<html><body><p>Taylor Singh</p><p>Summary</p><p>Detail-oriented educator offering 6+ years of hands-on expertise and a strong record of measurable results.</p><p>Skills</p><p>curriculum development, student assessment, tutoring, special education, lesson planning, differentiated instruction, instructional design, classroom management, parent communication</p><p>Experience</p><p>Utilized differentiated instruction, tutoring, parent communication to support key business objectives and improve team performance.</p><p>Utilized lesson planning, student assessment, instructional design to support key business objectives and improve team performance.</p><p>Education</p><p>MBA in Finance</p></body></html>",TEACHER
239,"Alex Davis
Summary
Motivated business development manager professional with a proven track record of 9 years managing cross-functional initiatives.

Skills
revenue growth, crm, lead generation, negotiation, partnership development, salesforce, client relationship, account management, market research, business development

Experience
Utilized business development, salesforce, negotiation to support key business objectives and improve team performance.
Utilized salesforce, crm, client relationship to support key business objectives and improve team performance.

Education
Diploma in Marketing","<html><body><p>Alex Davis</p><p>Summary</p><p>Motivated business development manager professional with a proven track record of 9 years managing cross-functional initiatives.</p><p>Skills</p><p>revenue growth, crm, lead generation, negotiation, partnership development, salesforce, client relationship, account management, market research, business development</p><p>Experience</p><p>Utilized business development, salesforce, negotiation to support key business objectives and improve team performance.</p><p>Utilized salesforce, crm, client relationship to support key business objectives and improve team performance.</p><p>Education</p><p>Diploma in Marketing</p></body></html>",BUSINESS-DEVELOPMENT
394,"Sofia Chen
Summary
Detail-oriented mechanical engineer offering 7+ years of hands-on expertise and a strong record of measurable results.

Skills
solidworks, root cause analysis, cad, manufacturing, project management, process improvement, six sigma, quality control, matlab

Experience
Utilized manufacturing, project management, six sigma to support key business objectives and improve team performance.
Utilized cad, process improvement, root cause analysis to support key business objectives and improve team performance.
Utilized solidworks, project management, six sigma to support key business objectives and improve team performance.
Utilized cad, quality control, root cause analysis to support key business objectives and improve team performance.

Education
Bachelor of Arts in Computer Science","<html><body><p>Sofia Chen</p><p>Summary</p><p>Detail-oriented mechanical engineer offering 7+ years of hands-on expertise and a strong record of measurable results.</p><p>Skills</p><p>solidworks, root cause analysis, cad, manufacturing, project management, process improvement, six sigma, quality control, matlab</p><p>Experience</p><p>Utilized manufacturing, project management, six sigma to support key business objectives and improve team performance.</p><p>Utilized cad, process improvement, root cause analysis to support key business objectives and improve team performance.</p><p>Utilized solidworks, project management, six sigma to support key business objectives and improve team performance.</p><p>Utilized cad, quality control, root cause analysis to support key business objectives and improve team performance.</p><p>Education</p><p>Bachelor of Arts in Computer Science</p></body></html>",ENGINEERING
469,"Liam Patel
Summary
Detail-oriented management consultant offering 10+ years of hands-on expertise and a strong record of measurable results.

Skills
project management, data analysis, client presentations, business case development, change management, strategy, stakeholder management

Experience
Utilized stakeholder management, strategy, data analysis to support key business objectives and improve team performance.
Utilized strategy, project management, data analysis to support key business objectives and improve team performance.
Utilized client presentations, project management, data analysis to support key business objectives and improve team performance.
Utilized stakeholder management, project management, client presentations to support key business objectives and improve team performance.

Education
Bachelor of Engineering in Accounting","<html><body><p>Liam Patel</p><p>Summary</p><p>Detail-oriented management consultant offering 10+ years of hands-on expertise and a strong record of measurable results.</p><p>Skills</p><p>project management, data analysis, client presentations, business case development, change management, strategy, stakeholder management</p><p>Experience</p><p>Utilized stakeholder management, strategy, data analysis to support key business objectives and improve team performance.</p><p>Utilized strategy, project management, data analysis to support key business objectives and improve team performance.</p><p>Utilized client presentations, project management, data analysis to support key business objectives and improve team performance.</p><p>Utilized stakeholder management, project management, client presentations to support key business objectives and improve team performance.</p><p>Education</p><p>Bachelor of Engineering in Accounting</p></body></html>",CONSULTANT
97,"Noah Johnson
Summary
Detail-oriented product designer offering 1+ years of hands-on expertise and a strong record of measurable results.

Skills
photoshop, illustrator, ux design, ui design, wireframing, typography, graphic design

Experience
Utilized ui design, graphic design, illustrator to support key business objectives and improve team performance.
Utilized graphic design, ux design, typography to support key business objectives and improve team performance.
Utilized ux design, typography, photoshop to support key business objectives and improve team performance.
Utilized graphic design, photoshop, wireframing to support key business objectives and improve team performance.

Education
Bachelor of Arts in Design","<html><body><p>Noah Johnson</p><p>Summary</p><p>Detail-oriented product designer offering 1+ years of hands-on expertise and a strong record of measurable results.</p><p>Skills</p><p>photoshop, illustrator, ux design, ui design, wireframing, typography, graphic design</p><p>Experience</p><p>Utilized ui design, graphic design, illustrator to support key business objectives and improve team performance.</p><p>Utilized graphic design, ux design, typography to support key business objectives and improve team performance.</p><p>Utilized ux design, typography, photoshop to support key business objectives and improve team performance.</p><p>Utilized graphic design, photoshop, wireframing to support key business objectives and improve team performance.</p><p>Education</p><p>Bachelor of Arts in Design</p></body></html>",DESIGNER
371,"Alex Khan
Summary
Detail-oriented mechanical engineer offering 3+ years of hands-on expertise and a strong record of measurable results.

Skills
manufacturing, root cause analysis, solidworks, process improvement, quality control, six sigma, matlab

Experience
Utilized matlab, process improvement, manufacturing to support key business objectives and improve team performance.
Utilized manufacturing, solidworks, quality control to support key business objectives and improve team performance.
Utilized solidworks, manufacturing, quality control to support key business objectives and improve team performance.
Utilized root cause analysis, manufacturing, solidworks to support key business objectives and improve team performance.

Education
Master of Science in Business Administration","<html><body><p>Alex Khan</p><p>Summary</p><p>Detail-oriented mechanical engineer offering 3+ years of hands-on expertise and a strong record of measurable results.</p><p>Skills</p><p>manufacturing, root cause analysis, solidworks, process improvement, quality control, six sigma, matlab</p><p>Experience</p><p>Utilized matlab, process improvement, manufacturing to support key business objectives and improve team performance.</p><p>Utilized manufacturing, solidworks, quality control to support key business objectives and improve team performance.</p><p>Utilized solidworks, manufacturing, quality control to support key business objectives and improve team performance.</p><p>Utilized root cause analysis, manufacturing, solidworks to support key business objectives and improve team performance.</p><p>Education</p><p>Master of Science in Business Administration</p></body></html>",ENGINEERING
324,"Jordan Brown
Summary
Motivated finance analyst professional with a proven track record of 5 years managing cross-functional initiatives.

Skills
forecasting, variance analysis, investment analysis, financial reporting, risk management, financial analysis, excel, budgeting, financial modeling

Experience
Utilized budgeting, financial reporting, risk management to support key business objectives and improve team performance.
Utilized excel, risk management, financial modeling to support key business objectives and improve team performance.
Utilized excel, financial reporting, financial modeling to support key business objectives and improve team performance.
Utilized variance analysis, budgeting, financial analysis to support key business objectives and improve team performance.

Education
MBA in Finance","<html><body><p>Jordan Brown</p><p>Summary</p><p>Motivated finance analyst professional with a proven track record of 5 years managing cross-functional initiatives.</p><p>Skills</p><p>forecasting, variance analysis, investment analysis, financial reporting, risk management, financial analysis, excel, budgeting, financial modeling</p><p>Experience</p><p>Utilized budgeting, financial reporting, risk management to support key business objectives and improve team performance.</p><p>Utilized excel, risk management, financial modeling to support key business objectives and improve team performance.</p><p>Utilized excel, financial reporting, financial modeling to support key business objectives and improve team performance.</p><p>Utilized variance analysis, budgeting, financial analysis to support key business objectives and improve team performance.</p><p>Education</p><p>MBA in Finance</p></body></html>",FINANCE
279,"Liam Khan
Summary
Motivated healthcare professional professional with a proven track record of 10 years managing cross-functional initiatives.

Skills
medication administration, patient care, healthcare compliance, ehr, vital signs monitoring, nursing, medical records, clinical

Experience
Utilized medical records, ehr, clinical to support key business objectives and improve team performance.
Utilized medical records, vital signs monitoring, patient care to support key business objectives and improve team performance.
Utilized healthcare compliance, ehr, patient care to support key business objectives and improve team performance.
Utilized ehr, vital signs monitoring, clinical to support key business objectives and improve team performance.

Education
Diploma in Education","<html><body><p>Liam Khan</p><p>Summary</p><p>Motivated healthcare professional professional with a proven track record of 10 years managing cross-functional initiatives.</p><p>Skills</p><p>medication administration, patient care, healthcare compliance, ehr, vital signs monitoring, nursing, medical records, clinical</p><p>Experience</p><p>Utilized medical records, ehr, clinical to support key business objectives and improve team performance.</p><p>Utilized medical records, vital signs monitoring, patient care to support key business objectives and improve team performance.</p><p>Utilized healthcare compliance, ehr, patient care to support key business objectives and improve team performance.</p><p>Utilized ehr, vital signs monitoring, clinical to support key business objectives and improve team performance.</p><p>Education</p><p>Diploma in Education</p></body></html>",HEALTHCARE
293,"Ravi Kim
Summary
Detail-oriented sales representative offering 8+ years of hands-on expertise and a strong record of measurable results.

Skills
closing deals, crm, client relationship, salesforce, sales, upselling

Experience
Utilized client relationship, closing deals, upselling to support key business objectives and improve team performance.
Utilized upselling, closing deals, salesforce to support key business objectives and improve team performance.

Education
Bachelor of Engineering in Computer Science","<html><body><p>Ravi Kim</p><p>Summary</p><p>Detail-oriented sales representative offering 8+ years of hands-on expertise and a strong record of measurable results.</p><p>Skills</p><p>closing deals, crm, client relationship, salesforce, sales, upselling</p><p>Experience</p><p>Utilized client relationship, closing deals, upselling to support key business objectives and improve team performance.</p><p>Utilized upselling, closing deals, salesforce to support key business objectives and improve team performance.</p><p>Education</p><p>Bachelor of Engineering in Computer Science</p></body></html>",SALES
254,"Priya Johnson
Summary
Motivated healthcare professional professional with a proven track record of 6 years managing cross-functional initiatives.

Skills
vital signs monitoring, emr, medical records, patient care, healthcare compliance, nursing

Experience
Utilized nursing, patient care, emr to support key business objectives and improve team performance.
Utilized patient care, emr, healthcare compliance to support key business objectives and improve team performance.

Education
Diploma in Marketing","<html><body><p>Priya Johnson</p><p>Summary</p><p>Motivated healthcare professional professional with a proven track record of 6 years managing cross-functional initiatives.</p><p>Skills</p><p>vital signs monitoring, emr, medical records, patient care, healthcare compliance, nursing</p><p>Experience</p><p>Utilized nursing, patient care, emr to support key business objectives and improve team performance.</p><p>Utilized patient care, emr, healthcare compliance to support key business objectives and improve team performance.</p><p>Education</p><p>Diploma in Marketing</p></body></html>",HEALTHCARE
400,"Neha Lopez
Summary
Motivated accountant professional with a proven track record of 1 years managing cross-functional initiatives.

Skills
accounts receivable, bookkeeping, financial statements, tax, gaap, quickbooks, reconciliation, general ledger, accounts payable

Experience
Utilized accounts receivable, general ledger, reconciliation to support key business objectives and improve team performance.
Utilized quickbooks, accounts payable, bookkeeping to support key business objectives and improve team performance.
Utilized reconciliation, accounts payable, quickbooks to support key business objectives and improve team performance.

Education
Bachelor of Arts in Marketing","<html><body><p>Neha Lopez</p><p>Summary</p><p>Motivated accountant professional with a proven track record of 1 years managing cross-functional initiatives.</p><p>Skills</p><p>accounts receivable, bookkeeping, financial statements, tax, gaap, quickbooks, reconciliation, general ledger, accounts payable</p><p>Experience</p><p>Utilized accounts receivable, general ledger, reconciliation to support key business objectives and improve team performance.</p><p>Utilized quickbooks, accounts payable, bookkeeping to support key business objectives and improve team performance.</p><p>Utilized reconciliation, accounts payable, quickbooks to support key business objectives and improve team performance.</p><p>Education</p><p>Bachelor of Arts in Marketing</p></body></html>",ACCOUNTANT
122,"Wei Sharma
Summary
Motivated educator professional with a proven track record of 7 years managing cross-functional initiatives.

Skills
lesson planning, tutoring, classroom management, differentiated instruction, instructional design, parent communication, student assessment, curriculum development, special education

Experience
Utilized curriculum development, parent communication, differentiated instruction to support key business objectives and improve team performance.
Utilized classroom management, instructional design, special education to support key business objectives and improve team performance.
Utilized differentiated instruction, curriculum development, classroom management to support key business objectives and improve team performance.

Education
MBA in Design","<html><body><p>Wei Sharma</p><p>Summary</p><p>Motivated educator professional with a proven track record of 7 years managing cross-functional initiatives.</p><p>Skills</p><p>lesson planning, tutoring, classroom management, differentiated instruction, instructional design, parent communication, student assessment, curriculum development, special education</p><p>Experience</p><p>Utilized curriculum development, parent communication, differentiated instruction to support key business objectives and improve team performance.</p><p>Utilized classroom management, instructional design, special education to support key business objectives and improve team performance.</p><p>Utilized differentiated instruction, curriculum development, classroom management to support key business objectives and improve team performance.</p><p>Education</p><p>MBA in Design</p></body></html>",TEACHER
183,"Jordan Sharma
Summary
Results-driven legal counsel with 1 years of experience delivering high-impact outcomes in fast-paced environments.

Skills
legal writing, westlaw, negotiation, compliance, client counseling, litigation

Experience
Utilized negotiation, compliance, litigation to support key business objectives and improve team performance.
Utilized litigation, legal writing, negotiation to support key business objectives and improve team performance.
Utilized negotiation, westlaw, legal writing to support key business objectives and improve team performance.

Education
Diploma in Marketing","<html><body><p>Jordan Sharma</p><p>Summary</p><p>Results-driven legal counsel with 1 years of experience delivering high-impact outcomes in fast-paced environments.</p><p>Skills</p><p>legal writing, westlaw, negotiation, compliance, client counseling, litigation</p><p>Experience</p><p>Utilized negotiation, compliance, litigation to support key business objectives and improve team performance.</p><p>Utilized litigation, legal writing, negotiation to support key business objectives and improve team performance.</p><p>Utilized negotiation, westlaw, legal writing to support key business objectives and improve team performance.</p><p>Education</p><p>Diploma in Marketing</p></body></html>",ADVOCATE
202,"Taylor Garcia
Summary
Motivated business development manager professional with a proven track record of 10 years managing cross-functional initiatives.

Skills
market research, revenue growth, lead generation, crm, partnership development, client relationship, account management, salesforce, business development, negotiation

Experience
Utilized negotiation, market research, salesforce to support key business objectives and improve team performance.
Utilized business development, revenue growth, partnership development to support key business objectives and improve team performance.

Education
Bachelor of Arts in Business Administration","<html><body><p>Taylor Garcia</p><p>Summary</p><p>Motivated business development manager professional with a proven track record of 10 years managing cross-functional initiatives.</p><p>Skills</p><p>market research, revenue growth, lead generation, crm, partnership development, client relationship, account management, salesforce, business development, negotiation</p><p>Experience</p><p>Utilized negotiation, market research, salesforce to support key business objectives and improve team performance.</p><p>Utilized business development, revenue growth, partnership development to support key business objectives and improve team performance.</p><p>Education</p><p>Bachelor of Arts in Business Administration</p></body></html>",BUSINESS-DEVELOPMENT
323,"Neha Davis
Summary
Results-driven finance analyst with 2 years of experience delivering high-impact outcomes in fast-paced environments.

Skills
excel, variance analysis, forecasting, risk management, financial modeling, budgeting

Experience
Utilized variance analysis, financial modeling, budgeting to support key business objectives and improve team performance.
Utilized risk management, excel, forecasting to support key business objectives and improve team performance.
Utilized excel, risk management, budgeting to support key business objectives and improve team performance.

Education
Master of Science in Design","<html><body><p>Neha Davis</p><p>Summary</p><p>Results-driven finance analyst with 2 years of experience delivering high-impact outcomes in fast-paced environments.</p><p>Skills</p><p>excel, variance analysis, forecasting, risk management, financial modeling, budgeting</p><p>Experience</p><p>Utilized variance analysis, financial modeling, budgeting to support key business objectives and improve team performance.</p><p>Utilized risk management, excel, forecasting to support key business objectives and improve team performance.</p><p>Utilized excel, risk management, budgeting to support key business objectives and improve team performance.</p><p>Education</p><p>Master of Science in Design</p></body></html>",FINANCE
246,"Aisha Patel
Summary
Results-driven healthcare professional with 14 years of experience delivering high-impact outcomes in fast-paced environments.

Skills
vital signs monitoring, emr, patient care, medical records, medication administration, triage, nursing, healthcare compliance, clinical, hipaa

Experience
Utilized nursing, vital signs monitoring, medication administration to support key business objectives and improve team performance.
Utilized clinical, vital signs monitoring, triage to support key business objectives and improve team performance.
Utilized clinical, patient care, triage to support key business objectives and improve team performance.
Utilized clinical, medical records, patient care to support key business objectives and improve team performance.

Education
Diploma in Computer Science","<html><body><p>Aisha Patel</p><p>Summary</p><p>Results-driven healthcare professional with 14 years of experience delivering high-impact outcomes in fast-paced environments.</p><p>Skills</p><p>vital signs monitoring, emr, patient care, medical records, medication administration, triage, nursing, healthcare compliance, clinical, hipaa</p><p>Experience</p><p>Utilized nursing, vital signs monitoring, medication administration to support key business objectives and improve team performance.</p><p>Utilized clinical, vital signs monitoring, triage to support key business objectives and improve team performance.</p><p>Utilized clinical, patient care, triage to support key business objectives and improve team performance.</p><p>Utilized clinical, medical records, patient care to support key business objectives and improve team performance.</p><p>Education</p><p>Diploma in Computer Science</p></body></html>",HEALTHCARE
415,"Grace Lopez
Summary
Results-driven accountant with 14 years of experience delivering high-impact outcomes in fast-paced environments.

Skills
financial statements, auditing, tax, general ledger, accounting, bookkeeping

Experience
Utilized general ledger, bookkeeping, tax to support key business objectives and improve team performance.
Utilized auditing, bookkeeping, accounting to support key business objectives and improve team performance.

Education
Bachelor of Arts in Accounting","<html><body><p>Grace Lopez</p><p>Summary</p><p>Results-driven accountant with 14 years of experience delivering high-impact outcomes in fast-paced environments.</p><p>Skills</p><p>financial statements, auditing, tax, general ledger, accounting, bookkeeping</p><p>Experience</p><p>Utilized general ledger, bookkeeping, tax to support key business objectives and improve team performance.</p><p>Utilized auditing, bookkeeping, accounting to support key business objectives and improve team performance.</p><p>Education</p><p>Bachelor of Arts in Accounting</p></body></html>",ACCOUNTANT
490,"Liam Garcia
Summary
Detail-oriented digital marketing specialist offering 2+ years of hands-on expertise and a strong record of measurable results.

Skills
seo, copywriting, digital marketing, campaign management, content strategy, email marketing, google analytics, social media marketing, brand strategy

Experience
Utilized google analytics, content strategy, brand strategy to support key business objectives and improve team performance.
Utilized brand strategy, digital marketing, social media marketing to support key business objectives and improve team performance.

Education
Bachelor of Arts in Accounting","<html><body><p>Liam Garcia</p><p>Summary</p><p>Detail-oriented digital marketing specialist offering 2+ years of hands-on expertise and a strong record of measurable results.</p><p>Skills</p><p>seo, copywriting, digital marketing, campaign management, content strategy, email marketing, google analytics, social media marketing, brand strategy</p><p>Experience</p><p>Utilized google analytics, content strategy, brand strategy to support key business objectives and improve team performance.</p><p>Utilized brand strategy, digital marketing, social media marketing to support key business objectives and improve team performance.</p><p>Education</p><p>Bachelor of Arts in Accounting</p></body></html>",DIGITAL-MEDIA
575,"Taylor Sharma
Summary
Motivated banking associate professional with a proven track record of 14 years managing cross-functional initiatives.

Skills
compliance, risk assessment, kyc, loan processing, customer relationship management, credit analysis, underwriting

Experience
Utilized loan processing, risk assessment, customer relationship management to support key business objectives and improve team performance.
Utilized customer relationship management, risk assessment, loan processing to support key business objectives and improve team performance.
Utilized kyc, risk assessment, compliance to support key business objectives and improve team performance.
Utilized risk assessment, loan processing, kyc to support key business objectives and improve team performance.

Education
Bachelor of Engineering in Education","<html><body><p>Taylor Sharma</p><p>Summary</p><p>Motivated banking associate professional with a proven track record of 14 years managing cross-functional initiatives.</p><p>Skills</p><p>compliance, risk assessment, kyc, loan processing, customer relationship management, credit analysis, underwriting</p><p>Experience</p><p>Utilized loan processing, risk assessment, customer relationship management to support key business objectives and improve team performance.</p><p>Utilized customer relationship management, risk assessment, loan processing to support key business objectives and improve team performance.</p><p>Utilized kyc, risk assessment, compliance to support key business objectives and improve team performance.</p><p>Utilized risk assessment, loan processing, kyc to support key business objectives and improve team performance.</p><p>Education</p><p>Bachelor of Engineering in Education</p></body></html>",BANKING
530,"Aisha Patel
Summary
Results-driven aviation operations coordinator with 10 years of experience delivering high-impact outcomes in fast-paced environments.

Skills
ground operations, faa regulations, flight operations, logistics coordination, safety compliance, aircraft maintenance

Experience
Utilized ground operations, aircraft maintenance, logistics coordination to support key business objectives and improve team performance.
Utilized faa regulations, ground operations, flight operations to support key business objectives and improve team performance.
Utilized ground operations, faa regulations, flight operations to support key business objectives and improve team performance.

Education
Bachelor of Arts in Accounting","<html><body><p>Aisha Patel</p><p>Summary</p><p>Results-driven aviation operations coordinator with 10 years of experience delivering high-impact outcomes in fast-paced environments.</p><p>Skills</p><p>ground operations, faa regulations, flight operations, logistics coordination, safety compliance, aircraft maintenance</p><p>Experience</p><p>Utilized ground operations, aircraft maintenance, logistics coordination to support key business objectives and improve team performance.</p><p>Utilized faa regulations, ground operations, flight operations to support key business objectives and improve team performance.</p><p>Utilized ground operations, faa regulations, flight operations to support key business objectives and improve team performance.</p><p>Education</p><p>Bachelor of Arts in Accounting</p></body></html>",AVIATION
481,"Ravi Patel
Summary
Motivated digital marketing specialist professional with a proven track record of 6 years managing cross-functional initiatives.

Skills
copywriting, social media marketing, google analytics, content strategy, seo, digital marketing, campaign management, email marketing

Experience
Utilized social media marketing, copywriting, email marketing to support key business objectives and improve team performance.
Utilized social media marketing, content strategy, campaign management to support key business objectives and improve team performance.
Utilized content strategy, email marketing, google analytics to support key business objectives and improve team performance.

Education
Bachelor of Engineering in Accounting","<html><body><p>Ravi Patel</p><p>Summary</p><p>Motivated digital marketing specialist professional with a proven track record of 6 years managing cross-functional initiatives.</p><p>Skills</p><p>copywriting, social media marketing, google analytics, content strategy, seo, digital marketing, campaign management, email marketing</p><p>Experience</p><p>Utilized social media marketing, copywriting, email marketing to support key business objectives and improve team performance.</p><p>Utilized social media marketing, content strategy, campaign management to support key business objectives and improve team performance.</p><p>Utilized content strategy, email marketing, google analytics to support key business objectives and improve team performance.</p><p>Education</p><p>Bachelor of Engineering in Accounting</p></body></html>",DIGITAL-MEDIA
563,"Alex Sharma
Summary
Results-driven banking associate with 14 years of experience delivering high-impact outcomes in fast-paced environments.

Skills
underwriting, credit analysis, kyc, customer relationship management, risk assessment, loan processing, compliance

Experience
Utilized customer relationship management, compliance, underwriting to support key business objectives and improve team performance.
Utilized credit analysis, kyc, loan processing to support key business objectives and improve team performance.
Utilized underwriting, credit analysis, loan processing to support key business objectives and improve team performance.
Utilized underwriting, kyc, compliance to support key business objectives and improve team performance.

Education
MBA in Business Administration","<html><body><p>Alex Sharma</p><p>Summary</p><p>Results-driven banking associate with 14 years of experience delivering high-impact outcomes in fast-paced environments.</p><p>Skills</p><p>underwriting, credit analysis, kyc, customer relationship management, risk assessment, loan processing, compliance</p><p>Experience</p><p>Utilized customer relationship management, compliance, underwriting to support key business objectives and improve team performance.</p><p>Utilized credit analysis, kyc, loan processing to support key business objectives and improve team performance.</p><p>Utilized underwriting, credit analysis, loan processing to support key business objectives and improve team performance.</p><p>Utilized underwriting, kyc, compliance to support key business objectives and improve team performance.</p><p>Education</p><p>MBA in Business Administration</p></body></html>",BANKING
543,"Taylor Davis
Summary
Motivated aviation operations coordinator professional with a proven track record of 9 years managing cross-functional initiatives.

Skills
faa regulations, ground operations, flight operations, aircraft maintenance, safety compliance, logistics coordination

Experience
Utilized safety compliance, ground operations, faa regulations to support key business objectives and improve team performance.
Utilized logistics coordination, flight operations, safety compliance to support key business objectives and improve team performance.

Education
MBA in Education","<html><body><p>Taylor Davis</p><p>Summary</p><p>Motivated aviation operations coordinator professional with a proven track record of 9 years managing cross-functional initiatives.</p><p>Skills</p><p>faa regulations, ground operations, flight operations, aircraft maintenance, safety compliance, logistics coordination</p><p>Experience</p><p>Utilized safety compliance, ground operations, faa regulations to support key business objectives and improve team performance.</p><p>Utilized logistics coordination, flight operations, safety compliance to support key business objectives and improve team performance.</p><p>Education</p><p>MBA in Education</p></body></html>",AVIATION
125,"Noah Nguyen
Summary
Motivated educator professional with a proven track record of 13 years managing cross-functional initiatives.

Skills
lesson planning, differentiated instruction, special education, parent communication, classroom management, tutoring, student assessment, curriculum development, instructional design

Experience
Utilized classroom management, parent communication, instructional design to support key business objectives and improve team performance.
Utilized instructional design, parent communication, curriculum development to support key business objectives and improve team performance.

Education
Bachelor of Science in Computer Science","<html><body><p>Noah Nguyen</p><p>Summary</p><p>Motivated educator professional with a proven track record of 13 years managing cross-functional initiatives.</p><p>Skills</p><p>lesson planning, differentiated instruction, special education, parent communication, classroom management, tutoring, student assessment, curriculum development, instructional design</p><p>Experience</p><p>Utilized classroom management, parent communication, instructional design to support key business objectives and improve team performance.</p><p>Utilized instructional design, parent communication, curriculum development to support key business objectives and improve team performance.</p><p>Education</p><p>Bachelor of Science in Computer Science</p></body></html>",TEACHER
402,"Alex Johnson
Summary
Results-driven accountant with 4 years of experience delivering high-impact outcomes in fast-paced environments.

Skills
gaap, accounts payable, bookkeeping, auditing, accounting, accounts receivable, general ledger, quickbooks, reconciliation, tax

Experience
Utilized auditing, accounting, accounts payable to support key business objectives and improve team performance.
Utilized quickbooks, gaap, accounts receivable to support key business objectives and improve team performance.

Education
Bachelor of Engineering in Finance","<html><body><p>Alex Johnson</p><p>Summary</p><p>Results-driven accountant with 4 years of experience delivering high-impact outcomes in fast-paced environments.</p><p>Skills</p><p>gaap, accounts payable, bookkeeping, auditing, accounting, accounts receivable, general ledger, quickbooks, reconciliation, tax</p><p>Experience</p><p>Utilized auditing, accounting, accounts payable to support key business objectives and improve team performance.</p><p>Utilized quickbooks, gaap, accounts receivable to support key business objectives and improve team performance.</p><p>Education</p><p>Bachelor of Engineering in Finance</p></body></html>",ACCOUNTANT
500,"Priya Chen
Summary
Motivated digital marketing specialist professional with a proven track record of 1 years managing cross-functional initiatives.

Skills
digital marketing, email marketing, brand strategy, google analytics, social media marketing, content strategy

Experience
Utilized brand strategy, email marketing, google analytics to support key business objectives and improve team performance.
Utilized digital marketing, social media marketing, content strategy to support key business objectives and improve team performance.
Utilized brand strategy, digital marketing, social media marketing to support key business objectives and improve team performance.

Education
Bachelor of Science in Computer Science","<html><body><p>Priya Chen</p><p>Summary</p><p>Motivated digital marketing specialist professional with a proven track record of 1 years managing cross-functional initiatives.</p><p>Skills</p><p>digital marketing, email marketing, brand strategy, google analytics, social media marketing, content strategy</p><p>Experience</p><p>Utilized brand strategy, email marketing, google analytics to support key business objectives and improve team performance.</p><p>Utilized digital marketing, social media marketing, content strategy to support key business objectives and improve team performance.</p><p>Utilized brand strategy, digital marketing, social media marketing to support key business objectives and improve team performance.</p><p>Education</p><p>Bachelor of Science in Computer Science</p></body></html>",DIGITAL-MEDIA
521,"Ravi Kim
Summary
Results-driven aviation operations coordinator with 12 years of experience delivering high-impact outcomes in fast-paced environments.

Skills
logistics coordination, aircraft maintenance, faa regulations, flight operations, safety compliance, ground operations

Experience
Utilized logistics coordination, ground operations, aircraft maintenance to support key business objectives and improve team performance.
Utilized safety compliance, logistics coordination, ground operations to support key business objectives and improve team performance.

Education
Bachelor of Engineering in Mechanical Engineering","<html><body><p>Ravi Kim</p><p>Summary</p><p>Results-driven aviation operations coordinator with 12 years of experience delivering high-impact outcomes in fast-paced environments.</p><p>Skills</p><p>logistics coordination, aircraft maintenance, faa regulations, flight operations, safety compliance, ground operations</p><p>Experience</p><p>Utilized logistics coordination, ground operations, aircraft maintenance to support key business objectives and improve team performance.</p><p>Utilized safety compliance, logistics coordination, ground operations to support key business objectives and improve team performance.</p><p>Education</p><p>Bachelor of Engineering in Mechanical Engineering</p></body></html>",AVIATION
223,"Omar Kim
Summary
Motivated business development manager professional with a proven track record of 4 years managing cross-functional initiatives.

Skills
market research, lead generation, account management, crm, negotiation, client relationship, revenue growth

Experience
Utilized lead generation, crm, client relationship to support key business objectives and improve team performance.
Utilized lead generation, crm, account management to support key business objectives and improve team performance.
Utilized account management, crm, revenue growth to support key business objectives and improve team performance.

Education
Bachelor of Engineering in Education","<html><body><p>Omar Kim</p><p>Summary</p><p>Motivated business development manager professional with a proven track record of 4 years managing cross-functional initiatives.</p><p>Skills</p><p>market research, lead generation, account management, crm, negotiation, client relationship, revenue growth</p><p>Experience</p><p>Utilized lead generation, crm, client relationship to support key business objectives and improve team performance.</p><p>Utilized lead generation, crm, account management to support key business objectives and improve team performance.</p><p>Utilized account management, crm, revenue growth to support key business objectives and improve team performance.</p><p>Education</p><p>Bachelor of Engineering in Education</p></body></html>",BUSINESS-DEVELOPMENT
342,"Priya Sharma
Summary
Detail-oriented finance analyst offering 1+ years of hands-on expertise and a strong record of measurable results.

Skills
budgeting, investment analysis, forecasting, financial reporting, excel, financial modeling, variance analysis

Experience
Utilized financial reporting, investment analysis, forecasting to support key business objectives and improve team performance.
Utilized financial modeling, investment analysis, budgeting to support key business objectives and improve team performance.

Education
Diploma in Mechanical Engineering","<html><body><p>Priya Sharma</p><p>Summary</p><p>Detail-oriented finance analyst offering 1+ years of hands-on expertise and a strong record of measurable results.</p><p>Skills</p><p>budgeting, investment analysis, forecasting, financial reporting, excel, financial modeling, variance analysis</p><p>Experience</p><p>Utilized financial reporting, investment analysis, forecasting to support key business objectives and improve team performance.</p><p>Utilized financial modeling, investment analysis, budgeting to support key business objectives and improve team performance.</p><p>Education</p><p>Diploma in Mechanical Engineering</p></body></html>",FINANCE
53,"Ravi Nguyen
Summary
Detail-oriented human resources specialist offering 9+ years of hands-on expertise and a strong record of measurable results.

Skills
recruiting, hris, payroll, compensation, benefits administration, onboarding, employee relations, training and development

Experience
Utilized benefits administration, hris, recruiting to support key business objectives and improve team performance.
Utilized training and development, recruiting, onboarding to support key business objectives and improve team performance.
Utilized compensation, onboarding, employee relations to support key business objectives and improve team performance.

Education
Master of Science in Computer Science","<html><body><p>Ravi Nguyen</p><p>Summary</p><p>Detail-oriented human resources specialist offering 9+ years of hands-on expertise and a strong record of measurable results.</p><p>Skills</p><p>recruiting, hris, payroll, compensation, benefits administration, onboarding, employee relations, training and development</p><p>Experience</p><p>Utilized benefits administration, hris, recruiting to support key business objectives and improve team performance.</p><p>Utilized training and development, recruiting, onboarding to support key business objectives and improve team performance.</p><p>Utilized compensation, onboarding, employee relations to support key business objectives and improve team performance.</p><p>Education</p><p>Master of Science in Computer Science</p></body></html>",HR
219,"Grace Sharma
Summary
Results-driven business development manager with 8 years of experience delivering high-impact outcomes in fast-paced environments.

Skills
client relationship, negotiation, partnership development, salesforce, revenue growth, market research, lead generation, account management, crm, business development

Experience
Utilized salesforce, business development, market research to support key business objectives and improve team performance.
Utilized lead generation, market research, client relationship to support key business objectives and improve team performance.
Utilized revenue growth, salesforce, business development to support key business objectives and improve team performance.

Education
Master of Science in Business Administration","<html><body><p>Grace Sharma</p><p>Summary</p><p>Results-driven business development manager with 8 years of experience delivering high-impact outcomes in fast-paced environments.</p><p>Skills</p><p>client relationship, negotiation, partnership development, salesforce, revenue growth, market research, lead generation, account management, crm, business development</p><p>Experience</p><p>Utilized salesforce, business development, market research to support key business objectives and improve team performance.</p><p>Utilized lead generation, market research, client relationship to support key business objectives and improve team performance.</p><p>Utilized revenue growth, salesforce, business development to support key business objectives and improve team performance.</p><p>Education</p><p>Master of Science in Business Administration</p></body></html>",BUSINESS-DEVELOPMENT
129,"Ravi Johnson
Summary
Results-driven educator with 6 years of experience delivering high-impact outcomes in fast-paced environments.

Skills
special education, lesson planning, classroom management, differentiated instruction, instructional design, parent communication, tutoring, student assessment, curriculum development

Experience
Utilized classroom management, parent communication, student assessment to support key business objectives and improve team performance.
Utilized classroom management, tutoring, differentiated instruction to support key business objectives and improve team performance.

Education
Bachelor of Arts in Finance","<html><body><p>Ravi Johnson</p><p>Summary</p><p>Results-driven educator with 6 years of experience delivering high-impact outcomes in fast-paced environments.</p><p>Skills</p><p>special education, lesson planning, classroom management, differentiated instruction, instructional design, parent communication, tutoring, student assessment, curriculum development</p><p>Experience</p><p>Utilized classroom management, parent communication, student assessment to support key business objectives and improve team performance.</p><p>Utilized classroom management, tutoring, differentiated instruction to support key business objectives and improve team performance.</p><p>Education</p><p>Bachelor of Arts in Finance</p></body></html>",TEACHER
579,"Aisha Davis
Summary
Results-driven banking associate with 11 years of experience delivering high-impact outcomes in fast-paced environments.

Skills
customer relationship management, risk assessment, kyc, loan processing, underwriting, credit analysis, compliance

Experience
Utilized risk assessment, credit analysis, kyc to support key business objectives and improve team performance.
Utilized customer relationship management, risk assessment, loan processing to support key business objectives and improve team performance.
Utilized customer relationship management, kyc, underwriting to support key business objectives and improve team performance.
Utilized risk assessment, credit analysis, underwriting to support key business objectives and improve team performance.

Education
Bachelor of Science in Mechanical Engineering","<html><body><p>Aisha Davis</p><p>Summary</p><p>Results-driven banking associate with 11 years of experience delivering high-impact outcomes in fast-paced environments.</p><p>Skills</p><p>customer relationship management, risk assessment, kyc, loan processing, underwriting, credit analysis, compliance</p><p>Experience</p><p>Utilized risk assessment, credit analysis, kyc to support key business objectives and improve team performance.</p><p>Utilized customer relationship management, risk assessment, loan processing to support key business objectives and improve team performance.</p><p>Utilized customer relationship management, kyc, underwriting to support key business objectives and improve team performance.</p><p>Utilized risk assessment, credit analysis, underwriting to support key business objectives and improve team performance.</p><p>Education</p><p>Bachelor of Science in Mechanical Engineering</p></body></html>",BANKING
532,"Priya Lopez
Summary
Detail-oriented aviation operations coordinator offering 14+ years of hands-on expertise and a strong record of measurable results.

Skills
aircraft maintenance, safety compliance, faa regulations, logistics coordination, flight operations, ground operations

Experience
Utilized logistics coordination, aircraft maintenance, flight operations to support key business objectives and improve team performance.
Utilized faa regulations, aircraft maintenance, logistics coordination to support key business objectives and improve team performance.

Education
Master of Science in Computer Science","<html><body><p>Priya Lopez</p><p>Summary</p><p>Detail-oriented aviation operations coordinator offering 14+ years of hands-on expertise and a strong record of measurable results.</p><p>Skills</p><p>aircraft maintenance, safety compliance, faa regulations, logistics coordination, flight operations, ground operations</p><p>Experience</p><p>Utilized logistics coordination, aircraft maintenance, flight operations to support key business objectives and improve team performance.</p><p>Utilized faa regulations, aircraft maintenance, logistics coordination to support key business objectives and improve team performance.</p><p>Education</p><p>Master of Science in Computer Science</p></body></html>",AVIATION
186,"Noah Singh
Summary
Results-driven legal counsel with 6 years of experience delivering high-impact outcomes in fast-paced environments.

Skills
regulatory filings, litigation, negotiation, westlaw, contract review, legal writing, compliance, case management, client counseling, legal research

Experience
Utilized client counseling, westlaw, compliance to support key business objectives and improve team performance.
Utilized compliance, westlaw, litigation to support key business objectives and improve team performance.

Education
Master of Science in Finance","<html><body><p>Noah Singh</p><p>Summary</p><p>Results-driven legal counsel with 6 years of experience delivering high-impact outcomes in fast-paced environments.</p><p>Skills</p><p>regulatory filings, litigation, negotiation, westlaw, contract review, legal writing, compliance, case management, client counseling, legal research</p><p>Experience</p><p>Utilized client counseling, westlaw, compliance to support key business objectives and improve team performance.</p><p>Utilized compliance, westlaw, litigation to support key business objectives and improve team performance.</p><p>Education</p><p>Master of Science in Finance</p></body></html>",ADVOCATE
582,"Wei Khan
Summary
Motivated banking associate professional with a proven track record of 8 years managing cross-functional initiatives.

Skills
compliance, credit analysis, risk assessment, kyc, loan processing, underwriting, customer relationship management

Experience
Utilized loan processing, risk assessment, underwriting to support key business objectives and improve team performance.
Utilized customer relationship management, underwriting, loan processing to support key business objectives and improve team performance.
Utilized kyc, underwriting, credit analysis to support key business objectives and improve team performance.

Education
Bachelor of Science in Nursing","<html><body><p>Wei Khan</p><p>Summary</p><p>Motivated banking associate professional with a proven track record of 8 years managing cross-functional initiatives.</p><p>Skills</p><p>compliance, credit analysis, risk assessment, kyc, loan processing, underwriting, customer relationship management</p><p>Experience</p><p>Utilized loan processing, risk assessment, underwriting to support key business objectives and improve team performance.</p><p>Utilized customer relationship management, underwriting, loan processing to support key business objectives and improve team performance.</p><p>Utilized kyc, underwriting, credit analysis to support key business objectives and improve team performance.</p><p>Education</p><p>Bachelor of Science in Nursing</p></body></html>",BANKING
439,"Emma Patel
Summary
Results-driven accountant with 11 years of experience delivering high-impact outcomes in fast-paced environments.

Skills
accounts payable, quickbooks, gaap, auditing, financial statements, tax, general ledger, reconciliation, accounts receivable, accounting

Experience
Utilized gaap, financial statements, auditing to support key business objectives and improve team performance.
Utilized gaap, accounts receivable, auditing to support key business objectives and improve team performance.

Education
Bachelor of Arts in Computer Science","<html><body><p>Emma Patel</p><p>Summary</p><p>Results-driven accountant with 11 years of experience delivering high-impact outcomes in fast-paced environments.</p><p>Skills</p><p>accounts payable, quickbooks, gaap, auditing, financial statements, tax, general ledger, reconciliation, accounts receivable, accounting</p><p>Experience</p><p>Utilized gaap, financial statements, auditing to support key business objectives and improve team performance.</p><p>Utilized gaap, accounts receivable, auditing to support key business objectives and improve team performance.</p><p>Education</p><p>Bachelor of Arts in Computer Science</p></body></html>",ACCOUNTANT
463,"Liam Garcia
Summary
Detail-oriented management consultant offering 8+ years of hands-on expertise and a strong record of measurable results.

Skills
strategy, process optimization, data analysis, client presentations, project management, stakeholder management, business case development, change management

Experience
Utilized data analysis, stakeholder management, strategy to support key business objectives and improve team performance.
Utilized process optimization, client presentations, business case development to support key business objectives and improve team performance.
Utilized strategy, change management, business case development to support key business objectives and improve team performance.
Utilized strategy, process optimization, business case development to support key business objectives and improve team performance.

Education
Bachelor of Engineering in Business Administration","<html><body><p>Liam Garcia</p><p>Summary</p><p>Detail-oriented management consultant offering 8+ years of hands-on expertise and a strong record of measurable results.</p><p>Skills</p><p>strategy, process optimization, data analysis, client presentations, project management, stakeholder management, business case development, change management</p><p>Experience</p><p>Utilized data analysis, stakeholder management, strategy to support key business objectives and improve team performance.</p><p>Utilized process optimization, client presentations, business case development to support key business objectives and improve team performance.</p><p>Utilized strategy, change management, business case development to support key business objectives and improve team performance.</p><p>Utilized strategy, process optimization, business case development to support key business objectives and improve team performance.</p><p>Education</p><p>Bachelor of Engineering in Business Administration</p></body></html>",CONSULTANT
100,"Sofia Garcia
Summary
Motivated product designer professional with a proven track record of 1 years managing cross-functional initiatives.

Skills
ux design, prototyping, ui design, illustrator, branding, graphic design, wireframing, typography, sketch

Experience
Utilized branding, graphic design, ui design to support key business objectives and improve team performance.
Utilized ux design, branding, graphic design to support key business objectives and improve team performance.
Utilized graphic design, illustrator, ux design to support key business objectives and improve team performance.

Education
Bachelor of Engineering in Mechanical Engineering","<html><body><p>Sofia Garcia</p><p>Summary</p><p>Motivated product designer professional with a proven track record of 1 years managing cross-functional initiatives.</p><p>Skills</p><p>ux design, prototyping, ui design, illustrator, branding, graphic design, wireframing, typography, sketch</p><p>Experience</p><p>Utilized branding, graphic design, ui design to support key business objectives and improve team performance.</p><p>Utilized ux design, branding, graphic design to support key business objectives and improve team performance.</p><p>Utilized graphic design, illustrator, ux design to support key business objectives and improve team performance.</p><p>Education</p><p>Bachelor of Engineering in Mechanical Engineering</p></body></html>",DESIGNER
610,"Ravi Johnson
Summary
Detail-oriented construction project manager offering 10+ years of hands-on expertise and a strong record of measurable results.

Skills
osha compliance, cost estimation, site supervision, blueprint reading, project scheduling, subcontractor management

Experience
Utilized blueprint reading, subcontractor management, cost estimation to support key business objectives and improve team performance.
Utilized project scheduling, blueprint reading, cost estimation to support key business objectives and improve team performance.
Utilized blueprint reading, subcontractor management, osha compliance to support key business objectives and improve team performance.

Education
Master of Science in Accounting","<html><body><p>Ravi Johnson</p><p>Summary</p><p>Detail-oriented construction project manager offering 10+ years of hands-on expertise and a strong record of measurable results.</p><p>Skills</p><p>osha compliance, cost estimation, site supervision, blueprint reading, project scheduling, subcontractor management</p><p>Experience</p><p>Utilized blueprint reading, subcontractor management, cost estimation to support key business objectives and improve team performance.</p><p>Utilized project scheduling, blueprint reading, cost estimation to support key business objectives and improve team performance.</p><p>Utilized blueprint reading, subcontractor management, osha compliance to support key business objectives and improve team performance.</p><p>Education</p><p>Master of Science in Accounting</p></body></html>",CONSTRUCTION
386,"Noah Garcia
Summary
Detail-oriented mechanical engineer offering 2+ years of hands-on expertise and a strong record of measurable results.

Skills
six sigma, solidworks, quality control, manufacturing, cad, autocad, process improvement, root cause analysis

Experience
Utilized root cause analysis, cad, six sigma to support key business objectives and improve team performance.
Utilized solidworks, six sigma, process improvement to support key business objectives and improve team performance.

Education
MBA in Nursing","<html><body><p>Noah Garcia</p><p>Summary</p><p>Detail-oriented mechanical engineer offering 2+ years of hands-on expertise and a strong record of measurable results.</p><p>Skills</p><p>six sigma, solidworks, quality control, manufacturing, cad, autocad, process improvement, root cause analysis</p><p>Experience</p><p>Utilized root cause analysis, cad, six sigma to support key business objectives and improve team performance.</p><p>Utilized solidworks, six sigma, process improvement to support key business objectives and improve team performance.</p><p>Education</p><p>MBA in Nursing</p></body></html>",ENGINEERING
619,"Ravi Khan
Summary
Motivated construction project manager professional with a proven track record of 5 years managing cross-functional initiatives.

Skills
site supervision, osha compliance, project scheduling, cost estimation, subcontractor management, blueprint reading

Experience
Utilized cost estimation, blueprint reading, project scheduling to support key business objectives and improve team performance.
Utilized subcontractor management, blueprint reading, osha compliance to support key business objectives and improve team performance.
Utilized osha compliance, subcontractor management, cost estimation to support key business objectives and improve team performance.

Education
Master of Science in Computer Science","<html><body><p>Ravi Khan</p><p>Summary</p><p>Motivated construction project manager professional with a proven track record of 5 years managing cross-functional initiatives.</p><p>Skills</p><p>site supervision, osha compliance, project scheduling, cost estimation, subcontractor management, blueprint reading</p><p>Experience</p><p>Utilized cost estimation, blueprint reading, project scheduling to support key business objectives and improve team performance.</p><p>Utilized subcontractor management, blueprint reading, osha compliance to support key business objectives and improve team performance.</p><p>Utilized osha compliance, subcontractor management, cost estimation to support key business objectives and improve team performance.</p><p>Education</p><p>Master of Science in Computer Science</p></body></html>",CONSTRUCTION
294,"Emma Chen
Summary
Results-driven sales representative with 4 years of experience delivering high-impact outcomes in fast-paced environments.

Skills
crm, salesforce, client relationship, negotiation, upselling, cold calling

Experience
Utilized cold calling, crm, negotiation to support key business objectives and improve team performance.
Utilized upselling, crm, salesforce to support key business objectives and improve team performance.
Utilized cold calling, salesforce, crm to support key business objectives and improve team performance.

Education
Bachelor of Science in Marketing","<html><body><p>Emma Chen</p><p>Summary</p><p>Results-driven sales representative with 4 years of experience delivering high-impact outcomes in fast-paced environments.</p><p>Skills</p><p>crm, salesforce, client relationship, negotiation, upselling, cold calling</p><p>Experience</p><p>Utilized cold calling, crm, negotiation to support key business objectives and improve team performance.</p><p>Utilized upselling, crm, salesforce to support key business objectives and improve team performance.</p><p>Utilized cold calling, salesforce, crm to support key business objectives and improve team performance.</p><p>Education</p><p>Bachelor of Science in Marketing</p></body></html>",SALES
267,"Priya Khan
Summary
Motivated healthcare professional professional with a proven track record of 5 years managing cross-functional initiatives.

Skills
ehr, vital signs monitoring, medication administration, hipaa, patient care, healthcare compliance

Experience
Utilized patient care, healthcare compliance, medication administration to support key business objectives and improve team performance.
Utilized ehr, healthcare compliance, medication administration to support key business objectives and improve team performance.
Utilized medication administration, hipaa, ehr to support key business objectives and improve team performance.

Education
Bachelor of Science in Finance","<html><body><p>Priya Khan</p><p>Summary</p><p>Motivated healthcare professional professional with a proven track record of 5 years managing cross-functional initiatives.</p><p>Skills</p><p>ehr, vital signs monitoring, medication administration, hipaa, patient care, healthcare compliance</p><p>Experience</p><p>Utilized patient care, healthcare compliance, medication administration to support key business objectives and improve team performance.</p><p>Utilized ehr, healthcare compliance, medication administration to support key business objectives and improve team performance.</p><p>Utilized medication administration, hipaa, ehr to support key business objectives and improve team performance.</p><p>Education</p><p>Bachelor of Science in Finance</p></body></html>",HEALTHCARE
51,"Emma Davis
Summary
Detail-oriented human resources specialist offering 5+ years of hands-on expertise and a strong record of measurable results.

Skills
hris, onboarding, performance management, recruiting, talent acquisition, compensation, benefits administration, payroll, employee relations, labor relations

Experience
Utilized recruiting, payroll, hris to support key business objectives and improve team performance.
Utilized labor relations, employee relations, compensation to support key business objectives and improve team performance.

Education
Bachelor of Engineering in Education","<html><body><p>Emma Davis</p><p>Summary</p><p>Detail-oriented human resources specialist offering 5+ years of hands-on expertise and a strong record of measurable results.</p><p>Skills</p><p>hris, onboarding, performance management, recruiting, talent acquisition, compensation, benefits administration, payroll, employee relations, labor relations</p><p>Experience</p><p>Utilized recruiting, payroll, hris to support key business objectives and improve team performance.</p><p>Utilized labor relations, employee relations, compensation to support key business objectives and improve team performance.</p><p>Education</p><p>Bachelor of Engineering in Education</p></body></html>",HR
441,"Ravi Davis
Summary
Detail-oriented management consultant offering 14+ years of hands-on expertise and a strong record of measurable results.

Skills
client presentations, change management, project management, process optimization, strategy, data analysis

Experience
Utilized change management, project management, process optimization to support key business objectives and improve team performance.
Utilized process optimization, client presentations, change management to support key business objectives and improve team performance.
Utilized client presentations, project management, data analysis to support key business objectives and improve team performance.

Education
MBA in Marketing","<html><body><p>Ravi Davis</p><p>Summary</p><p>Detail-oriented management consultant offering 14+ years of hands-on expertise and a strong record of measurable results.</p><p>Skills</p><p>client presentations, change management, project management, process optimization, strategy, data analysis</p><p>Experience</p><p>Utilized change management, project management, process optimization to support key business objectives and improve team performance.</p><p>Utilized process optimization, client presentations, change management to support key business objectives and improve team performance.</p><p>Utilized client presentations, project management, data analysis to support key business objectives and improve team performance.</p><p>Education</p><p>MBA in Marketing</p></body></html>",CONSULTANT
486,"Aisha Nguyen
Summary
Motivated digital marketing specialist professional with a proven track record of 1 years managing cross-functional initiatives.

Skills
social media marketing, copywriting, digital marketing, brand strategy, email marketing, google analytics, campaign management, seo, content strategy

Experience
Utilized seo, content strategy, brand strategy to support key business objectives and improve team performance.
Utilized campaign management, google analytics, digital marketing to support key business objectives and improve team performance.

Education
Master of Science in Accounting","<html><body><p>Aisha Nguyen</p><p>Summary</p><p>Motivated digital marketing specialist professional with a proven track record of 1 years managing cross-functional initiatives.</p><p>Skills</p><p>social media marketing, copywriting, digital marketing, brand strategy, email marketing, google analytics, campaign management, seo, content strategy</p><p>Experience</p><p>Utilized seo, content strategy, brand strategy to support key business objectives and improve team performance.</p><p>Utilized campaign management, google analytics, digital marketing to support key business objectives and improve team performance.</p><p>Education</p><p>Master of Science in Accounting</p></body></html>",DIGITAL-MEDIA
112,"Priya Brown
Summary
Results-driven product designer with 10 years of experience delivering high-impact outcomes in fast-paced environments.

Skills
prototyping, graphic design, typography, ux design, indesign, figma, illustrator, wireframing

Experience
Utilized figma, typography, ux design to support key business objectives and improve team performance.
Utilized wireframing, ux design, graphic design to support key business objectives and improve team performance.
Utilized figma, graphic design, illustrator to support key business objectives and improve team performance.
Utilized wireframing, graphic design, indesign to support key business objectives and improve team performance.

Education
Bachelor of Engineering in Accounting","<html><body><p>Priya Brown</p><p>Summary</p><p>Results-driven product designer with 10 years of experience delivering high-impact outcomes in fast-paced environments.</p><p>Skills</p><p>prototyping, graphic design, typography, ux design, indesign, figma, illustrator, wireframing</p><p>Experience</p><p>Utilized figma, typography, ux design to support key business objectives and improve team performance.</p><p>Utilized wireframing, ux design, graphic design to support key business objectives and improve team performance.</p><p>Utilized figma, graphic design, illustrator to support key business objectives and improve team performance.</p><p>Utilized wireframing, graphic design, indesign to support key business objectives and improve team performance.</p><p>Education</p><p>Bachelor of Engineering in Accounting</p></body></html>",DESIGNER
179,"Alex Garcia
Summary
Detail-oriented legal counsel offering 4+ years of hands-on expertise and a strong record of measurable results.

Skills
westlaw, client counseling, regulatory filings, case management, contract review, negotiation, compliance

Experience
Utilized westlaw, contract review, negotiation to support key business objectives and improve team performance.
Utilized client counseling, westlaw, regulatory filings to support key business objectives and improve team performance.
Utilized negotiation, compliance, westlaw to support key business objectives and improve team performance.
Utilized case management, negotiation, regulatory filings to support key business objectives and improve team performance.

Education
Bachelor of Arts in Mechanical Engineering","<html><body><p>Alex Garcia</p><p>Summary</p><p>Detail-oriented legal counsel offering 4+ years of hands-on expertise and a strong record of measurable results.</p><p>Skills</p><p>westlaw, client counseling, regulatory filings, case management, contract review, negotiation, compliance</p><p>Experience</p><p>Utilized westlaw, contract review, negotiation to support key business objectives and improve team performance.</p><p>Utilized client counseling, westlaw, regulatory filings to support key business objectives and improve team performance.</p><p>Utilized negotiation, compliance, westlaw to support key business objectives and improve team performance.</p><p>Utilized case management, negotiation, regulatory filings to support key business objectives and improve team performance.</p><p>Education</p><p>Bachelor of Arts in Mechanical Engineering</p></body></html>",ADVOCATE
493,"Jordan Singh
Summary
Motivated digital marketing specialist professional with a proven track record of 14 years managing cross-functional initiatives.

Skills
digital marketing, social media marketing, email marketing, copywriting, brand strategy, seo

Experience
Utilized copywriting, digital marketing, seo to support key business objectives and improve team performance.
Utilized digital marketing, copywriting, seo to support key business objectives and improve team performance.

Education
Bachelor of Arts in Design","<html><body><p>Jordan Singh</p><p>Summary</p><p>Motivated digital marketing specialist professional with a proven track record of 14 years managing cross-functional initiatives.</p><p>Skills</p><p>digital marketing, social media marketing, email marketing, copywriting, brand strategy, seo</p><p>Experience</p><p>Utilized copywriting, digital marketing, seo to support key business objectives and improve team performance.</p><p>Utilized digital marketing, copywriting, seo to support key business objectives and improve team performance.</p><p>Education</p><p>Bachelor of Arts in Design</p></body></html>",DIGITAL-MEDIA
551,"Wei Singh
Summary
Results-driven aviation operations coordinator with 12 years of experience delivering high-impact outcomes in fast-paced environments.

Skills
flight operations, safety compliance, aircraft maintenance, faa regulations, ground operations, logistics coordination

Experience
Utilized ground operations, logistics coordination, flight operations to support key business objectives and improve team performance.
Utilized safety compliance, flight operations, aircraft maintenance to support key business objectives and improve team performance.
Utilized logistics coordination, faa regulations, ground operations to support key business objectives and improve team performance.
Utilized aircraft maintenance, faa regulations, safety compliance to support key business objectives and improve team performance.

Education
Diploma in Marketing","<html><body><p>Wei Singh</p><p>Summary</p><p>Results-driven aviation operations coordinator with 12 years of experience delivering high-impact outcomes in fast-paced environments.</p><p>Skills</p><p>flight operations, safety compliance, aircraft maintenance, faa regulations, ground operations, logistics coordination</p><p>Experience</p><p>Utilized ground operations, logistics coordination, flight operations to support key business objectives and improve team performance.</p><p>Utilized safety compliance, flight operations, aircraft maintenance to support key business objectives and improve team performance.</p><p>Utilized logistics coordination, faa regulations, ground operations to support key business objectives and improve team performance.</p><p>Utilized aircraft maintenance, faa regulations, safety compliance to support key business objectives and improve team performance.</p><p>Education</p><p>Diploma in Marketing</p></body></html>",AVIATION
522,"Alex Patel
Summary
Motivated aviation operations coordinator professional with a proven track record of 5 years managing cross-functional initiatives.

Skills
faa regulations, flight operations, aircraft maintenance, ground operations, logistics coordination, safety compliance

Experience
Utilized logistics coordination, aircraft maintenance, ground operations to support key business objectives and improve team performance.
Utilized safety compliance, logistics coordination, faa regulations to support key business objectives and improve team performance.

Education
Bachelor of Engineering in Marketing","<html><body><p>Alex Patel</p><p>Summary</p><p>Motivated aviation operations coordinator professional with a proven track record of 5 years managing cross-functional initiatives.</p><p>Skills</p><p>faa regulations, flight operations, aircraft maintenance, ground operations, logistics coordination, safety compliance</p><p>Experience</p><p>Utilized logistics coordination, aircraft maintenance, ground operations to support key business objectives and improve team performance.</p><p>Utilized safety compliance, logistics coordination, faa regulations to support key business objectives and improve team performance.</p><p>Education</p><p>Bachelor of Engineering in Marketing</p></body></html>",AVIATION
516,"Sofia Kim
Summary
Detail-oriented digital marketing specialist offering 13+ years of hands-on expertise and a strong record of measurable results.

Skills
seo, copywriting, social media marketing, campaign management, brand strategy, google analytics, digital marketing, content strategy

Experience
Utilized copywriting, google analytics, social media marketing to support key business objectives and improve team performance.
Utilized social media marketing, google analytics, copywriting to support key business objectives and improve team performance.

Education
Diploma in Accounting","<html><body><p>Sofia Kim</p><p>Summary</p><p>Detail-oriented digital marketing specialist offering 13+ years of hands-on expertise and a strong record of measurable results.</p><p>Skills</p><p>seo, copywriting, social media marketing, campaign management, brand strategy, google analytics, digital marketing, content strategy</p><p>Experience</p><p>Utilized copywriting, google analytics, social media marketing to support key business objectives and improve team performance.</p><p>Utilized social media marketing, google analytics, copywriting to support key business objectives and improve team performance.</p><p>Education</p><p>Diploma in Accounting</p></body></html>",DIGITAL-MEDIA
373,"Noah Singh
Summary
Motivated mechanical engineer professional with a proven track record of 11 years managing cross-functional initiatives.

Skills
quality control, matlab, root cause analysis, cad, six sigma, process improvement, solidworks, autocad, manufacturing

Experience
Utilized solidworks, manufacturing, matlab to support key business objectives and improve team performance.
Utilized solidworks, process improvement, six sigma to support key business objectives and improve team performance.

Education
Bachelor of Arts in Education","<html><body><p>Noah Singh</p><p>Summary</p><p>Motivated mechanical engineer professional with a proven track record of 11 years managing cross-functional initiatives.</p><p>Skills</p><p>quality control, matlab, root cause analysis, cad, six sigma, process improvement, solidworks, autocad, manufacturing</p><p>Experience</p><p>Utilized solidworks, manufacturing, matlab to support key business objectives and improve team performance.</p><p>Utilized solidworks, process improvement, six sigma to support key business objectives and improve team performance.</p><p>Education</p><p>Bachelor of Arts in Education</p></body></html>",ENGINEERING
314,"Emma Singh
Summary
Motivated sales representative professional with a proven track record of 12 years managing cross-functional initiatives.

Skills
sales, upselling, negotiation, quota attainment, prospecting, crm, closing deals, salesforce

Experience
Utilized closing deals, crm, quota attainment to support key business objectives and improve team performance.
Utilized negotiation, closing deals, prospecting to support key business objectives and improve team performance.

Education
Bachelor of Engineering in Finance","<html><body><p>Emma Singh</p><p>Summary</p><p>Motivated sales representative professional with a proven track record of 12 years managing cross-functional initiatives.</p><p>Skills</p><p>sales, upselling, negotiation, quota attainment, prospecting, crm, closing deals, salesforce</p><p>Experience</p><p>Utilized closing deals, crm, quota attainment to support key business objectives and improve team performance.</p><p>Utilized negotiation, closing deals, prospecting to support key business objectives and improve team performance.</p><p>Education</p><p>Bachelor of Engineering in Finance</p></body></html>",SALES
462,"Jordan Singh
Summary
Motivated management consultant professional with a proven track record of 3 years managing cross-functional initiatives.

Skills
business case development, process optimization, change management, data analysis, strategy, stakeholder management, project management

Experience
Utilized strategy, data analysis, process optimization to support key business objectives and improve team performance.
Utilized stakeholder management, change management, business case development to support key business objectives and improve team performance.

Education
Bachelor of Arts in Marketing","<html><body><p>Jordan Singh</p><p>Summary</p><p>Motivated management consultant professional with a proven track record of 3 years managing cross-functional initiatives.</p><p>Skills</p><p>business case development, process optimization, change management, data analysis, strategy, stakeholder management, project management</p><p>Experience</p><p>Utilized strategy, data analysis, process optimization to support key business objectives and improve team performance.</p><p>Utilized stakeholder management, change management, business case development to support key business objectives and improve team performance.</p><p>Education</p><p>Bachelor of Arts in Marketing</p></body></html>",CONSULTANT
151,"Jordan Johnson
Summary
Results-driven educator with 2 years of experience delivering high-impact outcomes in fast-paced environments.

Skills
student assessment, classroom management, curriculum development, instructional design, tutoring, lesson planning, special education, differentiated instruction

Experience
Utilized instructional design, special education, differentiated instruction to support key business objectives and improve team performance.
Utilized lesson planning, differentiated instruction, special education to support key business objectives and improve team performance.

Education
Bachelor of Science in Mechanical Engineering","<html><body><p>Jordan Johnson</p><p>Summary</p><p>Results-driven educator with 2 years of experience delivering high-impact outcomes in fast-paced environments.</p><p>Skills</p><p>student assessment, classroom management, curriculum development, instructional design, tutoring, lesson planning, special education, differentiated instruction</p><p>Experience</p><p>Utilized instructional design, special education, differentiated instruction to support key business objectives and improve team performance.</p><p>Utilized lesson planning, differentiated instruction, special education to support key business objectives and improve team performance.</p><p>Education</p><p>Bachelor of Science in Mechanical Engineering</p></body></html>",TEACHER
171,"Noah Garcia
Summary
Results-driven legal counsel with 14 years of experience delivering high-impact outcomes in fast-paced environments.

Skills
legal writing, litigation, case management, negotiation, contract review, regulatory filings

Experience
Utilized litigation, case management, negotiation to support key business objectives and improve team performance.
Utilized contract review, legal writing, regulatory filings to support key business objectives and improve team performance.
Utilized negotiation, litigation, contract review to support key business objectives and improve team performance.
Utilized contract review, legal writing, litigation to support key business objectives and improve team performance.

Education
Diploma in Mechanical Engineering","<html><body><p>Noah Garcia</p><p>Summary</p><p>Results-driven legal counsel with 14 years of experience delivering high-impact outcomes in fast-paced environments.</p><p>Skills</p><p>legal writing, litigation, case management, negotiation, contract review, regulatory filings</p><p>Experience</p><p>Utilized litigation, case management, negotiation to support key business objectives and improve team performance.</p><p>Utilized contract review, legal writing, regulatory filings to support key business objectives and improve team performance.</p><p>Utilized negotiation, litigation, contract review to support key business objectives and improve team performance.</p><p>Utilized contract review, legal writing, litigation to support key business objectives and improve team performance.</p><p>Education</p><p>Diploma in Mechanical Engineering</p></body></html>",ADVOCATE
233,"Priya Nguyen
Summary
Results-driven business development manager with 1 years of experience delivering high-impact outcomes in fast-paced environments.

Skills
negotiation, lead generation, partnership development, client relationship, salesforce, crm, account management

Experience
Utilized lead generation, negotiation, partnership development to support key business objectives and improve team performance.
Utilized partnership development, lead generation, client relationship to support key business objectives and improve team performance.

Education
Bachelor of Science in Accounting","<html><body><p>Priya Nguyen</p><p>Summary</p><p>Results-driven business development manager with 1 years of experience delivering high-impact outcomes in fast-paced environments.</p><p>Skills</p><p>negotiation, lead generation, partnership development, client relationship, salesforce, crm, account management</p><p>Experience</p><p>Utilized lead generation, negotiation, partnership development to support key business objectives and improve team performance.</p><p>Utilized partnership development, lead generation, client relationship to support key business objectives and improve team performance.</p><p>Education</p><p>Bachelor of Science in Accounting</p></body></html>",BUSINESS-DEVELOPMENT
306,"Sofia Garcia
Summary
Results-driven sales representative with 9 years of experience delivering high-impact outcomes in fast-paced environments.

Skills
sales, negotiation, salesforce, cold calling, client relationship, upselling, closing deals, quota attainment, crm, prospecting

Experience
Utilized prospecting, cold calling, crm to support key business objectives and improve team performance.
Utilized upselling, prospecting, client relationship to support key business objectives and improve team performance.
Utilized crm, closing deals, client relationship to support key business objectives and improve team performance.
Utilized sales, negotiation, upselling to support key business objectives and improve team performance.

Education
Diploma in Nursing","<html><body><p>Sofia Garcia</p><p>Summary</p><p>Results-driven sales representative with 9 years of experience delivering high-impact outcomes in fast-paced environments.</p><p>Skills</p><p>sales, negotiation, salesforce, cold calling, client relationship, upselling, closing deals, quota attainment, crm, prospecting</p><p>Experience</p><p>Utilized prospecting, cold calling, crm to support key business objectives and improve team performance.</p><p>Utilized upselling, prospecting, client relationship to support key business objectives and improve team performance.</p><p>Utilized crm, closing deals, client relationship to support key business objectives and improve team performance.</p><p>Utilized sales, negotiation, upselling to support key business objectives and improve team performance.</p><p>Education</p><p>Diploma in Nursing</p></body></html>",SALES
501,"Omar Nguyen
Summary
Detail-oriented digital marketing specialist offering 8+ years of hands-on expertise and a strong record of measurable results.

Skills
digital marketing, copywriting, campaign management, social media marketing, email marketing, google analytics, brand strategy, content strategy, seo

Experience
Utilized content strategy, seo, brand strategy to support key business objectives and improve team performance.
Utilized copywriting, google analytics, email marketing to support key business objectives and improve team performance.
Utilized copywriting, digital marketing, seo to support key business objectives and improve team performance.

Education
Bachelor of Science in Design","<html><body><p>Omar Nguyen</p><p>Summary</p><p>Detail-oriented digital marketing specialist offering 8+ years of hands-on expertise and a strong record of measurable results.</p><p>Skills</p><p>digital marketing, copywriting, campaign management, social media marketing, email marketing, google analytics, brand strategy, content strategy, seo</p><p>Experience</p><p>Utilized content strategy, seo, brand strategy to support key business objectives and improve team performance.</p><p>Utilized copywriting, google analytics, email marketing to support key business objectives and improve team performance.</p><p>Utilized copywriting, digital marketing, seo to support key business objectives and improve team performance.</p><p>Education</p><p>Bachelor of Science in Design</p></body></html>",DIGITAL-MEDIA
164,"Sofia Lopez
Summary
Detail-oriented legal counsel offering 7+ years of hands-on expertise and a strong record of measurable results.

Skills
compliance, legal writing, litigation, contract review, westlaw, client counseling, negotiation, legal research

Experience
Utilized negotiation, legal research, westlaw to support key business objectives and improve team performance.
Utilized negotiation, westlaw, client counseling to support key business objectives and improve team performance.

Education
Bachelor of Arts in Accounting","<html><body><p>Sofia Lopez</p><p>Summary</p><p>Detail-oriented legal counsel offering 7+ years of hands-on expertise and a strong record of measurable results.</p><p>Skills</p><p>compliance, legal writing, litigation, contract review, westlaw, client counseling, negotiation, legal research</p><p>Experience</p><p>Utilized negotiation, legal research, westlaw to support key business objectives and improve team performance.</p><p>Utilized negotiation, westlaw, client counseling to support key business objectives and improve team performance.</p><p>Education</p><p>Bachelor of Arts in Accounting</p></body></html>",ADVOCATE
317,"Taylor Nguyen
Summary
Detail-oriented sales representative offering 8+ years of hands-on expertise and a strong record of measurable results.

Skills
prospecting, upselling, client relationship, negotiation, sales, quota attainment, closing deals, cold calling, crm, salesforce

Experience
Utilized prospecting, sales, quota attainment to support key business objectives and improve team performance.
Utilized closing deals, quota attainment, prospecting to support key business objectives and improve team performance.

Education
Bachelor of Arts in Education","<html><body><p>Taylor Nguyen</p><p>Summary</p><p>Detail-oriented sales representative offering 8+ years of hands-on expertise and a strong record of measurable results.</p><p>Skills</p><p>prospecting, upselling, client relationship, negotiation, sales, quota attainment, closing deals, cold calling, crm, salesforce</p><p>Experience</p><p>Utilized prospecting, sales, quota attainment to support key business objectives and improve team performance.</p><p>Utilized closing deals, quota attainment, prospecting to support key business objectives and improve team performance.</p><p>Education</p><p>Bachelor of Arts in Education</p></body></html>",SALES
136,"Neha Singh
Summary
Motivated educator professional with a proven track record of 1 years managing cross-functional initiatives.

Skills
curriculum development, differentiated instruction, parent communication, tutoring, instructional design, special education, student assessment, classroom management

Experience
Utilized instructional design, differentiated instruction, parent communication to support key business objectives and improve team performance.
Utilized differentiated instruction, special education, parent communication to support key business objectives and improve team performance.
Utilized instructional design, curriculum development, parent communication to support key business objectives and improve team performance.
Utilized parent communication, curriculum development, tutoring to support key business objectives and improve team performance.

Education
Bachelor of Arts in Marketing","<html><body><p>Neha Singh</p><p>Summary</p><p>Motivated educator professional with a proven track record of 1 years managing cross-functional initiatives.</p><p>Skills</p><p>curriculum development, differentiated instruction, parent communication, tutoring, instructional design, special education, student assessment, classroom management</p><p>Experience</p><p>Utilized instructional design, differentiated instruction, parent communication to support key business objectives and improve team performance.</p><p>Utilized differentiated instruction, special education, parent communication to support key business objectives and improve team performance.</p><p>Utilized instructional design, curriculum development, parent communication to support key business objectives and improve team performance.</p><p>Utilized parent communication, curriculum development, tutoring to support key business objectives and improve team performance.</p><p>Education</p><p>Bachelor of Arts in Marketing</p></body></html>",TEACHER
410,"Omar Davis
Summary
Detail-oriented accountant offering 4+ years of hands-on expertise and a strong record of measurable results.

Skills
auditing, accounting, reconciliation, bookkeeping, quickbooks, financial statements, accounts receivable

Experience
Utilized bookkeeping, auditing, accounting to support key business objectives and improve team performance.
Utilized accounting, auditing, reconciliation to support key business objectives and improve team performance.
Utilized reconciliation, accounting, auditing to support key business objectives and improve team performance.

Education
Bachelor of Arts in Accounting","<html><body><p>Omar Davis</p><p>Summary</p><p>Detail-oriented accountant offering 4+ years of hands-on expertise and a strong record of measurable results.</p><p>Skills</p><p>auditing, accounting, reconciliation, bookkeeping, quickbooks, financial statements, accounts receivable</p><p>Experience</p><p>Utilized bookkeeping, auditing, accounting to support key business objectives and improve team performance.</p><p>Utilized accounting, auditing, reconciliation to support key business objectives and improve team performance.</p><p>Utilized reconciliation, accounting, auditing to support key business objectives and improve team performance.</p><p>Education</p><p>Bachelor of Arts in Accounting</p></body></html>",ACCOUNTANT
568,"Sofia Davis
Summary
Motivated banking associate professional with a proven track record of 4 years managing cross-functional initiatives.

Skills
kyc, risk assessment, credit analysis, compliance, underwriting, customer relationship management

Experience
Utilized underwriting, kyc, customer relationship management to support key business objectives and improve team performance.
Utilized compliance, kyc, customer relationship management to support key business objectives and improve team performance.
Utilized risk assessment, kyc, customer relationship management to support key business objectives and improve team performance.
Utilized underwriting, kyc, risk assessment to support key business objectives and improve team performance.

Education
Bachelor of Engineering in Nursing","<html><body><p>Sofia Davis</p><p>Summary</p><p>Motivated banking associate professional with a proven track record of 4 years managing cross-functional initiatives.</p><p>Skills</p><p>kyc, risk assessment, credit analysis, compliance, underwriting, customer relationship management</p><p>Experience</p><p>Utilized underwriting, kyc, customer relationship management to support key business objectives and improve team performance.</p><p>Utilized compliance, kyc, customer relationship management to support key business objectives and improve team performance.</p><p>Utilized risk assessment, kyc, customer relationship management to support key business objectives and improve team performance.</p><p>Utilized underwriting, kyc, risk assessment to support key business objectives and improve team performance.</p><p>Education</p><p>Bachelor of Engineering in Nursing</p></body></html>",BANKING
197,"Ravi Nguyen
Summary
Results-driven legal counsel with 7 years of experience delivering high-impact outcomes in fast-paced environments.

Skills
client counseling, negotiation, litigation, regulatory filings, westlaw, legal research, compliance, case management, legal writing, contract review

Experience
Utilized westlaw, client counseling, legal research to support key business objectives and improve team performance.
Utilized legal writing, contract review, case management to support key business objectives and improve team performance.
Utilized case management, client counseling, westlaw to support key business objectives and improve team performance.
Utilized regulatory filings, legal research, negotiation to support key business objectives and improve team performance.

Education
Bachelor of Engineering in Finance","<html><body><p>Ravi Nguyen</p><p>Summary</p><p>Results-driven legal counsel with 7 years of experience delivering high-impact outcomes in fast-paced environments.</p><p>Skills</p><p>client counseling, negotiation, litigation, regulatory filings, westlaw, legal research, compliance, case management, legal writing, contract review</p><p>Experience</p><p>Utilized westlaw, client counseling, legal research to support key business objectives and improve team performance.</p><p>Utilized legal writing, contract review, case management to support key business objectives and improve team performance.</p><p>Utilized case management, client counseling, westlaw to support key business objectives and improve team performance.</p><p>Utilized regulatory filings, legal research, negotiation to support key business objectives and improve team performance.</p><p>Education</p><p>Bachelor of Engineering in Finance</p></body></html>",ADVOCATE
358,"Alex Nguyen
Summary
Results-driven finance analyst with 1 years of experience delivering high-impact outcomes in fast-paced environments.

Skills
variance analysis, financial analysis, investment analysis, excel, financial modeling, budgeting, financial reporting, risk management, forecasting

Experience
Utilized risk management, financial modeling, variance analysis to support key business objectives and improve team performance.
Utilized risk management, financial reporting, excel to support key business objectives and improve team performance.
Utilized forecasting, risk management, financial analysis to support key business objectives and improve team performance.

Education
Diploma in Design","<html><body><p>Alex Nguyen</p><p>Summary</p><p>Results-driven finance analyst with 1 years of experience delivering high-impact outcomes in fast-paced environments.</p><p>Skills</p><p>variance analysis, financial analysis, investment analysis, excel, financial modeling, budgeting, financial reporting, risk management, forecasting</p><p>Experience</p><p>Utilized risk management, financial modeling, variance analysis to support key business objectives and improve team performance.</p><p>Utilized risk management, financial reporting, excel to support key business objectives and improve team performance.</p><p>Utilized forecasting, risk management, financial analysis to support key business objectives and improve team performance.</p><p>Education</p><p>Diploma in Design</p></body></html>",FINANCE
258,"Noah Garcia
Summary
Results-driven healthcare professional with 2 years of experience delivering high-impact outcomes in fast-paced environments.

Skills
patient care, medical records, vital signs monitoring, emr, hipaa, clinical, ehr

Experience
Utilized vital signs monitoring, emr, medical records to support key business objectives and improve team performance.
Utilized emr, ehr, patient care to support key business objectives and improve team performance.
Utilized hipaa, clinical, emr to support key business objectives and improve team performance.
Utilized clinical, vital signs monitoring, emr to support key business objectives and improve team performance.

Education
Bachelor of Engineering in Nursing","<html><body><p>Noah Garcia</p><p>Summary</p><p>Results-driven healthcare professional with 2 years of experience delivering high-impact outcomes in fast-paced environments.</p><p>Skills</p><p>patient care, medical records, vital signs monitoring, emr, hipaa, clinical, ehr</p><p>Experience</p><p>Utilized vital signs monitoring, emr, medical records to support key business objectives and improve team performance.</p><p>Utilized emr, ehr, patient care to support key business objectives and improve team performance.</p><p>Utilized hipaa, clinical, emr to support key business objectives and improve team performance.</p><p>Utilized clinical, vital signs monitoring, emr to support key business objectives and improve team performance.</p><p>Education</p><p>Bachelor of Engineering in Nursing</p></body></html>",HEALTHCARE
232,"Omar Chen
Summary
Detail-oriented business development manager offering 13+ years of hands-on expertise and a strong record of measurable results.

Skills
market research, client relationship, salesforce, crm, business development, partnership development, lead generation

Experience
Utilized partnership development, lead generation, business development to support key business objectives and improve team performance.
Utilized lead generation, salesforce, crm to support key business objectives and improve team performance.
Utilized client relationship, market research, lead generation to support key business objectives and improve team performance.

Education
Diploma in Finance","<html><body><p>Omar Chen</p><p>Summary</p><p>Detail-oriented business development manager offering 13+ years of hands-on expertise and a strong record of measurable results.</p><p>Skills</p><p>market research, client relationship, salesforce, crm, business development, partnership development, lead generation</p><p>Experience</p><p>Utilized partnership development, lead generation, business development to support key business objectives and improve team performance.</p><p>Utilized lead generation, salesforce, crm to support key business objectives and improve team performance.</p><p>Utilized client relationship, market research, lead generation to support key business objectives and improve team performance.</p><p>Education</p><p>Diploma in Finance</p></body></html>",BUSINESS-DEVELOPMENT
524,"Alex Kim
Summary
Results-driven aviation operations coordinator with 8 years of experience delivering high-impact outcomes in fast-paced environments.

Skills
logistics coordination, flight operations, aircraft maintenance, faa regulations, safety compliance, ground operations

Experience
Utilized safety compliance, aircraft maintenance, logistics coordination to support key business objectives and improve team performance.
Utilized ground operations, safety compliance, faa regulations to support key business objectives and improve team performance.

Education
MBA in Design","<html><body><p>Alex Kim</p><p>Summary</p><p>Results-driven aviation operations coordinator with 8 years of experience delivering high-impact outcomes in fast-paced environments.</p><p>Skills</p><p>logistics coordination, flight operations, aircraft maintenance, faa regulations, safety compliance, ground operations</p><p>Experience</p><p>Utilized safety compliance, aircraft maintenance, logistics coordination to support key business objectives and improve team performance.</p><p>Utilized ground operations, safety compliance, faa regulations to support key business objectives and improve team performance.</p><p>Education</p><p>MBA in Design</p></body></html>",AVIATION
115,"Emma Garcia
Summary
Detail-oriented product designer offering 5+ years of hands-on expertise and a strong record of measurable results.

Skills
prototyping, indesign, ui design, typography, ux design, illustrator, figma, sketch, adobe creative suite, wireframing

Experience
Utilized figma, wireframing, adobe creative suite to support key business objectives and improve team performance.
Utilized adobe creative suite, sketch, prototyping to support key business objectives and improve team performance.

Education
Bachelor of Science in Computer Science","<html><body><p>Emma Garcia</p><p>Summary</p><p>Detail-oriented product designer offering 5+ years of hands-on expertise and a strong record of measurable results.</p><p>Skills</p><p>prototyping, indesign, ui design, typography, ux design, illustrator, figma, sketch, adobe creative suite, wireframing</p><p>Experience</p><p>Utilized figma, wireframing, adobe creative suite to support key business objectives and improve team performance.</p><p>Utilized adobe creative suite, sketch, prototyping to support key business objectives and improve team performance.</p><p>Education</p><p>Bachelor of Science in Computer Science</p></body></html>",DESIGNER
120,"Jordan Johnson
Summary
Results-driven educator with 2 years of experience delivering high-impact outcomes in fast-paced environments.

Skills
lesson planning, curriculum development, classroom management, instructional design, special education, student assessment

Experience
Utilized special education, student assessment, instructional design to support key business objectives and improve team performance.
Utilized lesson planning, student assessment, special education to support key business objectives and improve team performance.
Utilized classroom management, special education, lesson planning to support key business objectives and improve team performance.
Utilized special education, student assessment, classroom management to support key business objectives and improve team performance.

Education
Bachelor of Engineering in Nursing","<html><body><p>Jordan Johnson</p><p>Summary</p><p>Results-driven educator with 2 years of experience delivering high-impact outcomes in fast-paced environments.</p><p>Skills</p><p>lesson planning, curriculum development, classroom management, instructional design, special education, student assessment</p><p>Experience</p><p>Utilized special education, student assessment, instructional design to support key business objectives and improve team performance.</p><p>Utilized lesson planning, student assessment, special education to support key business objectives and improve team performance.</p><p>Utilized classroom management, special education, lesson planning to support key business objectives and improve team performance.</p><p>Utilized special education, student assessment, classroom management to support key business objectives and improve team performance.</p><p>Education</p><p>Bachelor of Engineering in Nursing</p></body></html>",TEACHER
608,"Emma Singh
Summary
Motivated construction project manager professional with a proven track record of 6 years managing cross-functional initiatives.

Skills
site supervision, subcontractor management, blueprint reading, cost estimation, osha compliance, project scheduling

Experience
Utilized blueprint reading, osha compliance, site supervision to support key business objectives and improve team performance.
Utilized subcontractor management, project scheduling, blueprint reading to support key business objectives and improve team performance.
Utilized site supervision, subcontractor management, blueprint reading to support key business objectives and improve team performance.
Utilized osha compliance, blueprint reading, project scheduling to support key business objectives and improve team performance.

Education
Diploma in Finance","<html><body><p>Emma Singh</p><p>Summary</p><p>Motivated construction project manager professional with a proven track record of 6 years managing cross-functional initiatives.</p><p>Skills</p><p>site supervision, subcontractor management, blueprint reading, cost estimation, osha compliance, project scheduling</p><p>Experience</p><p>Utilized blueprint reading, osha compliance, site supervision to support key business objectives and improve team performance.</p><p>Utilized subcontractor management, project scheduling, blueprint reading to support key business objectives and improve team performance.</p><p>Utilized site supervision, subcontractor management, blueprint reading to support key business objectives and improve team performance.</p><p>Utilized osha compliance, blueprint reading, project scheduling to support key business objectives and improve team performance.</p><p>Education</p><p>Diploma in Finance</p></body></html>",CONSTRUCTION
282,"Ravi Khan
Summary
Detail-oriented sales representative offering 11+ years of hands-on expertise and a strong record of measurable results.

Skills
cold calling, quota attainment, upselling, crm, client relationship, sales, negotiation, prospecting, closing deals

Experience
Utilized client relationship, cold calling, upselling to support key business objectives and improve team performance.
Utilized closing deals, cold calling, crm to support key business objectives and improve team performance.
Utilized prospecting, closing deals, client relationship to support key business objectives and improve team performance.
Utilized sales, negotiation, upselling to support key business objectives and improve team performance.

Education
Bachelor of Science in Accounting","<html><body><p>Ravi Khan</p><p>Summary</p><p>Detail-oriented sales representative offering 11+ years of hands-on expertise and a strong record of measurable results.</p><p>Skills</p><p>cold calling, quota attainment, upselling, crm, client relationship, sales, negotiation, prospecting, closing deals</p><p>Experience</p><p>Utilized client relationship, cold calling, upselling to support key business objectives and improve team performance.</p><p>Utilized closing deals, cold calling, crm to support key business objectives and improve team performance.</p><p>Utilized prospecting, closing deals, client relationship to support key business objectives and improve team performance.</p><p>Utilized sales, negotiation, upselling to support key business objectives and improve team performance.</p><p>Education</p><p>Bachelor of Science in Accounting</p></body></html>",SALES
376,"Wei Patel
Summary
Motivated mechanical engineer professional with a proven track record of 3 years managing cross-functional initiatives.

Skills
process improvement, project management, matlab, autocad, manufacturing, root cause analysis, solidworks, six sigma, quality control, cad

Experience
Utilized cad, root cause analysis, matlab to support key business objectives and improve team performance.
Utilized process improvement, cad, manufacturing to support key business objectives and improve team performance.

Education
Bachelor of Engineering in Marketing","<html><body><p>Wei Patel</p><p>Summary</p><p>Motivated mechanical engineer professional with a proven track record of 3 years managing cross-functional initiatives.</p><p>Skills</p><p>process improvement, project management, matlab, autocad, manufacturing, root cause analysis, solidworks, six sigma, quality control, cad</p><p>Experience</p><p>Utilized cad, root cause analysis, matlab to support key business objectives and improve team performance.</p><p>Utilized process improvement, cad, manufacturing to support key business objectives and improve team performance.</p><p>Education</p><p>Bachelor of Engineering in Marketing</p></body></html>",ENGINEERING
384,"Sofia Lopez
Summary
Results-driven mechanical engineer with 13 years of experience delivering high-impact outcomes in fast-paced environments.

Skills
project management, root cause analysis, matlab, autocad, process improvement, quality control, six sigma, solidworks

Experience
Utilized process improvement, autocad, solidworks to support key business objectives and improve team performance.
Utilized solidworks, matlab, project management to support key business objectives and improve team performance.

Education
Diploma in Mechanical Engineering","<html><body><p>Sofia Lopez</p><p>Summary</p><p>Results-driven mechanical engineer with 13 years of experience delivering high-impact outcomes in fast-paced environments.</p><p>Skills</p><p>project management, root cause analysis, matlab, autocad, process improvement, quality control, six sigma, solidworks</p><p>Experience</p><p>Utilized process improvement, autocad, solidworks to support key business objectives and improve team performance.</p><p>Utilized solidworks, matlab, project management to support key business objectives and improve team performance.</p><p>Education</p><p>Diploma in Mechanical Engineering</p></body></html>",ENGINEERING
224,"Aisha Brown
Summary
Results-driven business development manager with 4 years of experience delivering high-impact outcomes in fast-paced environments.

Skills
crm, client relationship, salesforce, market research, business development, revenue growth, lead generation, negotiation, partnership development

Experience
Utilized crm, salesforce, market research to support key business objectives and improve team performance.
Utilized negotiation, salesforce, lead generation to support key business objectives and improve team performance.
Utilized partnership development, revenue growth, lead generation to support key business objectives and improve team performance.

Education
Diploma in Marketing","<html><body><p>Aisha Brown</p><p>Summary</p><p>Results-driven business development manager with 4 years of experience delivering high-impact outcomes in fast-paced environments.</p><p>Skills</p><p>crm, client relationship, salesforce, market research, business development, revenue growth, lead generation, negotiation, partnership development</p><p>Experience</p><p>Utilized crm, salesforce, market research to support key business objectives and improve team performance.</p><p>Utilized negotiation, salesforce, lead generation to support key business objectives and improve team performance.</p><p>Utilized partnership development, revenue growth, lead generation to support key business objectives and improve team performance.</p><p>Education</p><p>Diploma in Marketing</p></body></html>",BUSINESS-DEVELOPMENT
606,"Aisha Lopez
Summary
Motivated construction project manager professional with a proven track record of 8 years managing cross-functional initiatives.

Skills
blueprint reading, site supervision, project scheduling, cost estimation, osha compliance, subcontractor management

Experience
Utilized subcontractor management, osha compliance, blueprint reading to support key business objectives and improve team performance.
Utilized subcontractor management, osha compliance, blueprint reading to support key business objectives and improve team performance.
Utilized cost estimation, subcontractor management, blueprint reading to support key business objectives and improve team performance.

Education
Bachelor of Science in Design","<html><body><p>Aisha Lopez</p><p>Summary</p><p>Motivated construction project manager professional with a proven track record of 8 years managing cross-functional initiatives.</p><p>Skills</p><p>blueprint reading, site supervision, project scheduling, cost estimation, osha compliance, subcontractor management</p><p>Experience</p><p>Utilized subcontractor management, osha compliance, blueprint reading to support key business objectives and improve team performance.</p><p>Utilized subcontractor management, osha compliance, blueprint reading to support key business objectives and improve team performance.</p><p>Utilized cost estimation, subcontractor management, blueprint reading to support key business objectives and improve team performance.</p><p>Education</p><p>Bachelor of Science in Design</p></body></html>",CONSTRUCTION
519,"Omar Sharma
Summary
Motivated digital marketing specialist professional with a proven track record of 13 years managing cross-functional initiatives.

Skills
email marketing, campaign management, content strategy, copywriting, brand strategy, google analytics, digital marketing, seo

Experience
Utilized brand strategy, digital marketing, campaign management to support key business objectives and improve team performance.
Utilized google analytics, campaign management, brand strategy to support key business objectives and improve team performance.
Utilized brand strategy, email marketing, copywriting to support key business objectives and improve team performance.
Utilized content strategy, copywriting, google analytics to support key business objectives and improve team performance.

Education
Bachelor of Science in Marketing","<html><body><p>Omar Sharma</p><p>Summary</p><p>Motivated digital marketing specialist professional with a proven track record of 13 years managing cross-functional initiatives.</p><p>Skills</p><p>email marketing, campaign management, content strategy, copywriting, brand strategy, google analytics, digital marketing, seo</p><p>Experience</p><p>Utilized brand strategy, digital marketing, campaign management to support key business objectives and improve team performance.</p><p>Utilized google analytics, campaign management, brand strategy to support key business objectives and improve team performance.</p><p>Utilized brand strategy, email marketing, copywriting to support key business objectives and improve team performance.</p><p>Utilized content strategy, copywriting, google analytics to support key business objectives and improve team performance.</p><p>Education</p><p>Bachelor of Science in Marketing</p></body></html>",DIGITAL-MEDIA
472,"Omar Khan
Summary
Motivated management consultant professional with a proven track record of 5 years managing cross-functional initiatives.

Skills
project management, process optimization, business case development, data analysis, change management, strategy

Experience
Utilized strategy, project management, business case development to support key business objectives and improve team performance.
Utilized project management, process optimization, strategy to support key business objectives and improve team performance.
Utilized strategy, project management, process optimization to support key business objectives and improve team performance.

Education
Bachelor of Engineering in Education","<html><body><p>Omar Khan</p><p>Summary</p><p>Motivated management consultant professional with a proven track record of 5 years managing cross-functional initiatives.</p><p>Skills</p><p>project management, process optimization, business case development, data analysis, change management, strategy</p><p>Experience</p><p>Utilized strategy, project management, business case development to support key business objectives and improve team performance.</p><p>Utilized project management, process optimization, strategy to support key business objectives and improve team performance.</p><p>Utilized strategy, project management, process optimization to support key business objectives and improve team performance.</p><p>Education</p><p>Bachelor of Engineering in Education</p></body></html>",CONSULTANT
347,"Emma Singh
Summary
Results-driven finance analyst with 13 years of experience delivering high-impact outcomes in fast-paced environments.

Skills
financial modeling, financial reporting, variance analysis, forecasting, investment analysis, risk management, budgeting, financial analysis, excel

Experience
Utilized forecasting, variance analysis, financial modeling to support key business objectives and improve team performance.
Utilized forecasting, variance analysis, financial modeling to support key business objectives and improve team performance.

Education
MBA in Nursing","<html><body><p>Emma Singh</p><p>Summary</p><p>Results-driven finance analyst with 13 years of experience delivering high-impact outcomes in fast-paced environments.</p><p>Skills</p><p>financial modeling, financial reporting, variance analysis, forecasting, investment analysis, risk management, budgeting, financial analysis, excel</p><p>Experience</p><p>Utilized forecasting, variance analysis, financial modeling to support key business objectives and improve team performance.</p><p>Utilized forecasting, variance analysis, financial modeling to support key business objectives and improve team performance.</p><p>Education</p><p>MBA in Nursing</p></body></html>",FINANCE
529,"Alex Johnson
Summary
Results-driven aviation operations coordinator with 15 years of experience delivering high-impact outcomes in fast-paced environments.

Skills
faa regulations, flight operations, ground operations, safety compliance, aircraft maintenance, logistics coordination

Experience
Utilized aircraft maintenance, faa regulations, ground operations to support key business objectives and improve team performance.
Utilized flight operations, aircraft maintenance, safety compliance to support key business objectives and improve team performance.
Utilized flight operations, logistics coordination, safety compliance to support key business objectives and improve team performance.
Utilized aircraft maintenance, ground operations, logistics coordination to support key business objectives and improve team performance.

Education
Master of Science in Design","<html><body><p>Alex Johnson</p><p>Summary</p><p>Results-driven aviation operations coordinator with 15 years of experience delivering high-impact outcomes in fast-paced environments.</p><p>Skills</p><p>faa regulations, flight operations, ground operations, safety compliance, aircraft maintenance, logistics coordination</p><p>Experience</p><p>Utilized aircraft maintenance, faa regulations, ground operations to support key business objectives and improve team performance.</p><p>Utilized flight operations, aircraft maintenance, safety compliance to support key business objectives and improve team performance.</p><p>Utilized flight operations, logistics coordination, safety compliance to support key business objectives and improve team performance.</p><p>Utilized aircraft maintenance, ground operations, logistics coordination to support key business objectives and improve team performance.</p><p>Education</p><p>Master of Science in Design</p></body></html>",AVIATION
505,"Jordan Nguyen
Summary
Detail-oriented digital marketing specialist offering 4+ years of hands-on expertise and a strong record of measurable results.

Skills
seo, content strategy, brand strategy, campaign management, digital marketing, email marketing, google analytics, copywriting, social media marketing

Experience
Utilized digital marketing, copywriting, email marketing to support key business objectives and improve team performance.
Utilized brand strategy, content strategy, copywriting to support key business objectives and improve team performance.
Utilized campaign management, email marketing, social media marketing to support key business objectives and improve team performance.

Education
MBA in Accounting","<html><body><p>Jordan Nguyen</p><p>Summary</p><p>Detail-oriented digital marketing specialist offering 4+ years of hands-on expertise and a strong record of measurable results.</p><p>Skills</p><p>seo, content strategy, brand strategy, campaign management, digital marketing, email marketing, google analytics, copywriting, social media marketing</p><p>Experience</p><p>Utilized digital marketing, copywriting, email marketing to support key business objectives and improve team performance.</p><p>Utilized brand strategy, content strategy, copywriting to support key business objectives and improve team performance.</p><p>Utilized campaign management, email marketing, social media marketing to support key business objectives and improve team performance.</p><p>Education</p><p>MBA in Accounting</p></body></html>",DIGITAL-MEDIA
127,"Emma Garcia
Summary
Results-driven educator with 9 years of experience delivering high-impact outcomes in fast-paced environments.

Skills
tutoring, lesson planning, classroom management, curriculum development, differentiated instruction, student assessment, parent communication, instructional design, special education

Experience
Utilized special education, parent communication, curriculum development to support key business objectives and improve team performance.
Utilized curriculum development, parent communication, student assessment to support key business objectives and improve team performance.
Utilized classroom management, special education, student assessment to support key business objectives and improve team performance.

Education
MBA in Marketing","<html><body><p>Emma Garcia</p><p>Summary</p><p>Results-driven educator with 9 years of experience delivering high-impact outcomes in fast-paced environments.</p><p>Skills</p><p>tutoring, lesson planning, classroom management, curriculum development, differentiated instruction, student assessment, parent communication, instructional design, special education</p><p>Experience</p><p>Utilized special education, parent communication, curriculum development to support key business objectives and improve team performance.</p><p>Utilized curriculum development, parent communication, student assessment to support key business objectives and improve team performance.</p><p>Utilized classroom management, special education, student assessment to support key business objectives and improve team performance.</p><p>Education</p><p>MBA in Marketing</p></body></html>",TEACHER
629,"Wei Lopez
Summary
Motivated construction project manager professional with a proven track record of 2 years managing cross-functional initiatives.

Skills
site supervision, blueprint reading, cost estimation, project scheduling, subcontractor management, osha compliance

Experience
Utilized project scheduling, osha compliance, site supervision to support key business objectives and improve team performance.
Utilized cost estimation, osha compliance, subcontractor management to support key business objectives and improve team performance.
Utilized site supervision, project scheduling, cost estimation to support key business objectives and improve team performance.

Education
Bachelor of Science in Computer Science","<html><body><p>Wei Lopez</p><p>Summary</p><p>Motivated construction project manager professional with a proven track record of 2 years managing cross-functional initiatives.</p><p>Skills</p><p>site supervision, blueprint reading, cost estimation, project scheduling, subcontractor management, osha compliance</p><p>Experience</p><p>Utilized project scheduling, osha compliance, site supervision to support key business objectives and improve team performance.</p><p>Utilized cost estimation, osha compliance, subcontractor management to support key business objectives and improve team performance.</p><p>Utilized site supervision, project scheduling, cost estimation to support key business objectives and improve team performance.</p><p>Education</p><p>Bachelor of Science in Computer Science</p></body></html>",CONSTRUCTION
445,"Liam Nguyen
Summary
Results-driven management consultant with 14 years of experience delivering high-impact outcomes in fast-paced environments.

Skills
project management, client presentations, change management, process optimization, strategy, data analysis, stakeholder management, business case development

Experience
Utilized process optimization, project management, client presentations to support key business objectives and improve team performance.
Utilized project management, business case development, data analysis to support key business objectives and improve team performance.

Education
Diploma in Business Administration","<html><body><p>Liam Nguyen</p><p>Summary</p><p>Results-driven management consultant with 14 years of experience delivering high-impact outcomes in fast-paced environments.</p><p>Skills</p><p>project management, client presentations, change management, process optimization, strategy, data analysis, stakeholder management, business case development</p><p>Experience</p><p>Utilized process optimization, project management, client presentations to support key business objectives and improve team performance.</p><p>Utilized project management, business case development, data analysis to support key business objectives and improve team performance.</p><p>Education</p><p>Diploma in Business Administration</p></body></html>",CONSULTANT
285,"Ravi Singh
Summary
Detail-oriented sales representative offering 12+ years of hands-on expertise and a strong record of measurable results.

Skills
closing deals, quota attainment, client relationship, prospecting, crm, negotiation, cold calling

Experience
Utilized negotiation, client relationship, closing deals to support key business objectives and improve team performance.
Utilized negotiation, client relationship, closing deals to support key business objectives and improve team performance.
Utilized closing deals, quota attainment, prospecting to support key business objectives and improve team performance.
Utilized prospecting, cold calling, client relationship to support key business objectives and improve team performance.

Education
Bachelor of Arts in Mechanical Engineering","<html><body><p>Ravi Singh</p><p>Summary</p><p>Detail-oriented sales representative offering 12+ years of hands-on expertise and a strong record of measurable results.</p><p>Skills</p><p>closing deals, quota attainment, client relationship, prospecting, crm, negotiation, cold calling</p><p>Experience</p><p>Utilized negotiation, client relationship, closing deals to support key business objectives and improve team performance.</p><p>Utilized negotiation, client relationship, closing deals to support key business objectives and improve team performance.</p><p>Utilized closing deals, quota attainment, prospecting to support key business objectives and improve team performance.</p><p>Utilized prospecting, cold calling, client relationship to support key business objectives and improve team performance.</p><p>Education</p><p>Bachelor of Arts in Mechanical Engineering</p></body></html>",SALES
590,"Neha Garcia
Summary
Results-driven banking associate with 1 years of experience delivering high-impact outcomes in fast-paced environments.

Skills
underwriting, loan processing, customer relationship management, compliance, risk assessment, kyc, credit analysis

Experience
Utilized customer relationship management, compliance, loan processing to support key business objectives and improve team performance.
Utilized compliance, loan processing, customer relationship management to support key business objectives and improve team performance.

Education
Master of Science in Design","<html><body><p>Neha Garcia</p><p>Summary</p><p>Results-driven banking associate with 1 years of experience delivering high-impact outcomes in fast-paced environments.</p><p>Skills</p><p>underwriting, loan processing, customer relationship management, compliance, risk assessment, kyc, credit analysis</p><p>Experience</p><p>Utilized customer relationship management, compliance, loan processing to support key business objectives and improve team performance.</p><p>Utilized compliance, loan processing, customer relationship management to support key business objectives and improve team performance.</p><p>Education</p><p>Master of Science in Design</p></body></html>",BANKING
540,"Emma Garcia
Summary
Results-driven aviation operations coordinator with 3 years of experience delivering high-impact outcomes in fast-paced environments.

Skills
aircraft maintenance, logistics coordination, safety compliance, flight operations, faa regulations, ground operations

Experience
Utilized logistics coordination, faa regulations, safety compliance to support key business objectives and improve team performance.
Utilized safety compliance, faa regulations, flight operations to support key business objectives and improve team performance.

Education
Master of Science in Finance","<html><body><p>Emma Garcia</p><p>Summary</p><p>Results-driven aviation operations coordinator with 3 years of experience delivering high-impact outcomes in fast-paced environments.</p><p>Skills</p><p>aircraft maintenance, logistics coordination, safety compliance, flight operations, faa regulations, ground operations</p><p>Experience</p><p>Utilized logistics coordination, faa regulations, safety compliance to support key business objectives and improve team performance.</p><p>Utilized safety compliance, faa regulations, flight operations to support key business objectives and improve team performance.</p><p>Education</p><p>Master of Science in Finance</p></body></html>",AVIATION
85,"Wei Garcia
Summary
Detail-oriented product designer offering 11+ years of hands-on expertise and a strong record of measurable results.

Skills
figma, branding, ui design, sketch, adobe creative suite, indesign, ux design, photoshop

Experience
Utilized adobe creative suite, photoshop, ux design to support key business objectives and improve team performance.
Utilized branding, adobe creative suite, indesign to support key business objectives and improve team performance.
Utilized ui design, adobe creative suite, ux design to support key business objectives and improve team performance.
Utilized ui design, branding, indesign to support key business objectives and improve team performance.

Education
Master of Science in Marketing","<html><body><p>Wei Garcia</p><p>Summary</p><p>Detail-oriented product designer offering 11+ years of hands-on expertise and a strong record of measurable results.</p><p>Skills</p><p>figma, branding, ui design, sketch, adobe creative suite, indesign, ux design, photoshop</p><p>Experience</p><p>Utilized adobe creative suite, photoshop, ux design to support key business objectives and improve team performance.</p><p>Utilized branding, adobe creative suite, indesign to support key business objectives and improve team performance.</p><p>Utilized ui design, adobe creative suite, ux design to support key business objectives and improve team performance.</p><p>Utilized ui design, branding, indesign to support key business objectives and improve team performance.</p><p>Education</p><p>Master of Science in Marketing</p></body></html>",DESIGNER
242,"Priya Lopez
Summary
Results-driven healthcare professional with 7 years of experience delivering high-impact outcomes in fast-paced environments.

Skills
emr, clinical, hipaa, healthcare compliance, patient care, ehr

Experience
Utilized clinical, patient care, ehr to support key business objectives and improve team performance.
Utilized patient care, ehr, healthcare compliance to support key business objectives and improve team performance.
Utilized ehr, emr, hipaa to support key business objectives and improve team performance.
Utilized ehr, healthcare compliance, patient care to support key business objectives and improve team performance.

Education
Bachelor of Arts in Accounting","<html><body><p>Priya Lopez</p><p>Summary</p><p>Results-driven healthcare professional with 7 years of experience delivering high-impact outcomes in fast-paced environments.</p><p>Skills</p><p>emr, clinical, hipaa, healthcare compliance, patient care, ehr</p><p>Experience</p><p>Utilized clinical, patient care, ehr to support key business objectives and improve team performance.</p><p>Utilized patient care, ehr, healthcare compliance to support key business objectives and improve team performance.</p><p>Utilized ehr, emr, hipaa to support key business objectives and improve team performance.</p><p>Utilized ehr, healthcare compliance, patient care to support key business objectives and improve team performance.</p><p>Education</p><p>Bachelor of Arts in Accounting</p></body></html>",HEALTHCARE
159,"Ravi Patel
Summary
Detail-oriented educator offering 14+ years of hands-on expertise and a strong record of measurable results.

Skills
lesson planning, parent communication, differentiated instruction, classroom management, curriculum development, special education, instructional design, tutoring, student assessment

Experience
Utilized lesson planning, curriculum development, parent communication to support key business objectives and improve team performance.
Utilized classroom management, parent communication, differentiated instruction to support key business objectives and improve team performance.
Utilized curriculum development, parent communication, special education to support key business objectives and improve team performance.

Education
Diploma in Education","<html><body><p>Ravi Patel</p><p>Summary</p><p>Detail-oriented educator offering 14+ years of hands-on expertise and a strong record of measurable results.</p><p>Skills</p><p>lesson planning, parent communication, differentiated instruction, classroom management, curriculum development, special education, instructional design, tutoring, student assessment</p><p>Experience</p><p>Utilized lesson planning, curriculum development, parent communication to support key business objectives and improve team performance.</p><p>Utilized classroom management, parent communication, differentiated instruction to support key business objectives and improve team performance.</p><p>Utilized curriculum development, parent communication, special education to support key business objectives and improve team performance.</p><p>Education</p><p>Diploma in Education</p></body></html>",TEACHER
35,"Alex Kim
Summary
Motivated software engineer professional with a proven track record of 14 years managing cross-functional initiatives.

Skills
linux, agile, rest api, cloud computing, kubernetes, sql

Experience
Utilized cloud computing, linux, kubernetes to support key business objectives and improve team performance.
Utilized agile, sql, rest api to support key business objectives and improve team performance.
Utilized linux, agile, sql to support key business objectives and improve team performance.

Education
Bachelor of Science in Business Administration","<html><body><p>Alex Kim</p><p>Summary</p><p>Motivated software engineer professional with a proven track record of 14 years managing cross-functional initiatives.</p><p>Skills</p><p>linux, agile, rest api, cloud computing, kubernetes, sql</p><p>Experience</p><p>Utilized cloud computing, linux, kubernetes to support key business objectives and improve team performance.</p><p>Utilized agile, sql, rest api to support key business objectives and improve team performance.</p><p>Utilized linux, agile, sql to support key business objectives and improve team performance.</p><p>Education</p><p>Bachelor of Science in Business Administration</p></body></html>",INFORMATION-TECHNOLOGY
170,"Ravi Sharma
Summary
Motivated legal counsel professional with a proven track record of 4 years managing cross-functional initiatives.

Skills
litigation, westlaw, compliance, legal research, case management, client counseling, legal writing, negotiation, regulatory filings

Experience
Utilized negotiation, client counseling, compliance to support key business objectives and improve team performance.
Utilized compliance, case management, client counseling to support key business objectives and improve team performance.

Education
Bachelor of Engineering in Nursing","<html><body><p>Ravi Sharma</p><p>Summary</p><p>Motivated legal counsel professional with a proven track record of 4 years managing cross-functional initiatives.</p><p>Skills</p><p>litigation, westlaw, compliance, legal research, case management, client counseling, legal writing, negotiation, regulatory filings</p><p>Experience</p><p>Utilized negotiation, client counseling, compliance to support key business objectives and improve team performance.</p><p>Utilized compliance, case management, client counseling to support key business objectives and improve team performance.</p><p>Education</p><p>Bachelor of Engineering in Nursing</p></body></html>",ADVOCATE
542,"Wei Chen
Summary
Motivated aviation operations coordinator professional with a proven track record of 9 years managing cross-functional initiatives.

Skills
safety compliance, aircraft maintenance, faa regulations, ground operations, flight operations, logistics coordination

Experience
Utilized faa regulations, logistics coordination, flight operations to support key business objectives and improve team performance.
Utilized ground operations, aircraft maintenance, flight operations to support key business objectives and improve team performance.

Education
Bachelor of Science in Nursing","<html><body><p>Wei Chen</p><p>Summary</p><p>Motivated aviation operations coordinator professional with a proven track record of 9 years managing cross-functional initiatives.</p><p>Skills</p><p>safety compliance, aircraft maintenance, faa regulations, ground operations, flight operations, logistics coordination</p><p>Experience</p><p>Utilized faa regulations, logistics coordination, flight operations to support key business objectives and improve team performance.</p><p>Utilized ground operations, aircraft maintenance, flight operations to support key business objectives and improve team performance.</p><p>Education</p><p>Bachelor of Science in Nursing</p></body></html>",AVIATION
534,"Liam Khan
Summary
Detail-oriented aviation operations coordinator offering 7+ years of hands-on expertise and a strong record of measurable results.

Skills
ground operations, aircraft maintenance, flight operations, faa regulations, safety compliance, logistics coordination

Experience
Utilized ground operations, safety compliance, flight operations to support key business objectives and improve team performance.
Utilized flight operations, aircraft maintenance, logistics coordination to support key business objectives and improve team performance.
Utilized faa regulations, ground operations, aircraft maintenance to support key business objectives and improve team performance.

Education
Bachelor of Arts in Business Administration","<html><body><p>Liam Khan</p><p>Summary</p><p>Detail-oriented aviation operations coordinator offering 7+ years of hands-on expertise and a strong record of measurable results.</p><p>Skills</p><p>ground operations, aircraft maintenance, flight operations, faa regulations, safety compliance, logistics coordination</p><p>Experience</p><p>Utilized ground operations, safety compliance, flight operations to support key business objectives and improve team performance.</p><p>Utilized flight operations, aircraft maintenance, logistics coordination to support key business objectives and improve team performance.</p><p>Utilized faa regulations, ground operations, aircraft maintenance to support key business objectives and improve team performance.</p><p>Education</p><p>Bachelor of Arts in Business Administration</p></body></html>",AVIATION
600,"Omar Nguyen
Summary
Results-driven construction project manager with 2 years of experience delivering high-impact outcomes in fast-paced environments.

Skills
osha compliance, site supervision, project scheduling, subcontractor management, cost estimation, blueprint reading

Experience
Utilized project scheduling, blueprint reading, cost estimation to support key business objectives and improve team performance.
Utilized subcontractor management, blueprint reading, osha compliance to support key business objectives and improve team performance.
Utilized site supervision, cost estimation, blueprint reading to support key business objectives and improve team performance.

Education
Diploma in Accounting","<html><body><p>Omar Nguyen</p><p>Summary</p><p>Results-driven construction project manager with 2 years of experience delivering high-impact outcomes in fast-paced environments.</p><p>Skills</p><p>osha compliance, site supervision, project scheduling, subcontractor management, cost estimation, blueprint reading</p><p>Experience</p><p>Utilized project scheduling, blueprint reading, cost estimation to support key business objectives and improve team performance.</p><p>Utilized subcontractor management, blueprint reading, osha compliance to support key business objectives and improve team performance.</p><p>Utilized site supervision, cost estimation, blueprint reading to support key business objectives and improve team performance.</p><p>Education</p><p>Diploma in Accounting</p></body></html>",CONSTRUCTION
95,"Emma Khan
Summary
Motivated product designer professional with a proven track record of 8 years managing cross-functional initiatives.

Skills
wireframing, sketch, typography, indesign, prototyping, graphic design, illustrator, figma, ui design, ux design

Experience
Utilized prototyping, ux design, sketch to support key business objectives and improve team performance.
Utilized ux design, ui design, illustrator to support key business objectives and improve team performance.
Utilized illustrator, graphic design, typography to support key business objectives and improve team performance.
Utilized prototyping, wireframing, ux design to support key business objectives and improve team performance.

Education
Bachelor of Engineering in Education","<html><body><p>Emma Khan</p><p>Summary</p><p>Motivated product designer professional with a proven track record of 8 years managing cross-functional initiatives.</p><p>Skills</p><p>wireframing, sketch, typography, indesign, prototyping, graphic design, illustrator, figma, ui design, ux design</p><p>Experience</p><p>Utilized prototyping, ux design, sketch to support key business objectives and improve team performance.</p><p>Utilized ux design, ui design, illustrator to support key business objectives and improve team performance.</p><p>Utilized illustrator, graphic design, typography to support key business objectives and improve team performance.</p><p>Utilized prototyping, wireframing, ux design to support key business objectives and improve team performance.</p><p>Education</p><p>Bachelor of Engineering in Education</p></body></html>",DESIGNER
240,"Liam Davis
Summary
Results-driven healthcare professional with 6 years of experience delivering high-impact outcomes in fast-paced environments.

Skills
medication administration, triage, vital signs monitoring, nursing, emr, healthcare compliance, ehr

Experience
Utilized medication administration, ehr, triage to support key business objectives and improve team performance.
Utilized triage, medication administration, ehr to support key business objectives and improve team performance.
Utilized medication administration, nursing, triage to support key business objectives and improve team performance.
Utilized medication administration, ehr, emr to support key business objectives and improve team performance.

Education
Bachelor of Science in Accounting","<html><body><p>Liam Davis</p><p>Summary</p><p>Results-driven healthcare professional with 6 years of experience delivering high-impact outcomes in fast-paced environments.</p><p>Skills</p><p>medication administration, triage, vital signs monitoring, nursing, emr, healthcare compliance, ehr</p><p>Experience</p><p>Utilized medication administration, ehr, triage to support key business objectives and improve team performance.</p><p>Utilized triage, medication administration, ehr to support key business objectives and improve team performance.</p><p>Utilized medication administration, nursing, triage to support key business objectives and improve team performance.</p><p>Utilized medication administration, ehr, emr to support key business objectives and improve team performance.</p><p>Education</p><p>Bachelor of Science in Accounting</p></body></html>",HEALTHCARE
460,"Priya Garcia
Summary
Results-driven management consultant with 9 years of experience delivering high-impact outcomes in fast-paced environments.

Skills
strategy, business case development, process optimization, project management, stakeholder management, client presentations

Experience
Utilized stakeholder management, process optimization, client presentations to support key business objectives and improve team performance.
Utilized strategy, stakeholder management, process optimization to support key business objectives and improve team performance.
Utilized client presentations, business case development, project management to support key business objectives and improve team performance.
Utilized stakeholder management, process optimization, client presentations to support key business objectives and improve team performance.

Education
Bachelor of Science in Education","<html><body><p>Priya Garcia</p><p>Summary</p><p>Results-driven management consultant with 9 years of experience delivering high-impact outcomes in fast-paced environments.</p><p>Skills</p><p>strategy, business case development, process optimization, project management, stakeholder management, client presentations</p><p>Experience</p><p>Utilized stakeholder management, process optimization, client presentations to support key business objectives and improve team performance.</p><p>Utilized strategy, stakeholder management, process optimization to support key business objectives and improve team performance.</p><p>Utilized client presentations, business case development, project management to support key business objectives and improve team performance.</p><p>Utilized stakeholder management, process optimization, client presentations to support key business objectives and improve team performance.</p><p>Education</p><p>Bachelor of Science in Education</p></body></html>",CONSULTANT
556,"Liam Patel
Summary
Detail-oriented aviation operations coordinator offering 15+ years of hands-on expertise and a strong record of measurable results.

Skills
aircraft maintenance, ground operations, flight operations, safety compliance, faa regulations, logistics coordination

Experience
Utilized faa regulations, aircraft maintenance, logistics coordination to support key business objectives and improve team performance.
Utilized ground operations, logistics coordination, safety compliance to support key business objectives and improve team performance.

Education
MBA in Education","<html><body><p>Liam Patel</p><p>Summary</p><p>Detail-oriented aviation operations coordinator offering 15+ years of hands-on expertise and a strong record of measurable results.</p><p>Skills</p><p>aircraft maintenance, ground operations, flight operations, safety compliance, faa regulations, logistics coordination</p><p>Experience</p><p>Utilized faa regulations, aircraft maintenance, logistics coordination to support key business objectives and improve team performance.</p><p>Utilized ground operations, logistics coordination, safety compliance to support key business objectives and improve team performance.</p><p>Education</p><p>MBA in Education</p></body></html>",AVIATION
206,"Sofia Brown
Summary
Detail-oriented business development manager offering 4+ years of hands-on expertise and a strong record of measurable results.

Skills
business development, revenue growth, negotiation, partnership development, market research, salesforce, lead generation

Experience
Utilized partnership development, market research, salesforce to support key business objectives and improve team performance.
Utilized business development, partnership development, negotiation to support key business objectives and improve team performance.

Education
Diploma in Finance","<html><body><p>Sofia Brown</p><p>Summary</p><p>Detail-oriented business development manager offering 4+ years of hands-on expertise and a strong record of measurable results.</p><p>Skills</p><p>business development, revenue growth, negotiation, partnership development, market research, salesforce, lead generation</p><p>Experience</p><p>Utilized partnership development, market research, salesforce to support key business objectives and improve team performance.</p><p>Utilized business development, partnership development, negotiation to support key business objectives and improve team performance.</p><p>Education</p><p>Diploma in Finance</p></body></html>",BUSINESS-DEVELOPMENT
392,"Jordan Johnson
Summary
Motivated mechanical engineer professional with a proven track record of 5 years managing cross-functional initiatives.

Skills
process improvement, autocad, solidworks, cad, manufacturing, matlab

Experience
Utilized process improvement, autocad, manufacturing to support key business objectives and improve team performance.
Utilized solidworks, autocad, manufacturing to support key business objectives and improve team performance.

Education
Bachelor of Arts in Education","<html><body><p>Jordan Johnson</p><p>Summary</p><p>Motivated mechanical engineer professional with a proven track record of 5 years managing cross-functional initiatives.</p><p>Skills</p><p>process improvement, autocad, solidworks, cad, manufacturing, matlab</p><p>Experience</p><p>Utilized process improvement, autocad, manufacturing to support key business objectives and improve team performance.</p><p>Utilized solidworks, autocad, manufacturing to support key business objectives and improve team performance.</p><p>Education</p><p>Bachelor of Arts in Education</p></body></html>",ENGINEERING
397,"Neha Singh
Summary
Motivated mechanical engineer professional with a proven track record of 7 years managing cross-functional initiatives.

Skills
root cause analysis, autocad, quality control, matlab, project management, cad, six sigma

Experience
Utilized quality control, matlab, root cause analysis to support key business objectives and improve team performance.
Utilized autocad, matlab, six sigma to support key business objectives and improve team performance.
Utilized quality control, cad, root cause analysis to support key business objectives and improve team performance.

Education
Master of Science in Nursing","<html><body><p>Neha Singh</p><p>Summary</p><p>Motivated mechanical engineer professional with a proven track record of 7 years managing cross-functional initiatives.</p><p>Skills</p><p>root cause analysis, autocad, quality control, matlab, project management, cad, six sigma</p><p>Experience</p><p>Utilized quality control, matlab, root cause analysis to support key business objectives and improve team performance.</p><p>Utilized autocad, matlab, six sigma to support key business objectives and improve team performance.</p><p>Utilized quality control, cad, root cause analysis to support key business objectives and improve team performance.</p><p>Education</p><p>Master of Science in Nursing</p></body></html>",ENGINEERING
535,"Noah Sharma
Summary
Detail-oriented aviation operations coordinator offering 14+ years of hands-on expertise and a strong record of measurable results.

Skills
flight operations, ground operations, logistics coordination, aircraft maintenance, faa regulations, safety compliance

Experience
Utilized flight operations, ground operations, aircraft maintenance to support key business objectives and improve team performance.
Utilized ground operations, logistics coordination, flight operations to support key business objectives and improve team performance.

Education
Bachelor of Arts in Computer Science","<html><body><p>Noah Sharma</p><p>Summary</p><p>Detail-oriented aviation operations coordinator offering 14+ years of hands-on expertise and a strong record of measurable results.</p><p>Skills</p><p>flight operations, ground operations, logistics coordination, aircraft maintenance, faa regulations, safety compliance</p><p>Experience</p><p>Utilized flight operations, ground operations, aircraft maintenance to support key business objectives and improve team performance.</p><p>Utilized ground operations, logistics coordination, flight operations to support key business objectives and improve team performance.</p><p>Education</p><p>Bachelor of Arts in Computer Science</p></body></html>",AVIATION
217,"Sofia Garcia
Summary
Results-driven business development manager with 11 years of experience delivering high-impact outcomes in fast-paced environments.

Skills
negotiation, salesforce, business development, market research, client relationship, account management, lead generation, crm, partnership development, revenue growth

Experience
Utilized lead generation, account management, revenue growth to support key business objectives and improve team performance.
Utilized lead generation, market research, negotiation to support key business objectives and improve team performance.
Utilized salesforce, revenue growth, client relationship to support key business objectives and improve team performance.

Education
Bachelor of Arts in Business Administration","<html><body><p>Sofia Garcia</p><p>Summary</p><p>Results-driven business development manager with 11 years of experience delivering high-impact outcomes in fast-paced environments.</p><p>Skills</p><p>negotiation, salesforce, business development, market research, client relationship, account management, lead generation, crm, partnership development, revenue growth</p><p>Experience</p><p>Utilized lead generation, account management, revenue growth to support key business objectives and improve team performance.</p><p>Utilized lead generation, market research, negotiation to support key business objectives and improve team performance.</p><p>Utilized salesforce, revenue growth, client relationship to support key business objectives and improve team performance.</p><p>Education</p><p>Bachelor of Arts in Business Administration</p></body></html>",BUSINESS-DEVELOPMENT
4,"Ravi Singh
Summary
Motivated software engineer professional with a proven track record of 3 years managing cross-functional initiatives.

Skills
react, microservices, aws, agile, rest api, scrum

Experience
Utilized rest api, scrum, aws to support key business objectives and improve team performance.
Utilized scrum, rest api, agile to support key business objectives and improve team performance.
Utilized rest api, agile, aws to support key business objectives and improve team performance.
Utilized microservices, scrum, agile to support key business objectives and improve team performance.

Education
Bachelor of Arts in Mechanical Engineering","<html><body><p>Ravi Singh</p><p>Summary</p><p>Motivated software engineer professional with a proven track record of 3 years managing cross-functional initiatives.</p><p>Skills</p><p>react, microservices, aws, agile, rest api, scrum</p><p>Experience</p><p>Utilized rest api, scrum, aws to support key business objectives and improve team performance.</p><p>Utilized scrum, rest api, agile to support key business objectives and improve team performance.</p><p>Utilized rest api, agile, aws to support key business objectives and improve team performance.</p><p>Utilized microservices, scrum, agile to support key business objectives and improve team performance.</p><p>Education</p><p>Bachelor of Arts in Mechanical Engineering</p></body></html>",INFORMATION-TECHNOLOGY
567,"Jordan Johnson
Summary
Detail-oriented banking associate offering 7+ years of hands-on expertise and a strong record of measurable results.

Skills
customer relationship management, credit analysis, risk assessment, compliance, kyc, loan processing

Experience
Utilized kyc, credit analysis, customer relationship management to support key business objectives and improve team performance.
Utilized compliance, risk assessment, loan processing to support key business objectives and improve team performance.
Utilized risk assessment, loan processing, credit analysis to support key business objectives and improve team performance.
Utilized customer relationship management, risk assessment, compliance to support key business objectives and improve team performance.

Education
Bachelor of Engineering in Accounting","<html><body><p>Jordan Johnson</p><p>Summary</p><p>Detail-oriented banking associate offering 7+ years of hands-on expertise and a strong record of measurable results.</p><p>Skills</p><p>customer relationship management, credit analysis, risk assessment, compliance, kyc, loan processing</p><p>Experience</p><p>Utilized kyc, credit analysis, customer relationship management to support key business objectives and improve team performance.</p><p>Utilized compliance, risk assessment, loan processing to support key business objectives and improve team performance.</p><p>Utilized risk assessment, loan processing, credit analysis to support key business objectives and improve team performance.</p><p>Utilized customer relationship management, risk assessment, compliance to support key business objectives and improve team performance.</p><p>Education</p><p>Bachelor of Engineering in Accounting</p></body></html>",BANKING
98,"Aisha Brown
Summary
Motivated product designer professional with a proven track record of 13 years managing cross-functional initiatives.

Skills
prototyping, typography, photoshop, figma, ux design, graphic design, adobe creative suite

Experience
Utilized prototyping, photoshop, ux design to support key business objectives and improve team performance.
Utilized ux design, prototyping, photoshop to support key business objectives and improve team performance.

Education
Bachelor of Arts in Finance","<html><body><p>Aisha Brown</p><p>Summary</p><p>Motivated product designer professional with a proven track record of 13 years managing cross-functional initiatives.</p><p>Skills</p><p>prototyping, typography, photoshop, figma, ux design, graphic design, adobe creative suite</p><p>Experience</p><p>Utilized prototyping, photoshop, ux design to support key business objectives and improve team performance.</p><p>Utilized ux design, prototyping, photoshop to support key business objectives and improve team performance.</p><p>Education</p><p>Bachelor of Arts in Finance</p></body></html>",DESIGNER
406,"Alex Patel
Summary
Detail-oriented accountant offering 11+ years of hands-on expertise and a strong record of measurable results.

Skills
reconciliation, gaap, auditing, accounts payable, bookkeeping, general ledger, accounting, tax

Experience
Utilized general ledger, tax, accounts payable to support key business objectives and improve team performance.
Utilized accounts payable, tax, reconciliation to support key business objectives and improve team performance.
Utilized reconciliation, auditing, tax to support key business objectives and improve team performance.

Education
Diploma in Nursing","<html><body><p>Alex Patel</p><p>Summary</p><p>Detail-oriented accountant offering 11+ years of hands-on expertise and a strong record of measurable results.</p><p>Skills</p><p>reconciliation, gaap, auditing, accounts payable, bookkeeping, general ledger, accounting, tax</p><p>Experience</p><p>Utilized general ledger, tax, accounts payable to support key business objectives and improve team performance.</p><p>Utilized accounts payable, tax, reconciliation to support key business objectives and improve team performance.</p><p>Utilized reconciliation, auditing, tax to support key business objectives and improve team performance.</p><p>Education</p><p>Diploma in Nursing</p></body></html>",ACCOUNTANT
502,"Taylor Patel
Summary
Detail-oriented digital marketing specialist offering 4+ years of hands-on expertise and a strong record of measurable results.

Skills
seo, social media marketing, brand strategy, email marketing, content strategy, digital marketing

Experience
Utilized digital marketing, seo, brand strategy to support key business objectives and improve team performance.
Utilized seo, digital marketing, content strategy to support key business objectives and improve team performance.

Education
Master of Science in Accounting","<html><body><p>Taylor Patel</p><p>Summary</p><p>Detail-oriented digital marketing specialist offering 4+ years of hands-on expertise and a strong record of measurable results.</p><p>Skills</p><p>seo, social media marketing, brand strategy, email marketing, content strategy, digital marketing</p><p>Experience</p><p>Utilized digital marketing, seo, brand strategy to support key business objectives and improve team performance.</p><p>Utilized seo, digital marketing, content strategy to support key business objectives and improve team performance.</p><p>Education</p><p>Master of Science in Accounting</p></body></html>",DIGITAL-MEDIA
47,"Priya Singh
Summary
Motivated human resources specialist professional with a proven track record of 11 years managing cross-functional initiatives.

Skills
onboarding, labor relations, performance management, payroll, compensation, talent acquisition, training and development

Experience
Utilized onboarding, payroll, performance management to support key business objectives and improve team performance.
Utilized talent acquisition, compensation, labor relations to support key business objectives and improve team performance.
Utilized onboarding, payroll, performance management to support key business objectives and improve team performance.
Utilized compensation, performance management, payroll to support key business objectives and improve team performance.

Education
Bachelor of Engineering in Finance","<html><body><p>Priya Singh</p><p>Summary</p><p>Motivated human resources specialist professional with a proven track record of 11 years managing cross-functional initiatives.</p><p>Skills</p><p>onboarding, labor relations, performance management, payroll, compensation, talent acquisition, training and development</p><p>Experience</p><p>Utilized onboarding, payroll, performance management to support key business objectives and improve team performance.</p><p>Utilized talent acquisition, compensation, labor relations to support key business objectives and improve team performance.</p><p>Utilized onboarding, payroll, performance management to support key business objectives and improve team performance.</p><p>Utilized compensation, performance management, payroll to support key business objectives and improve team performance.</p><p>Education</p><p>Bachelor of Engineering in Finance</p></body></html>",HR
32,"Emma Singh
Summary
Detail-oriented software engineer offering 11+ years of hands-on expertise and a strong record of measurable results.

Skills
git, python, scrum, aws, java, machine learning, react, rest api, cloud computing, ci/cd

Experience
Utilized python, java, aws to support key business objectives and improve team performance.
Utilized react, aws, java to support key business objectives and improve team performance.

Education
Bachelor of Engineering in Nursing","<html><body><p>Emma Singh</p><p>Summary</p><p>Detail-oriented software engineer offering 11+ years of hands-on expertise and a strong record of measurable results.</p><p>Skills</p><p>git, python, scrum, aws, java, machine learning, react, rest api, cloud computing, ci/cd</p><p>Experience</p><p>Utilized python, java, aws to support key business objectives and improve team performance.</p><p>Utilized react, aws, java to support key business objectives and improve team performance.</p><p>Education</p><p>Bachelor of Engineering in Nursing</p></body></html>",INFORMATION-TECHNOLOGY
200,"Alex Khan
Summary
Results-driven business development manager with 14 years of experience delivering high-impact outcomes in fast-paced environments.

Skills
revenue growth, business development, lead generation, market research, account management, negotiation

Experience
Utilized lead generation, negotiation, revenue growth to support key business objectives and improve team performance.
Utilized lead generation, market research, account management to support key business objectives and improve team performance.

Education
Master of Science in Accounting","<html><body><p>Alex Khan</p><p>Summary</p><p>Results-driven business development manager with 14 years of experience delivering high-impact outcomes in fast-paced environments.</p><p>Skills</p><p>revenue growth, business development, lead generation, market research, account management, negotiation</p><p>Experience</p><p>Utilized lead generation, negotiation, revenue growth to support key business objectives and improve team performance.</p><p>Utilized lead generation, market research, account management to support key business objectives and improve team performance.</p><p>Education</p><p>Master of Science in Accounting</p></body></html>",BUSINESS-DEVELOPMENT
134,"Grace Davis
Summary
Detail-oriented educator offering 5+ years of hands-on expertise and a strong record of measurable results.

Skills
tutoring, instructional design, special education, differentiated instruction, parent communication, student assessment, curriculum development

Experience
Utilized tutoring, student assessment, curriculum development to support key business objectives and improve team performance.
Utilized differentiated instruction, parent communication, special education to support key business objectives and improve team performance.
Utilized student assessment, special education, differentiated instruction to support key business objectives and improve team performance.

Education
Bachelor of Engineering in Design","<html><body><p>Grace Davis</p><p>Summary</p><p>Detail-oriented educator offering 5+ years of hands-on expertise and a strong record of measurable results.</p><p>Skills</p><p>tutoring, instructional design, special education, differentiated instruction, parent communication, student assessment, curriculum development</p><p>Experience</p><p>Utilized tutoring, student assessment, curriculum development to support key business objectives and improve team performance.</p><p>Utilized differentiated instruction, parent communication, special education to support key business objectives and improve team performance.</p><p>Utilized student assessment, special education, differentiated instruction to support key business objectives and improve team performance.</p><p>Education</p><p>Bachelor of Engineering in Design</p></body></html>",TEACHER
27,"Sofia Brown
Summary
Motivated software engineer professional with a proven track record of 5 years managing cross-functional initiatives.

Skills
git, django, kubernetes, aws, rest api, cloud computing

Experience
Utilized git, rest api, cloud computing to support key business objectives and improve team performance.
Utilized kubernetes, django, git to support key business objectives and improve team performance.
Utilized cloud computing, git, rest api to support key business objectives and improve team performance.

Education
Master of Science in Business Administration","<html><body><p>Sofia Brown</p><p>Summary</p><p>Motivated software engineer professional with a proven track record of 5 years managing cross-functional initiatives.</p><p>Skills</p><p>git, django, kubernetes, aws, rest api, cloud computing</p><p>Experience</p><p>Utilized git, rest api, cloud computing to support key business objectives and improve team performance.</p><p>Utilized kubernetes, django, git to support key business objectives and improve team performance.</p><p>Utilized cloud computing, git, rest api to support key business objectives and improve team performance.</p><p>Education</p><p>Master of Science in Business Administration</p></body></html>",INFORMATION-TECHNOLOGY
558,"Liam Khan
Summary
Detail-oriented aviation operations coordinator offering 5+ years of hands-on expertise and a strong record of measurable results.

Skills
ground operations, logistics coordination, faa regulations, safety compliance, flight operations, aircraft maintenance

Experience
Utilized faa regulations, safety compliance, logistics coordination to support key business objectives and improve team performance.
Utilized faa regulations, logistics coordination, aircraft maintenance to support key business objectives and improve team performance.
Utilized aircraft maintenance, safety compliance, flight operations to support key business objectives and improve team performance.
Utilized aircraft maintenance, safety compliance, faa regulations to support key business objectives and improve team performance.

Education
Bachelor of Engineering in Mechanical Engineering","<html><body><p>Liam Khan</p><p>Summary</p><p>Detail-oriented aviation operations coordinator offering 5+ years of hands-on expertise and a strong record of measurable results.</p><p>Skills</p><p>ground operations, logistics coordination, faa regulations, safety compliance, flight operations, aircraft maintenance</p><p>Experience</p><p>Utilized faa regulations, safety compliance, logistics coordination to support key business objectives and improve team performance.</p><p>Utilized faa regulations, logistics coordination, aircraft maintenance to support key business objectives and improve team performance.</p><p>Utilized aircraft maintenance, safety compliance, flight operations to support key business objectives and improve team performance.</p><p>Utilized aircraft maintenance, safety compliance, faa regulations to support key business objectives and improve team performance.</p><p>Education</p><p>Bachelor of Engineering in Mechanical Engineering</p></body></html>",AVIATION
230,"Sofia Singh
Summary
Results-driven business development manager with 9 years of experience delivering high-impact outcomes in fast-paced environments.

Skills
client relationship, partnership development, market research, negotiation, account management, revenue growth, crm

Experience
Utilized market research, negotiation, crm to support key business objectives and improve team performance.
Utilized partnership development, market research, client relationship to support key business objectives and improve team performance.
Utilized client relationship, account management, partnership development to support key business objectives and improve team performance.

Education
Bachelor of Science in Nursing","<html><body><p>Sofia Singh</p><p>Summary</p><p>Results-driven business development manager with 9 years of experience delivering high-impact outcomes in fast-paced environments.</p><p>Skills</p><p>client relationship, partnership development, market research, negotiation, account management, revenue growth, crm</p><p>Experience</p><p>Utilized market research, negotiation, crm to support key business objectives and improve team performance.</p><p>Utilized partnership development, market research, client relationship to support key business objectives and improve team performance.</p><p>Utilized client relationship, account management, partnership development to support key business objectives and improve team performance.</p><p>Education</p><p>Bachelor of Science in Nursing</p></body></html>",BUSINESS-DEVELOPMENT
489,"Alex Johnson
Summary
Motivated digital marketing specialist professional with a proven track record of 13 years managing cross-functional initiatives.

Skills
google analytics, copywriting, campaign management, digital marketing, seo, content strategy, brand strategy, social media marketing

Experience
Utilized campaign management, seo, digital marketing to support key business objectives and improve team performance.
Utilized digital marketing, seo, social media marketing to support key business objectives and improve team performance.
Utilized digital marketing, seo, content strategy to support key business objectives and improve team performance.

Education
MBA in Education","<html><body><p>Alex Johnson</p><p>Summary</p><p>Motivated digital marketing specialist professional with a proven track record of 13 years managing cross-functional initiatives.</p><p>Skills</p><p>google analytics, copywriting, campaign management, digital marketing, seo, content strategy, brand strategy, social media marketing</p><p>Experience</p><p>Utilized campaign management, seo, digital marketing to support key business objectives and improve team performance.</p><p>Utilized digital marketing, seo, social media marketing to support key business objectives and improve team performance.</p><p>Utilized digital marketing, seo, content strategy to support key business objectives and improve team performance.</p><p>Education</p><p>MBA in Education</p></body></html>",DIGITAL-MEDIA
378,"Wei Chen
Summary
Motivated mechanical engineer professional with a proven track record of 7 years managing cross-functional initiatives.

Skills
autocad, project management, six sigma, root cause analysis, cad, matlab, manufacturing, quality control, process improvement

Experience
Utilized six sigma, matlab, cad to support key business objectives and improve team performance.
Utilized six sigma, root cause analysis, cad to support key business objectives and improve team performance.

Education
Bachelor of Science in Accounting","<html><body><p>Wei Chen</p><p>Summary</p><p>Motivated mechanical engineer professional with a proven track record of 7 years managing cross-functional initiatives.</p><p>Skills</p><p>autocad, project management, six sigma, root cause analysis, cad, matlab, manufacturing, quality control, process improvement</p><p>Experience</p><p>Utilized six sigma, matlab, cad to support key business objectives and improve team performance.</p><p>Utilized six sigma, root cause analysis, cad to support key business objectives and improve team performance.</p><p>Education</p><p>Bachelor of Science in Accounting</p></body></html>",ENGINEERING
288,"Alex Chen
Summary
Results-driven sales representative with 11 years of experience delivering high-impact outcomes in fast-paced environments.

Skills
negotiation, crm, upselling, quota attainment, cold calling, sales, client relationship, prospecting, salesforce

Experience
Utilized crm, salesforce, client relationship to support key business objectives and improve team performance.
Utilized upselling, client relationship, sales to support key business objectives and improve team performance.
Utilized upselling, crm, sales to support key business objectives and improve team performance.
Utilized upselling, cold calling, salesforce to support key business objectives and improve team performance.

Education
MBA in Business Administration","<html><body><p>Alex Chen</p><p>Summary</p><p>Results-driven sales representative with 11 years of experience delivering high-impact outcomes in fast-paced environments.</p><p>Skills</p><p>negotiation, crm, upselling, quota attainment, cold calling, sales, client relationship, prospecting, salesforce</p><p>Experience</p><p>Utilized crm, salesforce, client relationship to support key business objectives and improve team performance.</p><p>Utilized upselling, client relationship, sales to support key business objectives and improve team performance.</p><p>Utilized upselling, crm, sales to support key business objectives and improve team performance.</p><p>Utilized upselling, cold calling, salesforce to support key business objectives and improve team performance.</p><p>Education</p><p>MBA in Business Administration</p></body></html>",SALES
418,"Alex Sharma
Summary
Detail-oriented accountant offering 14+ years of hands-on expertise and a strong record of measurable results.

Skills
accounts receivable, auditing, gaap, tax, bookkeeping, reconciliation

Experience
Utilized tax, reconciliation, bookkeeping to support key business objectives and improve team performance.
Utilized reconciliation, gaap, tax to support key business objectives and improve team performance.
Utilized tax, gaap, accounts receivable to support key business objectives and improve team performance.

Education
Diploma in Education","<html><body><p>Alex Sharma</p><p>Summary</p><p>Detail-oriented accountant offering 14+ years of hands-on expertise and a strong record of measurable results.</p><p>Skills</p><p>accounts receivable, auditing, gaap, tax, bookkeeping, reconciliation</p><p>Experience</p><p>Utilized tax, reconciliation, bookkeeping to support key business objectives and improve team performance.</p><p>Utilized reconciliation, gaap, tax to support key business objectives and improve team performance.</p><p>Utilized tax, gaap, accounts receivable to support key business objectives and improve team performance.</p><p>Education</p><p>Diploma in Education</p></body></html>",ACCOUNTANT
391,"Ravi Garcia
Summary
Results-driven mechanical engineer with 12 years of experience delivering high-impact outcomes in fast-paced environments.

Skills
matlab, project management, process improvement, solidworks, autocad, six sigma, quality control, manufacturing, root cause analysis, cad

Experience
Utilized manufacturing, six sigma, quality control to support key business objectives and improve team performance.
Utilized solidworks, quality control, process improvement to support key business objectives and improve team performance.

Education
Bachelor of Engineering in Mechanical Engineering","<html><body><p>Ravi Garcia</p><p>Summary</p><p>Results-driven mechanical engineer with 12 years of experience delivering high-impact outcomes in fast-paced environments.</p><p>Skills</p><p>matlab, project management, process improvement, solidworks, autocad, six sigma, quality control, manufacturing, root cause analysis, cad</p><p>Experience</p><p>Utilized manufacturing, six sigma, quality control to support key business objectives and improve team performance.</p><p>Utilized solidworks, quality control, process improvement to support key business objectives and improve team performance.</p><p>Education</p><p>Bachelor of Engineering in Mechanical Engineering</p></body></html>",ENGINEERING
498,"Sofia Garcia
Summary
Results-driven digital marketing specialist with 2 years of experience delivering high-impact outcomes in fast-paced environments.

Skills
digital marketing, social media marketing, copywriting, email marketing, content strategy, brand strategy

Experience
Utilized social media marketing, copywriting, digital marketing to support key business objectives and improve team performance.
Utilized digital marketing, copywriting, brand strategy to support key business objectives and improve team performance.
Utilized brand strategy, copywriting, social media marketing to support key business objectives and improve team performance.

Education
Diploma in Education","<html><body><p>Sofia Garcia</p><p>Summary</p><p>Results-driven digital marketing specialist with 2 years of experience delivering high-impact outcomes in fast-paced environments.</p><p>Skills</p><p>digital marketing, social media marketing, copywriting, email marketing, content strategy, brand strategy</p><p>Experience</p><p>Utilized social media marketing, copywriting, digital marketing to support key business objectives and improve team performance.</p><p>Utilized digital marketing, copywriting, brand strategy to support key business objectives and improve team performance.</p><p>Utilized brand strategy, copywriting, social media marketing to support key business objectives and improve team performance.</p><p>Education</p><p>Diploma in Education</p></body></html>",DIGITAL-MEDIA
138,"Sofia Nguyen
Summary
Motivated educator professional with a proven track record of 15 years managing cross-functional initiatives.

Skills
parent communication, lesson planning, differentiated instruction, instructional design, curriculum development, student assessment, tutoring

Experience
Utilized student assessment, tutoring, lesson planning to support key business objectives and improve team performance.
Utilized parent communication, curriculum development, student assessment to support key business objectives and improve team performance.

Education
Bachelor of Arts in Design","<html><body><p>Sofia Nguyen</p><p>Summary</p><p>Motivated educator professional with a proven track record of 15 years managing cross-functional initiatives.</p><p>Skills</p><p>parent communication, lesson planning, differentiated instruction, instructional design, curriculum development, student assessment, tutoring</p><p>Experience</p><p>Utilized student assessment, tutoring, lesson planning to support key business objectives and improve team performance.</p><p>Utilized parent communication, curriculum development, student assessment to support key business objectives and improve team performance.</p><p>Education</p><p>Bachelor of Arts in Design</p></body></html>",TEACHER
62,"Grace Sharma
Summary
Results-driven human resources specialist with 1 years of experience delivering high-impact outcomes in fast-paced environments.

Skills
performance management, onboarding, talent acquisition, compensation, labor relations, recruiting, conflict resolution, payroll

Experience
Utilized labor relations, talent acquisition, conflict resolution to support key business objectives and improve team performance.
Utilized onboarding, performance management, compensation to support key business objectives and improve team performance.

Education
Master of Science in Mechanical Engineering","<html><body><p>Grace Sharma</p><p>Summary</p><p>Results-driven human resources specialist with 1 years of experience delivering high-impact outcomes in fast-paced environments.</p><p>Skills</p><p>performance management, onboarding, talent acquisition, compensation, labor relations, recruiting, conflict resolution, payroll</p><p>Experience</p><p>Utilized labor relations, talent acquisition, conflict resolution to support key business objectives and improve team performance.</p><p>Utilized onboarding, performance management, compensation to support key business objectives and improve team performance.</p><p>Education</p><p>Master of Science in Mechanical Engineering</p></body></html>",HR
471,"Ravi Chen
Summary
Motivated management consultant professional with a proven track record of 2 years managing cross-functional initiatives.

Skills
project management, change management, stakeholder management, data analysis, strategy, business case development, client presentations

Experience
Utilized change management, stakeholder management, client presentations to support key business objectives and improve team performance.
Utilized project management, change management, client presentations to support key business objectives and improve team performance.

Education
MBA in Marketing","<html><body><p>Ravi Chen</p><p>Summary</p><p>Motivated management consultant professional with a proven track record of 2 years managing cross-functional initiatives.</p><p>Skills</p><p>project management, change management, stakeholder management, data analysis, strategy, business case development, client presentations</p><p>Experience</p><p>Utilized change management, stakeholder management, client presentations to support key business objectives and improve team performance.</p><p>Utilized project management, change management, client presentations to support key business objectives and improve team performance.</p><p>Education</p><p>MBA in Marketing</p></body></html>",CONSULTANT
128,"Alex Khan
Summary
Results-driven educator with 4 years of experience delivering high-impact outcomes in fast-paced environments.

Skills
special education, curriculum development, tutoring, student assessment, lesson planning, instructional design, classroom management, differentiated instruction, parent communication

Experience
Utilized curriculum development, tutoring, differentiated instruction to support key business objectives and improve team performance.
Utilized instructional design, student assessment, differentiated instruction to support key business objectives and improve team performance.
Utilized curriculum development, lesson planning, instructional design to support key business objectives and improve team performance.
Utilized differentiated instruction, instructional design, lesson planning to support key business objectives and improve team performance.

Education
Master of Science in Business Administration","<html><body><p>Alex Khan</p><p>Summary</p><p>Results-driven educator with 4 years of experience delivering high-impact outcomes in fast-paced environments.</p><p>Skills</p><p>special education, curriculum development, tutoring, student assessment, lesson planning, instructional design, classroom management, differentiated instruction, parent communication</p><p>Experience</p><p>Utilized curriculum development, tutoring, differentiated instruction to support key business objectives and improve team performance.</p><p>Utilized instructional design, student assessment, differentiated instruction to support key business objectives and improve team performance.</p><p>Utilized curriculum development, lesson planning, instructional design to support key business objectives and improve team performance.</p><p>Utilized differentiated instruction, instructional design, lesson planning to support key business objectives and improve team performance.</p><p>Education</p><p>Master of Science in Business Administration</p></body></html>",TEACHER
622,"Taylor Patel
Summary
Detail-oriented construction project manager offering 14+ years of hands-on expertise and a strong record of measurable results.

Skills
osha compliance, cost estimation, subcontractor management, site supervision, blueprint reading, project scheduling

Experience
Utilized site supervision, cost estimation, blueprint reading to support key business objectives and improve team performance.
Utilized subcontractor management, site supervision, cost estimation to support key business objectives and improve team performance.
Utilized site supervision, subcontractor management, blueprint reading to support key business objectives and improve team performance.

Education
Diploma in Education","<html><body><p>Taylor Patel</p><p>Summary</p><p>Detail-oriented construction project manager offering 14+ years of hands-on expertise and a strong record of measurable results.</p><p>Skills</p><p>osha compliance, cost estimation, subcontractor management, site supervision, blueprint reading, project scheduling</p><p>Experience</p><p>Utilized site supervision, cost estimation, blueprint reading to support key business objectives and improve team performance.</p><p>Utilized subcontractor management, site supervision, cost estimation to support key business objectives and improve team performance.</p><p>Utilized site supervision, subcontractor management, blueprint reading to support key business objectives and improve team performance.</p><p>Education</p><p>Diploma in Education</p></body></html>",CONSTRUCTION
520,"Wei Davis
Summary
Motivated aviation operations coordinator professional with a proven track record of 2 years managing cross-functional initiatives.

Skills
aircraft maintenance, ground operations, logistics coordination, flight operations, safety compliance, faa regulations

Experience
Utilized safety compliance, flight operations, logistics coordination to support key business objectives and improve team performance.
Utilized aircraft maintenance, faa regulations, safety compliance to support key business objectives and improve team performance.
Utilized faa regulations, ground operations, safety compliance to support key business objectives and improve team performance.

Education
MBA in Business Administration","<html><body><p>Wei Davis</p><p>Summary</p><p>Motivated aviation operations coordinator professional with a proven track record of 2 years managing cross-functional initiatives.</p><p>Skills</p><p>aircraft maintenance, ground operations, logistics coordination, flight operations, safety compliance, faa regulations</p><p>Experience</p><p>Utilized safety compliance, flight operations, logistics coordination to support key business objectives and improve team performance.</p><p>Utilized aircraft maintenance, faa regulations, safety compliance to support key business objectives and improve team performance.</p><p>Utilized faa regulations, ground operations, safety compliance to support key business objectives and improve team performance.</p><p>Education</p><p>MBA in Business Administration</p></body></html>",AVIATION
64,"Emma Nguyen
Summary
Motivated human resources specialist professional with a proven track record of 2 years managing cross-functional initiatives.

Skills
performance management, recruiting, hris, employee relations, compensation, training and development

Experience
Utilized compensation, employee relations, performance management to support key business objectives and improve team performance.
Utilized employee relations, hris, compensation to support key business objectives and improve team performance.
Utilized recruiting, hris, training and development to support key business objectives and improve team performance.

Education
Bachelor of Science in Mechanical Engineering","<html><body><p>Emma Nguyen</p><p>Summary</p><p>Motivated human resources specialist professional with a proven track record of 2 years managing cross-functional initiatives.</p><p>Skills</p><p>performance management, recruiting, hris, employee relations, compensation, training and development</p><p>Experience</p><p>Utilized compensation, employee relations, performance management to support key business objectives and improve team performance.</p><p>Utilized employee relations, hris, compensation to support key business objectives and improve team performance.</p><p>Utilized recruiting, hris, training and development to support key business objectives and improve team performance.</p><p>Education</p><p>Bachelor of Science in Mechanical Engineering</p></body></html>",HR
14,"Priya Nguyen
Summary
Results-driven software engineer with 5 years of experience delivering high-impact outcomes in fast-paced environments.

Skills
aws, sql, git, scrum, cloud computing, docker, agile, kubernetes, java

Experience
Utilized cloud computing, aws, docker to support key business objectives and improve team performance.
Utilized java, cloud computing, docker to support key business objectives and improve team performance.
Utilized sql, git, kubernetes to support key business objectives and improve team performance.
Utilized sql, java, docker to support key business objectives and improve team performance.

Education
Bachelor of Engineering in Accounting","<html><body><p>Priya Nguyen</p><p>Summary</p><p>Results-driven software engineer with 5 years of experience delivering high-impact outcomes in fast-paced environments.</p><p>Skills</p><p>aws, sql, git, scrum, cloud computing, docker, agile, kubernetes, java</p><p>Experience</p><p>Utilized cloud computing, aws, docker to support key business objectives and improve team performance.</p><p>Utilized java, cloud computing, docker to support key business objectives and improve team performance.</p><p>Utilized sql, git, kubernetes to support key business objectives and improve team performance.</p><p>Utilized sql, java, docker to support key business objectives and improve team performance.</p><p>Education</p><p>Bachelor of Engineering in Accounting</p></body></html>",INFORMATION-TECHNOLOGY
156,"Alex Patel
Summary
Results-driven educator with 1 years of experience delivering high-impact outcomes in fast-paced environments.

Skills
classroom management, instructional design, special education, parent communication, student assessment, differentiated instruction, curriculum development, lesson planning

Experience
Utilized lesson planning, classroom management, special education to support key business objectives and improve team performance.
Utilized parent communication, curriculum development, instructional design to support key business objectives and improve team performance.

Education
MBA in Mechanical Engineering","<html><body><p>Alex Patel</p><p>Summary</p><p>Results-driven educator with 1 years of experience delivering high-impact outcomes in fast-paced environments.</p><p>Skills</p><p>classroom management, instructional design, special education, parent communication, student assessment, differentiated instruction, curriculum development, lesson planning</p><p>Experience</p><p>Utilized lesson planning, classroom management, special education to support key business objectives and improve team performance.</p><p>Utilized parent communication, curriculum development, instructional design to support key business objectives and improve team performance.</p><p>Education</p><p>MBA in Mechanical Engineering</p></body></html>",TEACHER
40,"Sofia Brown
Summary
Motivated human resources specialist professional with a proven track record of 12 years managing cross-functional initiatives.

Skills
onboarding, compensation, hris, performance management, labor relations, employee relations, conflict resolution, recruiting, training and development

Experience
Utilized onboarding, recruiting, training and development to support key business objectives and improve team performance.
Utilized employee relations, labor relations, hris to support key business objectives and improve team performance.
Utilized compensation, conflict resolution, recruiting to support key business objectives and improve team performance.
Utilized training and development, onboarding, employee relations to support key business objectives and improve team performance.

Education
Master of Science in Design","<html><body><p>Sofia Brown</p><p>Summary</p><p>Motivated human resources specialist professional with a proven track record of 12 years managing cross-functional initiatives.</p><p>Skills</p><p>onboarding, compensation, hris, performance management, labor relations, employee relations, conflict resolution, recruiting, training and development</p><p>Experience</p><p>Utilized onboarding, recruiting, training and development to support key business objectives and improve team performance.</p><p>Utilized employee relations, labor relations, hris to support key business objectives and improve team performance.</p><p>Utilized compensation, conflict resolution, recruiting to support key business objectives and improve team performance.</p><p>Utilized training and development, onboarding, employee relations to support key business objectives and improve team performance.</p><p>Education</p><p>Master of Science in Design</p></body></html>",HR
492,"Noah Brown
Summary
Motivated digital marketing specialist professional with a proven track record of 13 years managing cross-functional initiatives.

Skills
content strategy, brand strategy, social media marketing, digital marketing, google analytics, campaign management, copywriting

Experience
Utilized content strategy, brand strategy, copywriting to support key business objectives and improve team performance.
Utilized campaign management, google analytics, content strategy to support key business objectives and improve team performance.
Utilized content strategy, digital marketing, google analytics to support key business objectives and improve team performance.

Education
Diploma in Computer Science","<html><body><p>Noah Brown</p><p>Summary</p><p>Motivated digital marketing specialist professional with a proven track record of 13 years managing cross-functional initiatives.</p><p>Skills</p><p>content strategy, brand strategy, social media marketing, digital marketing, google analytics, campaign management, copywriting</p><p>Experience</p><p>Utilized content strategy, brand strategy, copywriting to support key business objectives and improve team performance.</p><p>Utilized campaign management, google analytics, content strategy to support key business objectives and improve team performance.</p><p>Utilized content strategy, digital marketing, google analytics to support key business objectives and improve team performance.</p><p>Education</p><p>Diploma in Computer Science</p></body></html>",DIGITAL-MEDIA
379,"Alex Sharma
Summary
Motivated mechanical engineer professional with a proven track record of 15 years managing cross-functional initiatives.

Skills
manufacturing, quality control, autocad, root cause analysis, six sigma, matlab, cad, process improvement, project management

Experience
Utilized cad, matlab, project management to support key business objectives and improve team performance.
Utilized root cause analysis, six sigma, manufacturing to support key business objectives and improve team performance.
Utilized autocad, quality control, project management to support key business objectives and improve team performance.
Utilized quality control, cad, matlab to support key business objectives and improve team performance.

Education
Master of Science in Finance","<html><body><p>Alex Sharma</p><p>Summary</p><p>Motivated mechanical engineer professional with a proven track record of 15 years managing cross-functional initiatives.</p><p>Skills</p><p>manufacturing, quality control, autocad, root cause analysis, six sigma, matlab, cad, process improvement, project management</p><p>Experience</p><p>Utilized cad, matlab, project management to support key business objectives and improve team performance.</p><p>Utilized root cause analysis, six sigma, manufacturing to support key business objectives and improve team performance.</p><p>Utilized autocad, quality control, project management to support key business objectives and improve team performance.</p><p>Utilized quality control, cad, matlab to support key business objectives and improve team performance.</p><p>Education</p><p>Master of Science in Finance</p></body></html>",ENGINEERING
187,"Emma Davis
Summary
Results-driven legal counsel with 1 years of experience delivering high-impact outcomes in fast-paced environments.

Skills
client counseling, regulatory filings, contract review, case management, compliance, westlaw, legal research, litigation, negotiation

Experience
Utilized negotiation, client counseling, legal research to support key business objectives and improve team performance.
Utilized regulatory filings, compliance, litigation to support key business objectives and improve team performance.

Education
Bachelor of Engineering in Design","<html><body><p>Emma Davis</p><p>Summary</p><p>Results-driven legal counsel with 1 years of experience delivering high-impact outcomes in fast-paced environments.</p><p>Skills</p><p>client counseling, regulatory filings, contract review, case management, compliance, westlaw, legal research, litigation, negotiation</p><p>Experience</p><p>Utilized negotiation, client counseling, legal research to support key business objectives and improve team performance.</p><p>Utilized regulatory filings, compliance, litigation to support key business objectives and improve team performance.</p><p>Education</p><p>Bachelor of Engineering in Design</p></body></html>",ADVOCATE
216,"Jordan Chen
Summary
Detail-oriented business development manager offering 1+ years of hands-on expertise and a strong record of measurable results.

Skills
partnership development, market research, lead generation, business development, crm, client relationship, account management

Experience
Utilized client relationship, crm, lead generation to support key business objectives and improve team performance.
Utilized client relationship, crm, partnership development to support key business objectives and improve team performance.
Utilized account management, market research, business development to support key business objectives and improve team performance.
Utilized business development, partnership development, market research to support key business objectives and improve team performance.

Education
Bachelor of Engineering in Design","<html><body><p>Jordan Chen</p><p>Summary</p><p>Detail-oriented business development manager offering 1+ years of hands-on expertise and a strong record of measurable results.</p><p>Skills</p><p>partnership development, market research, lead generation, business development, crm, client relationship, account management</p><p>Experience</p><p>Utilized client relationship, crm, lead generation to support key business objectives and improve team performance.</p><p>Utilized client relationship, crm, partnership development to support key business objectives and improve team performance.</p><p>Utilized account management, market research, business development to support key business objectives and improve team performance.</p><p>Utilized business development, partnership development, market research to support key business objectives and improve team performance.</p><p>Education</p><p>Bachelor of Engineering in Design</p></body></html>",BUSINESS-DEVELOPMENT
52,"Alex Kim
Summary
Results-driven human resources specialist with 8 years of experience delivering high-impact outcomes in fast-paced environments.

Skills
payroll, conflict resolution, onboarding, compensation, talent acquisition, hris, training and development, recruiting, labor relations, benefits administration

Experience
Utilized onboarding, training and development, recruiting to support key business objectives and improve team performance.
Utilized hris, labor relations, training and development to support key business objectives and improve team performance.
Utilized benefits administration, onboarding, training and development to support key business objectives and improve team performance.
Utilized conflict resolution, recruiting, training and development to support key business objectives and improve team performance.

Education
Bachelor of Science in Mechanical Engineering","<html><body><p>Alex Kim</p><p>Summary</p><p>Results-driven human resources specialist with 8 years of experience delivering high-impact outcomes in fast-paced environments.</p><p>Skills</p><p>payroll, conflict resolution, onboarding, compensation, talent acquisition, hris, training and development, recruiting, labor relations, benefits administration</p><p>Experience</p><p>Utilized onboarding, training and development, recruiting to support key business objectives and improve team performance.</p><p>Utilized hris, labor relations, training and development to support key business objectives and improve team performance.</p><p>Utilized benefits administration, onboarding, training and development to support key business objectives and improve team performance.</p><p>Utilized conflict resolution, recruiting, training and development to support key business objectives and improve team performance.</p><p>Education</p><p>Bachelor of Science in Mechanical Engineering</p></body></html>",HR
337,"Noah Khan
Summary
Results-driven finance analyst with 12 years of experience delivering high-impact outcomes in fast-paced environments.

Skills
excel, budgeting, investment analysis, forecasting, risk management, financial reporting

Experience
Utilized excel, budgeting, risk management to support key business objectives and improve team performance.
Utilized investment analysis, forecasting, risk management to support key business objectives and improve team performance.

Education
Bachelor of Engineering in Mechanical Engineering","<html><body><p>Noah Khan</p><p>Summary</p><p>Results-driven finance analyst with 12 years of experience delivering high-impact outcomes in fast-paced environments.</p><p>Skills</p><p>excel, budgeting, investment analysis, forecasting, risk management, financial reporting</p><p>Experience</p><p>Utilized excel, budgeting, risk management to support key business objectives and improve team performance.</p><p>Utilized investment analysis, forecasting, risk management to support key business objectives and improve team performance.</p><p>Education</p><p>Bachelor of Engineering in Mechanical Engineering</p></body></html>",FINANCE
295,"Aisha Patel
Summary
Motivated sales representative professional with a proven track record of 2 years managing cross-functional initiatives.

Skills
sales, upselling, cold calling, crm, salesforce, client relationship, closing deals

Experience
Utilized closing deals, upselling, crm to support key business objectives and improve team performance.
Utilized cold calling, client relationship, crm to support key business objectives and improve team performance.

Education
MBA in Mechanical Engineering","<html><body><p>Aisha Patel</p><p>Summary</p><p>Motivated sales representative professional with a proven track record of 2 years managing cross-functional initiatives.</p><p>Skills</p><p>sales, upselling, cold calling, crm, salesforce, client relationship, closing deals</p><p>Experience</p><p>Utilized closing deals, upselling, crm to support key business objectives and improve team performance.</p><p>Utilized cold calling, client relationship, crm to support key business objectives and improve team performance.</p><p>Education</p><p>MBA in Mechanical Engineering</p></body></html>",SALES
251,"Emma Khan
Summary
Results-driven healthcare professional with 11 years of experience delivering high-impact outcomes in fast-paced environments.

Skills
medication administration, vital signs monitoring, emr, triage, healthcare compliance, ehr, clinical

Experience
Utilized emr, vital signs monitoring, medication administration to support key business objectives and improve team performance.
Utilized emr, vital signs monitoring, healthcare compliance to support key business objectives and improve team performance.

Education
Bachelor of Engineering in Accounting","<html><body><p>Emma Khan</p><p>Summary</p><p>Results-driven healthcare professional with 11 years of experience delivering high-impact outcomes in fast-paced environments.</p><p>Skills</p><p>medication administration, vital signs monitoring, emr, triage, healthcare compliance, ehr, clinical</p><p>Experience</p><p>Utilized emr, vital signs monitoring, medication administration to support key business objectives and improve team performance.</p><p>Utilized emr, vital signs monitoring, healthcare compliance to support key business objectives and improve team performance.</p><p>Education</p><p>Bachelor of Engineering in Accounting</p></body></html>",HEALTHCARE
461,"Wei Sharma
Summary
Detail-oriented management consultant offering 9+ years of hands-on expertise and a strong record of measurable results.

Skills
stakeholder management, project management, strategy, process optimization, change management, business case development

Experience
Utilized business case development, process optimization, strategy to support key business objectives and improve team performance.
Utilized business case development, change management, project management to support key business objectives and improve team performance.
Utilized process optimization, project management, strategy to support key business objectives and improve team performance.
Utilized strategy, project management, process optimization to support key business objectives and improve team performance.

Education
MBA in Business Administration","<html><body><p>Wei Sharma</p><p>Summary</p><p>Detail-oriented management consultant offering 9+ years of hands-on expertise and a strong record of measurable results.</p><p>Skills</p><p>stakeholder management, project management, strategy, process optimization, change management, business case development</p><p>Experience</p><p>Utilized business case development, process optimization, strategy to support key business objectives and improve team performance.</p><p>Utilized business case development, change management, project management to support key business objectives and improve team performance.</p><p>Utilized process optimization, project management, strategy to support key business objectives and improve team performance.</p><p>Utilized strategy, project management, process optimization to support key business objectives and improve team performance.</p><p>Education</p><p>MBA in Business Administration</p></body></html>",CONSULTANT
455,"Priya Kim
Summary
Motivated management consultant professional with a proven track record of 8 years managing cross-functional initiatives.

Skills
change management, stakeholder management, process optimization, project management, client presentations, data analysis, business case development

Experience
Utilized stakeholder management, process optimization, project management to support key business objectives and improve team performance.
Utilized process optimization, business case development, data analysis to support key business objectives and improve team performance.
Utilized change management, business case development, data analysis to support key business objectives and improve team performance.

Education
MBA in Business Administration","<html><body><p>Priya Kim</p><p>Summary</p><p>Motivated management consultant professional with a proven track record of 8 years managing cross-functional initiatives.</p><p>Skills</p><p>change management, stakeholder management, process optimization, project management, client presentations, data analysis, business case development</p><p>Experience</p><p>Utilized stakeholder management, process optimization, project management to support key business objectives and improve team performance.</p><p>Utilized process optimization, business case development, data analysis to support key business objectives and improve team performance.</p><p>Utilized change management, business case development, data analysis to support key business objectives and improve team performance.</p><p>Education</p><p>MBA in Business Administration</p></body></html>",CONSULTANT
637,"Ravi Sharma
Summary
Results-driven construction project manager with 9 years of experience delivering high-impact outcomes in fast-paced environments.

Skills
subcontractor management, osha compliance, cost estimation, project scheduling, blueprint reading, site supervision

Experience
Utilized subcontractor management, site supervision, cost estimation to support key business objectives and improve team performance.
Utilized osha compliance, cost estimation, blueprint reading to support key business objectives and improve team performance.
Utilized project scheduling, site supervision, subcontractor management to support key business objectives and improve team performance.

Education
Bachelor of Science in Mechanical Engineering","<html><body><p>Ravi Sharma</p><p>Summary</p><p>Results-driven construction project manager with 9 years of experience delivering high-impact outcomes in fast-paced environments.</p><p>Skills</p><p>subcontractor management, osha compliance, cost estimation, project scheduling, blueprint reading, site supervision</p><p>Experience</p><p>Utilized subcontractor management, site supervision, cost estimation to support key business objectives and improve team performance.</p><p>Utilized osha compliance, cost estimation, blueprint reading to support key business objectives and improve team performance.</p><p>Utilized project scheduling, site supervision, subcontractor management to support key business objectives and improve team performance.</p><p>Education</p><p>Bachelor of Science in Mechanical Engineering</p></body></html>",CONSTRUCTION
269,"Sofia Brown
Summary
Detail-oriented healthcare professional offering 11+ years of hands-on expertise and a strong record of measurable results.

Skills
medication administration, patient care, hipaa, ehr, medical records, nursing, healthcare compliance, clinical, vital signs monitoring, emr

Experience
Utilized emr, patient care, medical records to support key business objectives and improve team performance.
Utilized nursing, medication administration, medical records to support key business objectives and improve team performance.

Education
Bachelor of Arts in Design","<html><body><p>Sofia Brown</p><p>Summary</p><p>Detail-oriented healthcare professional offering 11+ years of hands-on expertise and a strong record of measurable results.</p><p>Skills</p><p>medication administration, patient care, hipaa, ehr, medical records, nursing, healthcare compliance, clinical, vital signs monitoring, emr</p><p>Experience</p><p>Utilized emr, patient care, medical records to support key business objectives and improve team performance.</p><p>Utilized nursing, medication administration, medical records to support key business objectives and improve team performance.</p><p>Education</p><p>Bachelor of Arts in Design</p></body></html>",HEALTHCARE
201,"Ravi Johnson
Summary
Detail-oriented business development manager offering 5+ years of hands-on expertise and a strong record of measurable results.

Skills
business development, partnership development, crm, negotiation, lead generation, account management, salesforce, revenue growth, market research

Experience
Utilized market research, crm, business development to support key business objectives and improve team performance.
Utilized business development, market research, lead generation to support key business objectives and improve team performance.

Education
Diploma in Education","<html><body><p>Ravi Johnson</p><p>Summary</p><p>Detail-oriented business development manager offering 5+ years of hands-on expertise and a strong record of measurable results.</p><p>Skills</p><p>business development, partnership development, crm, negotiation, lead generation, account management, salesforce, revenue growth, market research</p><p>Experience</p><p>Utilized market research, crm, business development to support key business objectives and improve team performance.</p><p>Utilized business development, market research, lead generation to support key business objectives and improve team performance.</p><p>Education</p><p>Diploma in Education</p></body></html>",BUSINESS-DEVELOPMENT
161,"Jordan Lopez
Summary
Results-driven legal counsel with 15 years of experience delivering high-impact outcomes in fast-paced environments.

Skills
legal writing, contract review, negotiation, legal research, client counseling, compliance, westlaw, case management

Experience
Utilized legal writing, legal research, compliance to support key business objectives and improve team performance.
Utilized negotiation, client counseling, legal research to support key business objectives and improve team performance.
Utilized negotiation, legal writing, westlaw to support key business objectives and improve team performance.
Utilized compliance, contract review, westlaw to support key business objectives and improve team performance.

Education
Master of Science in Nursing","<html><body><p>Jordan Lopez</p><p>Summary</p><p>Results-driven legal counsel with 15 years of experience delivering high-impact outcomes in fast-paced environments.</p><p>Skills</p><p>legal writing, contract review, negotiation, legal research, client counseling, compliance, westlaw, case management</p><p>Experience</p><p>Utilized legal writing, legal research, compliance to support key business objectives and improve team performance.</p><p>Utilized negotiation, client counseling, legal research to support key business objectives and improve team performance.</p><p>Utilized negotiation, legal writing, westlaw to support key business objectives and improve team performance.</p><p>Utilized compliance, contract review, westlaw to support key business objectives and improve team performance.</p><p>Education</p><p>Master of Science in Nursing</p></body></html>",ADVOCATE
555,"Neha Brown
Summary
Motivated aviation operations coordinator professional with a proven track record of 8 years managing cross-functional initiatives.

Skills
ground operations, faa regulations, aircraft maintenance, logistics coordination, flight operations, safety compliance

Experience
Utilized safety compliance, ground operations, aircraft maintenance to support key business objectives and improve team performance.
Utilized ground operations, faa regulations, safety compliance to support key business objectives and improve team performance.
Utilized aircraft maintenance, faa regulations, safety compliance to support key business objectives and improve team performance.

Education
Bachelor of Science in Marketing","<html><body><p>Neha Brown</p><p>Summary</p><p>Motivated aviation operations coordinator professional with a proven track record of 8 years managing cross-functional initiatives.</p><p>Skills</p><p>ground operations, faa regulations, aircraft maintenance, logistics coordination, flight operations, safety compliance</p><p>Experience</p><p>Utilized safety compliance, ground operations, aircraft maintenance to support key business objectives and improve team performance.</p><p>Utilized ground operations, faa regulations, safety compliance to support key business objectives and improve team performance.</p><p>Utilized aircraft maintenance, faa regulations, safety compliance to support key business objectives and improve team performance.</p><p>Education</p><p>Bachelor of Science in Marketing</p></body></html>",AVIATION
401,"Grace Davis
Summary
Detail-oriented accountant offering 13+ years of hands-on expertise and a strong record of measurable results.

Skills
quickbooks, accounts payable, accounts receivable, accounting, general ledger, gaap, bookkeeping, reconciliation, tax

Experience
Utilized accounting, bookkeeping, quickbooks to support key business objectives and improve team performance.
Utilized tax, bookkeeping, accounts payable to support key business objectives and improve team performance.
Utilized reconciliation, accounts payable, accounts receivable to support key business objectives and improve team performance.

Education
MBA in Design","<html><body><p>Grace Davis</p><p>Summary</p><p>Detail-oriented accountant offering 13+ years of hands-on expertise and a strong record of measurable results.</p><p>Skills</p><p>quickbooks, accounts payable, accounts receivable, accounting, general ledger, gaap, bookkeeping, reconciliation, tax</p><p>Experience</p><p>Utilized accounting, bookkeeping, quickbooks to support key business objectives and improve team performance.</p><p>Utilized tax, bookkeeping, accounts payable to support key business objectives and improve team performance.</p><p>Utilized reconciliation, accounts payable, accounts receivable to support key business objectives and improve team performance.</p><p>Education</p><p>MBA in Design</p></body></html>",ACCOUNTANT
476,"Noah Kim
Summary
Detail-oriented management consultant offering 7+ years of hands-on expertise and a strong record of measurable results.

Skills
stakeholder management, strategy, business case development, project management, change management, process optimization

Experience
Utilized process optimization, business case development, strategy to support key business objectives and improve team performance.
Utilized process optimization, stakeholder management, business case development to support key business objectives and improve team performance.
Utilized project management, change management, stakeholder management to support key business objectives and improve team performance.

Education
Bachelor of Arts in Education","<html><body><p>Noah Kim</p><p>Summary</p><p>Detail-oriented management consultant offering 7+ years of hands-on expertise and a strong record of measurable results.</p><p>Skills</p><p>stakeholder management, strategy, business case development, project management, change management, process optimization</p><p>Experience</p><p>Utilized process optimization, business case development, strategy to support key business objectives and improve team performance.</p><p>Utilized process optimization, stakeholder management, business case development to support key business objectives and improve team performance.</p><p>Utilized project management, change management, stakeholder management to support key business objectives and improve team performance.</p><p>Education</p><p>Bachelor of Arts in Education</p></body></html>",CONSULTANT
105,"Liam Lopez
Summary
Detail-oriented product designer offering 3+ years of hands-on expertise and a strong record of measurable results.

Skills
illustrator, adobe creative suite, typography, prototyping, figma, ui design, photoshop, branding, indesign

Experience
Utilized figma, branding, ui design to support key business objectives and improve team performance.
Utilized indesign, photoshop, figma to support key business objectives and improve team performance.

Education
Bachelor of Arts in Computer Science","<html><body><p>Liam Lopez</p><p>Summary</p><p>Detail-oriented product designer offering 3+ years of hands-on expertise and a strong record of measurable results.</p><p>Skills</p><p>illustrator, adobe creative suite, typography, prototyping, figma, ui design, photoshop, branding, indesign</p><p>Experience</p><p>Utilized figma, branding, ui design to support key business objectives and improve team performance.</p><p>Utilized indesign, photoshop, figma to support key business objectives and improve team performance.</p><p>Education</p><p>Bachelor of Arts in Computer Science</p></body></html>",DESIGNER
565,"Wei Singh
Summary
Results-driven banking associate with 4 years of experience delivering high-impact outcomes in fast-paced environments.

Skills
credit analysis, customer relationship management, kyc, risk assessment, underwriting, loan processing, compliance

Experience
Utilized kyc, risk assessment, credit analysis to support key business objectives and improve team performance.
Utilized customer relationship management, risk assessment, underwriting to support key business objectives and improve team performance.
Utilized kyc, risk assessment, compliance to support key business objectives and improve team performance.

Education
Master of Science in Nursing","<html><body><p>Wei Singh</p><p>Summary</p><p>Results-driven banking associate with 4 years of experience delivering high-impact outcomes in fast-paced environments.</p><p>Skills</p><p>credit analysis, customer relationship management, kyc, risk assessment, underwriting, loan processing, compliance</p><p>Experience</p><p>Utilized kyc, risk assessment, credit analysis to support key business objectives and improve team performance.</p><p>Utilized customer relationship management, risk assessment, underwriting to support key business objectives and improve team performance.</p><p>Utilized kyc, risk assessment, compliance to support key business objectives and improve team performance.</p><p>Education</p><p>Master of Science in Nursing</p></body></html>",BANKING
389,"Wei Chen
Summary
Detail-oriented mechanical engineer offering 15+ years of hands-on expertise and a strong record of measurable results.

Skills
autocad, root cause analysis, cad, quality control, matlab, six sigma, project management

Experience
Utilized cad, matlab, project management to support key business objectives and improve team performance.
Utilized cad, project management, autocad to support key business objectives and improve team performance.
Utilized matlab, project management, root cause analysis to support key business objectives and improve team performance.

Education
Bachelor of Arts in Marketing","<html><body><p>Wei Chen</p><p>Summary</p><p>Detail-oriented mechanical engineer offering 15+ years of hands-on expertise and a strong record of measurable results.</p><p>Skills</p><p>autocad, root cause analysis, cad, quality control, matlab, six sigma, project management</p><p>Experience</p><p>Utilized cad, matlab, project management to support key business objectives and improve team performance.</p><p>Utilized cad, project management, autocad to support key business objectives and improve team performance.</p><p>Utilized matlab, project management, root cause analysis to support key business objectives and improve team performance.</p><p>Education</p><p>Bachelor of Arts in Marketing</p></body></html>",ENGINEERING
1,"Wei Johnson
Summary
Motivated software engineer professional with a proven track record of 4 years managing cross-functional initiatives.

Skills
react, machine learning, aws, rest api, linux, docker, python, sql, scrum, kubernetes

Experience
Utilized machine learning, docker, scrum to support key business objectives and improve team performance.
Utilized kubernetes, linux, react to support key business objectives and improve team performance.
Utilized sql, scrum, machine learning to support key business objectives and improve team performance.

Education
Bachelor of Science in Business Administration","<html><body><p>Wei Johnson</p><p>Summary</p><p>Motivated software engineer professional with a proven track record of 4 years managing cross-functional initiatives.</p><p>Skills</p><p>react, machine learning, aws, rest api, linux, docker, python, sql, scrum, kubernetes</p><p>Experience</p><p>Utilized machine learning, docker, scrum to support key business objectives and improve team performance.</p><p>Utilized kubernetes, linux, react to support key business objectives and improve team performance.</p><p>Utilized sql, scrum, machine learning to support key business objectives and improve team performance.</p><p>Education</p><p>Bachelor of Science in Business Administration</p></body></html>",INFORMATION-TECHNOLOGY
596,"Ravi Khan
Summary
Motivated banking associate professional with a proven track record of 5 years managing cross-functional initiatives.

Skills
loan processing, credit analysis, customer relationship management, underwriting, risk assessment, compliance, kyc

Experience
Utilized compliance, customer relationship management, loan processing to support key business objectives and improve team performance.
Utilized kyc, underwriting, loan processing to support key business objectives and improve team performance.

Education
Bachelor of Engineering in Computer Science","<html><body><p>Ravi Khan</p><p>Summary</p><p>Motivated banking associate professional with a proven track record of 5 years managing cross-functional initiatives.</p><p>Skills</p><p>loan processing, credit analysis, customer relationship management, underwriting, risk assessment, compliance, kyc</p><p>Experience</p><p>Utilized compliance, customer relationship management, loan processing to support key business objectives and improve team performance.</p><p>Utilized kyc, underwriting, loan processing to support key business objectives and improve team performance.</p><p>Education</p><p>Bachelor of Engineering in Computer Science</p></body></html>",BANKING
561,"Neha Khan
Summary
Motivated banking associate professional with a proven track record of 4 years managing cross-functional initiatives.

Skills
underwriting, compliance, risk assessment, customer relationship management, credit analysis, loan processing, kyc

Experience
Utilized customer relationship management, kyc, compliance to support key business objectives and improve team performance.
Utilized credit analysis, compliance, kyc to support key business objectives and improve team performance.
Utilized compliance, loan processing, underwriting to support key business objectives and improve team performance.

Education
Diploma in Computer Science","<html><body><p>Neha Khan</p><p>Summary</p><p>Motivated banking associate professional with a proven track record of 4 years managing cross-functional initiatives.</p><p>Skills</p><p>underwriting, compliance, risk assessment, customer relationship management, credit analysis, loan processing, kyc</p><p>Experience</p><p>Utilized customer relationship management, kyc, compliance to support key business objectives and improve team performance.</p><p>Utilized credit analysis, compliance, kyc to support key business objectives and improve team performance.</p><p>Utilized compliance, loan processing, underwriting to support key business objectives and improve team performance.</p><p>Education</p><p>Diploma in Computer Science</p></body></html>",BANKING
80,"Ravi Davis
Summary
Motivated product designer professional with a proven track record of 7 years managing cross-functional initiatives.

Skills
ui design, wireframing, photoshop, branding, ux design, indesign, graphic design, adobe creative suite, prototyping

Experience
Utilized photoshop, adobe creative suite, ui design to support key business objectives and improve team performance.
Utilized photoshop, wireframing, adobe creative suite to support key business objectives and improve team performance.

Education
MBA in Marketing","<html><body><p>Ravi Davis</p><p>Summary</p><p>Motivated product designer professional with a proven track record of 7 years managing cross-functional initiatives.</p><p>Skills</p><p>ui design, wireframing, photoshop, branding, ux design, indesign, graphic design, adobe creative suite, prototyping</p><p>Experience</p><p>Utilized photoshop, adobe creative suite, ui design to support key business objectives and improve team performance.</p><p>Utilized photoshop, wireframing, adobe creative suite to support key business objectives and improve team performance.</p><p>Education</p><p>MBA in Marketing</p></body></html>",DESIGNER
205,"Aisha Johnson
Summary
Detail-oriented business development manager offering 15+ years of hands-on expertise and a strong record of measurable results.

Skills
partnership development, revenue growth, lead generation, client relationship, account management, negotiation, business development, market research

Experience
Utilized revenue growth, negotiation, partnership development to support key business objectives and improve team performance.
Utilized partnership development, business development, account management to support key business objectives and improve team performance.
Utilized partnership development, business development, account management to support key business objectives and improve team performance.
Utilized business development, market research, account management to support key business objectives and improve team performance.

Education
Bachelor of Arts in Finance","<html><body><p>Aisha Johnson</p><p>Summary</p><p>Detail-oriented business development manager offering 15+ years of hands-on expertise and a strong record of measurable results.</p><p>Skills</p><p>partnership development, revenue growth, lead generation, client relationship, account management, negotiation, business development, market research</p><p>Experience</p><p>Utilized revenue growth, negotiation, partnership development to support key business objectives and improve team performance.</p><p>Utilized partnership development, business development, account management to support key business objectives and improve team performance.</p><p>Utilized partnership development, business development, account management to support key business objectives and improve team performance.</p><p>Utilized business development, market research, account management to support key business objectives and improve team performance.</p><p>Education</p><p>Bachelor of Arts in Finance</p></body></html>",BUSINESS-DEVELOPMENT
34,"Alex Khan
Summary
Results-driven software engineer with 9 years of experience delivering high-impact outcomes in fast-paced environments.

Skills
react, linux, aws, kubernetes, sql, docker

Experience
Utilized sql, aws, linux to support key business objectives and improve team performance.
Utilized docker, kubernetes, react to support key business objectives and improve team performance.

Education
Master of Science in Computer Science","<html><body><p>Alex Khan</p><p>Summary</p><p>Results-driven software engineer with 9 years of experience delivering high-impact outcomes in fast-paced environments.</p><p>Skills</p><p>react, linux, aws, kubernetes, sql, docker</p><p>Experience</p><p>Utilized sql, aws, linux to support key business objectives and improve team performance.</p><p>Utilized docker, kubernetes, react to support key business objectives and improve team performance.</p><p>Education</p><p>Master of Science in Computer Science</p></body></html>",INFORMATION-TECHNOLOGY
508,"Taylor Chen
Summary
Detail-oriented digital marketing specialist offering 5+ years of hands-on expertise and a strong record of measurable results.

Skills
copywriting, brand strategy, digital marketing, social media marketing, email marketing, content strategy

Experience
Utilized social media marketing, copywriting, email marketing to support key business objectives and improve team performance.
Utilized content strategy, brand strategy, copywriting to support key business objectives and improve team performance.
Utilized brand strategy, copywriting, email marketing to support key business objectives and improve team performance.
Utilized copywriting, email marketing, digital marketing to support key business objectives and improve team performance.

Education
MBA in Nursing","<html><body><p>Taylor Chen</p><p>Summary</p><p>Detail-oriented digital marketing specialist offering 5+ years of hands-on expertise and a strong record of measurable results.</p><p>Skills</p><p>copywriting, brand strategy, digital marketing, social media marketing, email marketing, content strategy</p><p>Experience</p><p>Utilized social media marketing, copywriting, email marketing to support key business objectives and improve team performance.</p><p>Utilized content strategy, brand strategy, copywriting to support key business objectives and improve team performance.</p><p>Utilized brand strategy, copywriting, email marketing to support key business objectives and improve team performance.</p><p>Utilized copywriting, email marketing, digital marketing to support key business objectives and improve team performance.</p><p>Education</p><p>MBA in Nursing</p></body></html>",DIGITAL-MEDIA
427,"Jordan Singh
Summary
Detail-oriented accountant offering 11+ years of hands-on expertise and a strong record of measurable results.

Skills
quickbooks, accounting, auditing, gaap, reconciliation, general ledger, financial statements, tax, accounts receivable, bookkeeping

Experience
Utilized auditing, accounting, accounts receivable to support key business objectives and improve team performance.
Utilized financial statements, quickbooks, auditing to support key business objectives and improve team performance.

Education
Bachelor of Arts in Mechanical Engineering","<html><body><p>Jordan Singh</p><p>Summary</p><p>Detail-oriented accountant offering 11+ years of hands-on expertise and a strong record of measurable results.</p><p>Skills</p><p>quickbooks, accounting, auditing, gaap, reconciliation, general ledger, financial statements, tax, accounts receivable, bookkeeping</p><p>Experience</p><p>Utilized auditing, accounting, accounts receivable to support key business objectives and improve team performance.</p><p>Utilized financial statements, quickbooks, auditing to support key business objectives and improve team performance.</p><p>Education</p><p>Bachelor of Arts in Mechanical Engineering</p></body></html>",ACCOUNTANT
454,"Alex Lopez
Summary
Detail-oriented management consultant offering 7+ years of hands-on expertise and a strong record of measurable results.

Skills
project management, client presentations, strategy, process optimization, business case development, data analysis, change management, stakeholder management

Experience
Utilized business case development, strategy, change management to support key business objectives and improve team performance.
Utilized data analysis, stakeholder management, process optimization to support key business objectives and improve team performance.

Education
Bachelor of Science in Finance","<html><body><p>Alex Lopez</p><p>Summary</p><p>Detail-oriented management consultant offering 7+ years of hands-on expertise and a strong record of measurable results.</p><p>Skills</p><p>project management, client presentations, strategy, process optimization, business case development, data analysis, change management, stakeholder management</p><p>Experience</p><p>Utilized business case development, strategy, change management to support key business objectives and improve team performance.</p><p>Utilized data analysis, stakeholder management, process optimization to support key business objectives and improve team performance.</p><p>Education</p><p>Bachelor of Science in Finance</p></body></html>",CONSULTANT
366,"Ravi Garcia
Summary
Detail-oriented mechanical engineer offering 15+ years of hands-on expertise and a strong record of measurable results.

Skills
process improvement, autocad, matlab, quality control, project management, solidworks, six sigma, root cause analysis

Experience
Utilized solidworks, six sigma, root cause analysis to support key business objectives and improve team performance.
Utilized six sigma, root cause analysis, autocad to support key business objectives and improve team performance.
Utilized project management, process improvement, six sigma to support key business objectives and improve team performance.
Utilized solidworks, quality control, root cause analysis to support key business objectives and improve team performance.

Education
MBA in Nursing","<html><body><p>Ravi Garcia</p><p>Summary</p><p>Detail-oriented mechanical engineer offering 15+ years of hands-on expertise and a strong record of measurable results.</p><p>Skills</p><p>process improvement, autocad, matlab, quality control, project management, solidworks, six sigma, root cause analysis</p><p>Experience</p><p>Utilized solidworks, six sigma, root cause analysis to support key business objectives and improve team performance.</p><p>Utilized six sigma, root cause analysis, autocad to support key business objectives and improve team performance.</p><p>Utilized project management, process improvement, six sigma to support key business objectives and improve team performance.</p><p>Utilized solidworks, quality control, root cause analysis to support key business objectives and improve team performance.</p><p>Education</p><p>MBA in Nursing</p></body></html>",ENGINEERING
91,"Taylor Khan
Summary
Motivated product designer professional with a proven track record of 6 years managing cross-functional initiatives.

Skills
graphic design, prototyping, ux design, typography, photoshop, branding, wireframing

Experience
Utilized photoshop, wireframing, prototyping to support key business objectives and improve team performance.
Utilized ux design, photoshop, wireframing to support key business objectives and improve team performance.

Education
MBA in Nursing","<html><body><p>Taylor Khan</p><p>Summary</p><p>Motivated product designer professional with a proven track record of 6 years managing cross-functional initiatives.</p><p>Skills</p><p>graphic design, prototyping, ux design, typography, photoshop, branding, wireframing</p><p>Experience</p><p>Utilized photoshop, wireframing, prototyping to support key business objectives and improve team performance.</p><p>Utilized ux design, photoshop, wireframing to support key business objectives and improve team performance.</p><p>Education</p><p>MBA in Nursing</p></body></html>",DESIGNER
339,"Noah Davis
Summary
Detail-oriented finance analyst offering 2+ years of hands-on expertise and a strong record of measurable results.

Skills
excel, financial modeling, variance analysis, financial reporting, forecasting, investment analysis

Experience
Utilized excel, financial reporting, variance analysis to support key business objectives and improve team performance.
Utilized variance analysis, excel, financial modeling to support key business objectives and improve team performance.
Utilized variance analysis, financial modeling, forecasting to support key business objectives and improve team performance.

Education
Bachelor of Arts in Nursing","<html><body><p>Noah Davis</p><p>Summary</p><p>Detail-oriented finance analyst offering 2+ years of hands-on expertise and a strong record of measurable results.</p><p>Skills</p><p>excel, financial modeling, variance analysis, financial reporting, forecasting, investment analysis</p><p>Experience</p><p>Utilized excel, financial reporting, variance analysis to support key business objectives and improve team performance.</p><p>Utilized variance analysis, excel, financial modeling to support key business objectives and improve team performance.</p><p>Utilized variance analysis, financial modeling, forecasting to support key business objectives and improve team performance.</p><p>Education</p><p>Bachelor of Arts in Nursing</p></body></html>",FINANCE
564,"Omar Khan
Summary
Detail-oriented banking associate offering 12+ years of hands-on expertise and a strong record of measurable results.

Skills
risk assessment, compliance, credit analysis, kyc, loan processing, underwriting, customer relationship management

Experience
Utilized underwriting, loan processing, customer relationship management to support key business objectives and improve team performance.
Utilized compliance, risk assessment, loan processing to support key business objectives and improve team performance.

Education
Bachelor of Engineering in Computer Science","<html><body><p>Omar Khan</p><p>Summary</p><p>Detail-oriented banking associate offering 12+ years of hands-on expertise and a strong record of measurable results.</p><p>Skills</p><p>risk assessment, compliance, credit analysis, kyc, loan processing, underwriting, customer relationship management</p><p>Experience</p><p>Utilized underwriting, loan processing, customer relationship management to support key business objectives and improve team performance.</p><p>Utilized compliance, risk assessment, loan processing to support key business objectives and improve team performance.</p><p>Education</p><p>Bachelor of Engineering in Computer Science</p></body></html>",BANKING
345,"Omar Sharma
Summary
Motivated finance analyst professional with a proven track record of 1 years managing cross-functional initiatives.

Skills
investment analysis, excel, risk management, variance analysis, financial reporting, forecasting, financial analysis, financial modeling

Experience
Utilized investment analysis, financial modeling, risk management to support key business objectives and improve team performance.
Utilized financial analysis, risk management, variance analysis to support key business objectives and improve team performance.
Utilized forecasting, excel, financial reporting to support key business objectives and improve team performance.

Education
Bachelor of Arts in Nursing","<html><body><p>Omar Sharma</p><p>Summary</p><p>Motivated finance analyst professional with a proven track record of 1 years managing cross-functional initiatives.</p><p>Skills</p><p>investment analysis, excel, risk management, variance analysis, financial reporting, forecasting, financial analysis, financial modeling</p><p>Experience</p><p>Utilized investment analysis, financial modeling, risk management to support key business objectives and improve team performance.</p><p>Utilized financial analysis, risk management, variance analysis to support key business objectives and improve team performance.</p><p>Utilized forecasting, excel, financial reporting to support key business objectives and improve team performance.</p><p>Education</p><p>Bachelor of Arts in Nursing</p></body></html>",FINANCE
241,"Priya Davis
Summary
Results-driven healthcare professional with 8 years of experience delivering high-impact outcomes in fast-paced environments.

Skills
vital signs monitoring, triage, medication administration, emr, patient care, nursing, clinical, medical records, hipaa

Experience
Utilized hipaa, clinical, medical records to support key business objectives and improve team performance.
Utilized nursing, vital signs monitoring, clinical to support key business objectives and improve team performance.
Utilized patient care, vital signs monitoring, nursing to support key business objectives and improve team performance.

Education
Bachelor of Engineering in Computer Science","<html><body><p>Priya Davis</p><p>Summary</p><p>Results-driven healthcare professional with 8 years of experience delivering high-impact outcomes in fast-paced environments.</p><p>Skills</p><p>vital signs monitoring, triage, medication administration, emr, patient care, nursing, clinical, medical records, hipaa</p><p>Experience</p><p>Utilized hipaa, clinical, medical records to support key business objectives and improve team performance.</p><p>Utilized nursing, vital signs monitoring, clinical to support key business objectives and improve team performance.</p><p>Utilized patient care, vital signs monitoring, nursing to support key business objectives and improve team performance.</p><p>Education</p><p>Bachelor of Engineering in Computer Science</p></body></html>",HEALTHCARE
13,"Grace Chen
Summary
Motivated software engineer professional with a proven track record of 9 years managing cross-functional initiatives.

Skills
rest api, java, linux, agile, react, microservices

Experience
Utilized microservices, linux, java to support key business objectives and improve team performance.
Utilized linux, agile, java to support key business objectives and improve team performance.
Utilized microservices, linux, agile to support key business objectives and improve team performance.
Utilized linux, rest api, react to support key business objectives and improve team performance.

Education
Master of Science in Mechanical Engineering","<html><body><p>Grace Chen</p><p>Summary</p><p>Motivated software engineer professional with a proven track record of 9 years managing cross-functional initiatives.</p><p>Skills</p><p>rest api, java, linux, agile, react, microservices</p><p>Experience</p><p>Utilized microservices, linux, java to support key business objectives and improve team performance.</p><p>Utilized linux, agile, java to support key business objectives and improve team performance.</p><p>Utilized microservices, linux, agile to support key business objectives and improve team performance.</p><p>Utilized linux, rest api, react to support key business objectives and improve team performance.</p><p>Education</p><p>Master of Science in Mechanical Engineering</p></body></html>",INFORMATION-TECHNOLOGY
315,"Alex Brown
Summary
Motivated sales representative professional with a proven track record of 11 years managing cross-functional initiatives.

Skills
cold calling, quota attainment, crm, salesforce, client relationship, upselling, prospecting, sales, closing deals, negotiation

Experience
Utilized sales, crm, salesforce to support key business objectives and improve team performance.
Utilized crm, prospecting, client relationship to support key business objectives and improve team performance.
Utilized closing deals, sales, cold calling to support key business objectives and improve team performance.
Utilized client relationship, negotiation, sales to support key business objectives and improve team performance.

Education
Bachelor of Engineering in Marketing","<html><body><p>Alex Brown</p><p>Summary</p><p>Motivated sales representative professional with a proven track record of 11 years managing cross-functional initiatives.</p><p>Skills</p><p>cold calling, quota attainment, crm, salesforce, client relationship, upselling, prospecting, sales, closing deals, negotiation</p><p>Experience</p><p>Utilized sales, crm, salesforce to support key business objectives and improve team performance.</p><p>Utilized crm, prospecting, client relationship to support key business objectives and improve team performance.</p><p>Utilized closing deals, sales, cold calling to support key business objectives and improve team performance.</p><p>Utilized client relationship, negotiation, sales to support key business objectives and improve team performance.</p><p>Education</p><p>Bachelor of Engineering in Marketing</p></body></html>",SALES
387,"Jordan Patel
Summary
Results-driven mechanical engineer with 11 years of experience delivering high-impact outcomes in fast-paced environments.

Skills
process improvement, solidworks, cad, autocad, six sigma, project management, quality control, root cause analysis, manufacturing

Experience
Utilized quality control, manufacturing, process improvement to support key business objectives and improve team performance.
Utilized quality control, autocad, manufacturing to support key business objectives and improve team performance.
Utilized process improvement, root cause analysis, autocad to support key business objectives and improve team performance.

Education
MBA in Computer Science","<html><body><p>Jordan Patel</p><p>Summary</p><p>Results-driven mechanical engineer with 11 years of experience delivering high-impact outcomes in fast-paced environments.</p><p>Skills</p><p>process improvement, solidworks, cad, autocad, six sigma, project management, quality control, root cause analysis, manufacturing</p><p>Experience</p><p>Utilized quality control, manufacturing, process improvement to support key business objectives and improve team performance.</p><p>Utilized quality control, autocad, manufacturing to support key business objectives and improve team performance.</p><p>Utilized process improvement, root cause analysis, autocad to support key business objectives and improve team performance.</p><p>Education</p><p>MBA in Computer Science</p></body></html>",ENGINEERING
273,"Neha Davis
Summary
Results-driven healthcare professional with 1 years of experience delivering high-impact outcomes in fast-paced environments.

Skills
clinical, emr, ehr, triage, patient care, vital signs monitoring, medical records

Experience
Utilized triage, medical records, emr to support key business objectives and improve team performance.
Utilized vital signs monitoring, patient care, medical records to support key business objectives and improve team performance.

Education
Bachelor of Engineering in Computer Science","<html><body><p>Neha Davis</p><p>Summary</p><p>Results-driven healthcare professional with 1 years of experience delivering high-impact outcomes in fast-paced environments.</p><p>Skills</p><p>clinical, emr, ehr, triage, patient care, vital signs monitoring, medical records</p><p>Experience</p><p>Utilized triage, medical records, emr to support key business objectives and improve team performance.</p><p>Utilized vital signs monitoring, patient care, medical records to support key business objectives and improve team performance.</p><p>Education</p><p>Bachelor of Engineering in Computer Science</p></body></html>",HEALTHCARE
166,"Omar Brown
Summary
Motivated legal counsel professional with a proven track record of 9 years managing cross-functional initiatives.

Skills
regulatory filings, legal writing, westlaw, client counseling, litigation, case management, compliance

Experience
Utilized compliance, regulatory filings, litigation to support key business objectives and improve team performance.
Utilized litigation, compliance, client counseling to support key business objectives and improve team performance.
Utilized regulatory filings, client counseling, legal writing to support key business objectives and improve team performance.

Education
Master of Science in Accounting","<html><body><p>Omar Brown</p><p>Summary</p><p>Motivated legal counsel professional with a proven track record of 9 years managing cross-functional initiatives.</p><p>Skills</p><p>regulatory filings, legal writing, westlaw, client counseling, litigation, case management, compliance</p><p>Experience</p><p>Utilized compliance, regulatory filings, litigation to support key business objectives and improve team performance.</p><p>Utilized litigation, compliance, client counseling to support key business objectives and improve team performance.</p><p>Utilized regulatory filings, client counseling, legal writing to support key business objectives and improve team performance.</p><p>Education</p><p>Master of Science in Accounting</p></body></html>",ADVOCATE
634,"Taylor Garcia
Summary
Results-driven construction project manager with 9 years of experience delivering high-impact outcomes in fast-paced environments.

Skills
osha compliance, cost estimation, project scheduling, blueprint reading, subcontractor management, site supervision

Experience
Utilized osha compliance, site supervision, blueprint reading to support key business objectives and improve team performance.
Utilized project scheduling, subcontractor management, osha compliance to support key business objectives and improve team performance.
Utilized cost estimation, site supervision, project scheduling to support key business objectives and improve team performance.
Utilized cost estimation, project scheduling, subcontractor management to support key business objectives and improve team performance.

Education
Bachelor of Arts in Mechanical Engineering","<html><body><p>Taylor Garcia</p><p>Summary</p><p>Results-driven construction project manager with 9 years of experience delivering high-impact outcomes in fast-paced environments.</p><p>Skills</p><p>osha compliance, cost estimation, project scheduling, blueprint reading, subcontractor management, site supervision</p><p>Experience</p><p>Utilized osha compliance, site supervision, blueprint reading to support key business objectives and improve team performance.</p><p>Utilized project scheduling, subcontractor management, osha compliance to support key business objectives and improve team performance.</p><p>Utilized cost estimation, site supervision, project scheduling to support key business objectives and improve team performance.</p><p>Utilized cost estimation, project scheduling, subcontractor management to support key business objectives and improve team performance.</p><p>Education</p><p>Bachelor of Arts in Mechanical Engineering</p></body></html>",CONSTRUCTION
484,"Liam Nguyen
Summary
Detail-oriented digital marketing specialist offering 15+ years of hands-on expertise and a strong record of measurable results.

Skills
campaign management, copywriting, content strategy, email marketing, google analytics, digital marketing, social media marketing

Experience
Utilized google analytics, social media marketing, copywriting to support key business objectives and improve team performance.
Utilized campaign management, digital marketing, google analytics to support key business objectives and improve team performance.

Education
MBA in Design","<html><body><p>Liam Nguyen</p><p>Summary</p><p>Detail-oriented digital marketing specialist offering 15+ years of hands-on expertise and a strong record of measurable results.</p><p>Skills</p><p>campaign management, copywriting, content strategy, email marketing, google analytics, digital marketing, social media marketing</p><p>Experience</p><p>Utilized google analytics, social media marketing, copywriting to support key business objectives and improve team performance.</p><p>Utilized campaign management, digital marketing, google analytics to support key business objectives and improve team performance.</p><p>Education</p><p>MBA in Design</p></body></html>",DIGITAL-MEDIA
624,"Emma Patel
Summary
Results-driven construction project manager with 10 years of experience delivering high-impact outcomes in fast-paced environments.

Skills
cost estimation, osha compliance, site supervision, blueprint reading, subcontractor management, project scheduling

Experience
Utilized osha compliance, subcontractor management, cost estimation to support key business objectives and improve team performance.
Utilized subcontractor management, blueprint reading, osha compliance to support key business objectives and improve team performance.
Utilized cost estimation, blueprint reading, site supervision to support key business objectives and improve team performance.
Utilized blueprint reading, project scheduling, osha compliance to support key business objectives and improve team performance.

Education
MBA in Business Administration","<html><body><p>Emma Patel</p><p>Summary</p><p>Results-driven construction project manager with 10 years of experience delivering high-impact outcomes in fast-paced environments.</p><p>Skills</p><p>cost estimation, osha compliance, site supervision, blueprint reading, subcontractor management, project scheduling</p><p>Experience</p><p>Utilized osha compliance, subcontractor management, cost estimation to support key business objectives and improve team performance.</p><p>Utilized subcontractor management, blueprint reading, osha compliance to support key business objectives and improve team performance.</p><p>Utilized cost estimation, blueprint reading, site supervision to support key business objectives and improve team performance.</p><p>Utilized blueprint reading, project scheduling, osha compliance to support key business objectives and improve team performance.</p><p>Education</p><p>MBA in Business Administration</p></body></html>",CONSTRUCTION
504,"Wei Kim
Summary
Results-driven digital marketing specialist with 12 years of experience delivering high-impact outcomes in fast-paced environments.

Skills
email marketing, brand strategy, social media marketing, copywriting, content strategy, digital marketing, seo

Experience
Utilized digital marketing, seo, brand strategy to support key business objectives and improve team performance.
Utilized digital marketing, email marketing, seo to support key business objectives and improve team performance.

Education
Master of Science in Accounting","<html><body><p>Wei Kim</p><p>Summary</p><p>Results-driven digital marketing specialist with 12 years of experience delivering high-impact outcomes in fast-paced environments.</p><p>Skills</p><p>email marketing, brand strategy, social media marketing, copywriting, content strategy, digital marketing, seo</p><p>Experience</p><p>Utilized digital marketing, seo, brand strategy to support key business objectives and improve team performance.</p><p>Utilized digital marketing, email marketing, seo to support key business objectives and improve team performance.</p><p>Education</p><p>Master of Science in Accounting</p></body></html>",DIGITAL-MEDIA
243,"Ravi Johnson
Summary
Detail-oriented healthcare professional offering 9+ years of hands-on expertise and a strong record of measurable results.

Skills
nursing, vital signs monitoring, medication administration, medical records, emr, healthcare compliance

Experience
Utilized emr, medication administration, healthcare compliance to support key business objectives and improve team performance.
Utilized medical records, healthcare compliance, medication administration to support key business objectives and improve team performance.
Utilized emr, vital signs monitoring, healthcare compliance to support key business objectives and improve team performance.

Education
Bachelor of Engineering in Education","<html><body><p>Ravi Johnson</p><p>Summary</p><p>Detail-oriented healthcare professional offering 9+ years of hands-on expertise and a strong record of measurable results.</p><p>Skills</p><p>nursing, vital signs monitoring, medication administration, medical records, emr, healthcare compliance</p><p>Experience</p><p>Utilized emr, medication administration, healthcare compliance to support key business objectives and improve team performance.</p><p>Utilized medical records, healthcare compliance, medication administration to support key business objectives and improve team performance.</p><p>Utilized emr, vital signs monitoring, healthcare compliance to support key business objectives and improve team performance.</p><p>Education</p><p>Bachelor of Engineering in Education</p></body></html>",HEALTHCARE
566,"Noah Lopez
Summary
Results-driven banking associate with 12 years of experience delivering high-impact outcomes in fast-paced environments.

Skills
customer relationship management, credit analysis, compliance, loan processing, risk assessment, kyc, underwriting

Experience
Utilized customer relationship management, loan processing, credit analysis to support key business objectives and improve team performance.
Utilized loan processing, compliance, underwriting to support key business objectives and improve team performance.
Utilized risk assessment, customer relationship management, compliance to support key business objectives and improve team performance.
Utilized compliance, credit analysis, customer relationship management to support key business objectives and improve team performance.

Education
Bachelor of Engineering in Mechanical Engineering","<html><body><p>Noah Lopez</p><p>Summary</p><p>Results-driven banking associate with 12 years of experience delivering high-impact outcomes in fast-paced environments.</p><p>Skills</p><p>customer relationship management, credit analysis, compliance, loan processing, risk assessment, kyc, underwriting</p><p>Experience</p><p>Utilized customer relationship management, loan processing, credit analysis to support key business objectives and improve team performance.</p><p>Utilized loan processing, compliance, underwriting to support key business objectives and improve team performance.</p><p>Utilized risk assessment, customer relationship management, compliance to support key business objectives and improve team performance.</p><p>Utilized compliance, credit analysis, customer relationship management to support key business objectives and improve team performance.</p><p>Education</p><p>Bachelor of Engineering in Mechanical Engineering</p></body></html>",BANKING
562,"Jordan Khan
Summary
Motivated banking associate professional with a proven track record of 6 years managing cross-functional initiatives.

Skills
customer relationship management, kyc, credit analysis, loan processing, risk assessment, compliance, underwriting

Experience
Utilized customer relationship management, risk assessment, kyc to support key business objectives and improve team performance.
Utilized credit analysis, risk assessment, kyc to support key business objectives and improve team performance.
Utilized kyc, risk assessment, loan processing to support key business objectives and improve team performance.
Utilized underwriting, compliance, kyc to support key business objectives and improve team performance.

Education
MBA in Business Administration","<html><body><p>Jordan Khan</p><p>Summary</p><p>Motivated banking associate professional with a proven track record of 6 years managing cross-functional initiatives.</p><p>Skills</p><p>customer relationship management, kyc, credit analysis, loan processing, risk assessment, compliance, underwriting</p><p>Experience</p><p>Utilized customer relationship management, risk assessment, kyc to support key business objectives and improve team performance.</p><p>Utilized credit analysis, risk assessment, kyc to support key business objectives and improve team performance.</p><p>Utilized kyc, risk assessment, loan processing to support key business objectives and improve team performance.</p><p>Utilized underwriting, compliance, kyc to support key business objectives and improve team performance.</p><p>Education</p><p>MBA in Business Administration</p></body></html>",BANKING
189,"Jordan Kim
Summary
Results-driven legal counsel with 10 years of experience delivering high-impact outcomes in fast-paced environments.

Skills
litigation, legal research, client counseling, contract review, westlaw, compliance

Experience
Utilized legal research, contract review, compliance to support key business objectives and improve team performance.
Utilized compliance, client counseling, litigation to support key business objectives and improve team performance.
Utilized contract review, litigation, westlaw to support key business objectives and improve team performance.

Education
Bachelor of Arts in Business Administration","<html><body><p>Jordan Kim</p><p>Summary</p><p>Results-driven legal counsel with 10 years of experience delivering high-impact outcomes in fast-paced environments.</p><p>Skills</p><p>litigation, legal research, client counseling, contract review, westlaw, compliance</p><p>Experience</p><p>Utilized legal research, contract review, compliance to support key business objectives and improve team performance.</p><p>Utilized compliance, client counseling, litigation to support key business objectives and improve team performance.</p><p>Utilized contract review, litigation, westlaw to support key business objectives and improve team performance.</p><p>Education</p><p>Bachelor of Arts in Business Administration</p></body></html>",ADVOCATE
475,"Noah Kim
Summary
Detail-oriented management consultant offering 4+ years of hands-on expertise and a strong record of measurable results.

Skills
stakeholder management, process optimization, strategy, project management, business case development, data analysis, change management, client presentations

Experience
Utilized business case development, stakeholder management, client presentations to support key business objectives and improve team performance.
Utilized stakeholder management, business case development, project management to support key business objectives and improve team performance.

Education
Bachelor of Arts in Computer Science","<html><body><p>Noah Kim</p><p>Summary</p><p>Detail-oriented management consultant offering 4+ years of hands-on expertise and a strong record of measurable results.</p><p>Skills</p><p>stakeholder management, process optimization, strategy, project management, business case development, data analysis, change management, client presentations</p><p>Experience</p><p>Utilized business case development, stakeholder management, client presentations to support key business objectives and improve team performance.</p><p>Utilized stakeholder management, business case development, project management to support key business objectives and improve team performance.</p><p>Education</p><p>Bachelor of Arts in Computer Science</p></body></html>",CONSULTANT
510,"Emma Kim
Summary
Detail-oriented digital marketing specialist offering 14+ years of hands-on expertise and a strong record of measurable results.

Skills
digital marketing, social media marketing, google analytics, campaign management, copywriting, content strategy

Experience
Utilized content strategy, digital marketing, social media marketing to support key business objectives and improve team performance.
Utilized social media marketing, google analytics, campaign management to support key business objectives and improve team performance.
Utilized social media marketing, digital marketing, campaign management to support key business objectives and improve team performance.

Education
Bachelor of Arts in Marketing","<html><body><p>Emma Kim</p><p>Summary</p><p>Detail-oriented digital marketing specialist offering 14+ years of hands-on expertise and a strong record of measurable results.</p><p>Skills</p><p>digital marketing, social media marketing, google analytics, campaign management, copywriting, content strategy</p><p>Experience</p><p>Utilized content strategy, digital marketing, social media marketing to support key business objectives and improve team performance.</p><p>Utilized social media marketing, google analytics, campaign management to support key business objectives and improve team performance.</p><p>Utilized social media marketing, digital marketing, campaign management to support key business objectives and improve team performance.</p><p>Education</p><p>Bachelor of Arts in Marketing</p></body></html>",DIGITAL-MEDIA
58,"Jordan Brown
Summary
Detail-oriented human resources specialist offering 2+ years of hands-on expertise and a strong record of measurable results.

Skills
conflict resolution, talent acquisition, hris, employee relations, compensation, recruiting, performance management, labor relations

Experience
Utilized conflict resolution, compensation, performance management to support key business objectives and improve team performance.
Utilized recruiting, labor relations, conflict resolution to support key business objectives and improve team performance.

Education
Diploma in Education","<html><body><p>Jordan Brown</p><p>Summary</p><p>Detail-oriented human resources specialist offering 2+ years of hands-on expertise and a strong record of measurable results.</p><p>Skills</p><p>conflict resolution, talent acquisition, hris, employee relations, compensation, recruiting, performance management, labor relations</p><p>Experience</p><p>Utilized conflict resolution, compensation, performance management to support key business objectives and improve team performance.</p><p>Utilized recruiting, labor relations, conflict resolution to support key business objectives and improve team performance.</p><p>Education</p><p>Diploma in Education</p></body></html>",HR
474,"Taylor Sharma
Summary
Motivated management consultant professional with a proven track record of 13 years managing cross-functional initiatives.

Skills
process optimization, project management, change management, data analysis, client presentations, business case development, strategy, stakeholder management

Experience
Utilized client presentations, process optimization, strategy to support key business objectives and improve team performance.
Utilized project management, change management, client presentations to support key business objectives and improve team performance.

Education
Diploma in Design","<html><body><p>Taylor Sharma</p><p>Summary</p><p>Motivated management consultant professional with a proven track record of 13 years managing cross-functional initiatives.</p><p>Skills</p><p>process optimization, project management, change management, data analysis, client presentations, business case development, strategy, stakeholder management</p><p>Experience</p><p>Utilized client presentations, process optimization, strategy to support key business objectives and improve team performance.</p><p>Utilized project management, change management, client presentations to support key business objectives and improve team performance.</p><p>Education</p><p>Diploma in Design</p></body></html>",CONSULTANT
560,"Alex Kim
Summary
Detail-oriented banking associate offering 5+ years of hands-on expertise and a strong record of measurable results.

Skills
risk assessment, credit analysis, compliance, customer relationship management, kyc, underwriting, loan processing

Experience
Utilized kyc, compliance, underwriting to support key business objectives and improve team performance.
Utilized underwriting, compliance, customer relationship management to support key business objectives and improve team performance.

Education
Bachelor of Arts in Design","<html><body><p>Alex Kim</p><p>Summary</p><p>Detail-oriented banking associate offering 5+ years of hands-on expertise and a strong record of measurable results.</p><p>Skills</p><p>risk assessment, credit analysis, compliance, customer relationship management, kyc, underwriting, loan processing</p><p>Experience</p><p>Utilized kyc, compliance, underwriting to support key business objectives and improve team performance.</p><p>Utilized underwriting, compliance, customer relationship management to support key business objectives and improve team performance.</p><p>Education</p><p>Bachelor of Arts in Design</p></body></html>",BANKING
252,"Aisha Patel
Summary
Motivated healthcare professional professional with a proven track record of 1 years managing cross-functional initiatives.

Skills
patient care, triage, vital signs monitoring, clinical, hipaa, ehr, nursing, emr

Experience
Utilized nursing, hipaa, ehr to support key business objectives and improve team performance.
Utilized triage, vital signs monitoring, clinical to support key business objectives and improve team performance.

Education
Diploma in Design","<html><body><p>Aisha Patel</p><p>Summary</p><p>Motivated healthcare professional professional with a proven track record of 1 years managing cross-functional initiatives.</p><p>Skills</p><p>patient care, triage, vital signs monitoring, clinical, hipaa, ehr, nursing, emr</p><p>Experience</p><p>Utilized nursing, hipaa, ehr to support key business objectives and improve team performance.</p><p>Utilized triage, vital signs monitoring, clinical to support key business objectives and improve team performance.</p><p>Education</p><p>Diploma in Design</p></body></html>",HEALTHCARE
21,"Neha Singh
Summary
Results-driven software engineer with 11 years of experience delivering high-impact outcomes in fast-paced environments.

Skills
react, machine learning, django, linux, agile, microservices, kubernetes, rest api

Experience
Utilized django, microservices, react to support key business objectives and improve team performance.
Utilized agile, rest api, microservices to support key business objectives and improve team performance.
Utilized microservices, react, machine learning to support key business objectives and improve team performance.
Utilized agile, machine learning, kubernetes to support key business objectives and improve team performance.

Education
MBA in Nursing","<html><body><p>Neha Singh</p><p>Summary</p><p>Results-driven software engineer with 11 years of experience delivering high-impact outcomes in fast-paced environments.</p><p>Skills</p><p>react, machine learning, django, linux, agile, microservices, kubernetes, rest api</p><p>Experience</p><p>Utilized django, microservices, react to support key business objectives and improve team performance.</p><p>Utilized agile, rest api, microservices to support key business objectives and improve team performance.</p><p>Utilized microservices, react, machine learning to support key business objectives and improve team performance.</p><p>Utilized agile, machine learning, kubernetes to support key business objectives and improve team performance.</p><p>Education</p><p>MBA in Nursing</p></body></html>",INFORMATION-TECHNOLOGY
313,"Priya Singh
Summary
Detail-oriented sales representative offering 6+ years of hands-on expertise and a strong record of measurable results.

Skills
salesforce, crm, upselling, cold calling, sales, negotiation, closing deals, quota attainment, client relationship, prospecting

Experience
Utilized negotiation, closing deals, upselling to support key business objectives and improve team performance.
Utilized closing deals, negotiation, prospecting to support key business objectives and improve team performance.

Education
MBA in Accounting","<html><body><p>Priya Singh</p><p>Summary</p><p>Detail-oriented sales representative offering 6+ years of hands-on expertise and a strong record of measurable results.</p><p>Skills</p><p>salesforce, crm, upselling, cold calling, sales, negotiation, closing deals, quota attainment, client relationship, prospecting</p><p>Experience</p><p>Utilized negotiation, closing deals, upselling to support key business objectives and improve team performance.</p><p>Utilized closing deals, negotiation, prospecting to support key business objectives and improve team performance.</p><p>Education</p><p>MBA in Accounting</p></body></html>",SALES
459,"Wei Garcia
Summary
Detail-oriented management consultant offering 5+ years of hands-on expertise and a strong record of measurable results.

Skills
data analysis, client presentations, change management, stakeholder management, business case development, strategy, process optimization

Experience
Utilized client presentations, process optimization, data analysis to support key business objectives and improve team performance.
Utilized business case development, client presentations, change management to support key business objectives and improve team performance.

Education
Master of Science in Accounting","<html><body><p>Wei Garcia</p><p>Summary</p><p>Detail-oriented management consultant offering 5+ years of hands-on expertise and a strong record of measurable results.</p><p>Skills</p><p>data analysis, client presentations, change management, stakeholder management, business case development, strategy, process optimization</p><p>Experience</p><p>Utilized client presentations, process optimization, data analysis to support key business objectives and improve team performance.</p><p>Utilized business case development, client presentations, change management to support key business objectives and improve team performance.</p><p>Education</p><p>Master of Science in Accounting</p></body></html>",CONSULTANT
160,"Liam Singh
Summary
Motivated legal counsel professional with a proven track record of 15 years managing cross-functional initiatives.

Skills
litigation, case management, client counseling, westlaw, compliance, contract review

Experience
Utilized litigation, westlaw, case management to support key business objectives and improve team performance.
Utilized case management, westlaw, litigation to support key business objectives and improve team performance.
Utilized litigation, client counseling, contract review to support key business objectives and improve team performance.

Education
Master of Science in Accounting","<html><body><p>Liam Singh</p><p>Summary</p><p>Motivated legal counsel professional with a proven track record of 15 years managing cross-functional initiatives.</p><p>Skills</p><p>litigation, case management, client counseling, westlaw, compliance, contract review</p><p>Experience</p><p>Utilized litigation, westlaw, case management to support key business objectives and improve team performance.</p><p>Utilized case management, westlaw, litigation to support key business objectives and improve team performance.</p><p>Utilized litigation, client counseling, contract review to support key business objectives and improve team performance.</p><p>Education</p><p>Master of Science in Accounting</p></body></html>",ADVOCATE
276,"Grace Garcia
Summary
Results-driven healthcare professional with 9 years of experience delivering high-impact outcomes in fast-paced environments.

Skills
medication administration, clinical, emr, triage, hipaa, vital signs monitoring, medical records, healthcare compliance

Experience
Utilized vital signs monitoring, clinical, healthcare compliance to support key business objectives and improve team performance.
Utilized medical records, healthcare compliance, triage to support key business objectives and improve team performance.

Education
Bachelor of Engineering in Design","<html><body><p>Grace Garcia</p><p>Summary</p><p>Results-driven healthcare professional with 9 years of experience delivering high-impact outcomes in fast-paced environments.</p><p>Skills</p><p>medication administration, clinical, emr, triage, hipaa, vital signs monitoring, medical records, healthcare compliance</p><p>Experience</p><p>Utilized vital signs monitoring, clinical, healthcare compliance to support key business objectives and improve team performance.</p><p>Utilized medical records, healthcare compliance, triage to support key business objectives and improve team performance.</p><p>Education</p><p>Bachelor of Engineering in Design</p></body></html>",HEALTHCARE
191,"Emma Khan
Summary
Detail-oriented legal counsel offering 15+ years of hands-on expertise and a strong record of measurable results.

Skills
legal research, case management, legal writing, negotiation, westlaw, client counseling, regulatory filings

Experience
Utilized case management, westlaw, legal writing to support key business objectives and improve team performance.
Utilized client counseling, legal writing, case management to support key business objectives and improve team performance.

Education
Diploma in Mechanical Engineering","<html><body><p>Emma Khan</p><p>Summary</p><p>Detail-oriented legal counsel offering 15+ years of hands-on expertise and a strong record of measurable results.</p><p>Skills</p><p>legal research, case management, legal writing, negotiation, westlaw, client counseling, regulatory filings</p><p>Experience</p><p>Utilized case management, westlaw, legal writing to support key business objectives and improve team performance.</p><p>Utilized client counseling, legal writing, case management to support key business objectives and improve team performance.</p><p>Education</p><p>Diploma in Mechanical Engineering</p></body></html>",ADVOCATE
385,"Priya Johnson
Summary
Motivated mechanical engineer professional with a proven track record of 6 years managing cross-functional initiatives.

Skills
six sigma, process improvement, solidworks, matlab, autocad, quality control, root cause analysis, manufacturing, cad

Experience
Utilized manufacturing, root cause analysis, cad to support key business objectives and improve team performance.
Utilized six sigma, quality control, root cause analysis to support key business objectives and improve team performance.

Education
Bachelor of Science in Business Administration","<html><body><p>Priya Johnson</p><p>Summary</p><p>Motivated mechanical engineer professional with a proven track record of 6 years managing cross-functional initiatives.</p><p>Skills</p><p>six sigma, process improvement, solidworks, matlab, autocad, quality control, root cause analysis, manufacturing, cad</p><p>Experience</p><p>Utilized manufacturing, root cause analysis, cad to support key business objectives and improve team performance.</p><p>Utilized six sigma, quality control, root cause analysis to support key business objectives and improve team performance.</p><p>Education</p><p>Bachelor of Science in Business Administration</p></body></html>",ENGINEERING
413,"Wei Garcia
Summary
Motivated accountant professional with a proven track record of 3 years managing cross-functional initiatives.

Skills
tax, reconciliation, financial statements, bookkeeping, accounting, gaap, auditing, quickbooks

Experience
Utilized quickbooks, gaap, financial statements to support key business objectives and improve team performance.
Utilized financial statements, quickbooks, auditing to support key business objectives and improve team performance.

Education
Bachelor of Arts in Computer Science","<html><body><p>Wei Garcia</p><p>Summary</p><p>Motivated accountant professional with a proven track record of 3 years managing cross-functional initiatives.</p><p>Skills</p><p>tax, reconciliation, financial statements, bookkeeping, accounting, gaap, auditing, quickbooks</p><p>Experience</p><p>Utilized quickbooks, gaap, financial statements to support key business objectives and improve team performance.</p><p>Utilized financial statements, quickbooks, auditing to support key business objectives and improve team performance.</p><p>Education</p><p>Bachelor of Arts in Computer Science</p></body></html>",ACCOUNTANT
491,"Grace Khan
Summary
Results-driven digital marketing specialist with 9 years of experience delivering high-impact outcomes in fast-paced environments.

Skills
digital marketing, brand strategy, seo, content strategy, copywriting, email marketing, google analytics

Experience
Utilized email marketing, google analytics, brand strategy to support key business objectives and improve team performance.
Utilized content strategy, email marketing, seo to support key business objectives and improve team performance.

Education
MBA in Design","<html><body><p>Grace Khan</p><p>Summary</p><p>Results-driven digital marketing specialist with 9 years of experience delivering high-impact outcomes in fast-paced environments.</p><p>Skills</p><p>digital marketing, brand strategy, seo, content strategy, copywriting, email marketing, google analytics</p><p>Experience</p><p>Utilized email marketing, google analytics, brand strategy to support key business objectives and improve team performance.</p><p>Utilized content strategy, email marketing, seo to support key business objectives and improve team performance.</p><p>Education</p><p>MBA in Design</p></body></html>",DIGITAL-MEDIA
343,"Emma Lopez
Summary
Motivated finance analyst professional with a proven track record of 7 years managing cross-functional initiatives.

Skills
investment analysis, financial modeling, budgeting, financial analysis, forecasting, financial reporting, variance analysis, risk management, excel

Experience
Utilized financial analysis, excel, financial modeling to support key business objectives and improve team performance.
Utilized forecasting, excel, financial reporting to support key business objectives and improve team performance.

Education
Diploma in Nursing","<html><body><p>Emma Lopez</p><p>Summary</p><p>Motivated finance analyst professional with a proven track record of 7 years managing cross-functional initiatives.</p><p>Skills</p><p>investment analysis, financial modeling, budgeting, financial analysis, forecasting, financial reporting, variance analysis, risk management, excel</p><p>Experience</p><p>Utilized financial analysis, excel, financial modeling to support key business objectives and improve team performance.</p><p>Utilized forecasting, excel, financial reporting to support key business objectives and improve team performance.</p><p>Education</p><p>Diploma in Nursing</p></body></html>",FINANCE
308,"Neha Johnson
Summary
Results-driven sales representative with 14 years of experience delivering high-impact outcomes in fast-paced environments.

Skills
cold calling, quota attainment, upselling, sales, negotiation, closing deals

Experience
Utilized sales, negotiation, quota attainment to support key business objectives and improve team performance.
Utilized sales, upselling, closing deals to support key business objectives and improve team performance.
Utilized sales, cold calling, upselling to support key business objectives and improve team performance.

Education
MBA in Computer Science","<html><body><p>Neha Johnson</p><p>Summary</p><p>Results-driven sales representative with 14 years of experience delivering high-impact outcomes in fast-paced environments.</p><p>Skills</p><p>cold calling, quota attainment, upselling, sales, negotiation, closing deals</p><p>Experience</p><p>Utilized sales, negotiation, quota attainment to support key business objectives and improve team performance.</p><p>Utilized sales, upselling, closing deals to support key business objectives and improve team performance.</p><p>Utilized sales, cold calling, upselling to support key business objectives and improve team performance.</p><p>Education</p><p>MBA in Computer Science</p></body></html>",SALES
130,"Wei Johnson
Summary
Motivated educator professional with a proven track record of 3 years managing cross-functional initiatives.

Skills
classroom management, special education, instructional design, lesson planning, parent communication, tutoring, differentiated instruction, curriculum development, student assessment

Experience
Utilized classroom management, curriculum development, special education to support key business objectives and improve team performance.
Utilized lesson planning, differentiated instruction, parent communication to support key business objectives and improve team performance.
Utilized student assessment, curriculum development, lesson planning to support key business objectives and improve team performance.

Education
Bachelor of Engineering in Computer Science","<html><body><p>Wei Johnson</p><p>Summary</p><p>Motivated educator professional with a proven track record of 3 years managing cross-functional initiatives.</p><p>Skills</p><p>classroom management, special education, instructional design, lesson planning, parent communication, tutoring, differentiated instruction, curriculum development, student assessment</p><p>Experience</p><p>Utilized classroom management, curriculum development, special education to support key business objectives and improve team performance.</p><p>Utilized lesson planning, differentiated instruction, parent communication to support key business objectives and improve team performance.</p><p>Utilized student assessment, curriculum development, lesson planning to support key business objectives and improve team performance.</p><p>Education</p><p>Bachelor of Engineering in Computer Science</p></body></html>",TEACHER
99,"Neha Kim
Summary
Results-driven product designer with 4 years of experience delivering high-impact outcomes in fast-paced environments.

Skills
wireframing, adobe creative suite, prototyping, typography, branding, figma, ux design, indesign

Experience
Utilized indesign, figma, prototyping to support key business objectives and improve team performance.
Utilized prototyping, wireframing, figma to support key business objectives and improve team performance.
Utilized figma, ux design, prototyping to support key business objectives and improve team performance.
Utilized typography, adobe creative suite, branding to support key business objectives and improve team performance.

Education
Master of Science in Marketing","<html><body><p>Neha Kim</p><p>Summary</p><p>Results-driven product designer with 4 years of experience delivering high-impact outcomes in fast-paced environments.</p><p>Skills</p><p>wireframing, adobe creative suite, prototyping, typography, branding, figma, ux design, indesign</p><p>Experience</p><p>Utilized indesign, figma, prototyping to support key business objectives and improve team performance.</p><p>Utilized prototyping, wireframing, figma to support key business objectives and improve team performance.</p><p>Utilized figma, ux design, prototyping to support key business objectives and improve team performance.</p><p>Utilized typography, adobe creative suite, branding to support key business objectives and improve team performance.</p><p>Education</p><p>Master of Science in Marketing</p></body></html>",DESIGNER
372,"Liam Sharma
Summary
Motivated mechanical engineer professional with a proven track record of 15 years managing cross-functional initiatives.

Skills
process improvement, matlab, manufacturing, six sigma, autocad, solidworks, quality control, cad

Experience
Utilized cad, process improvement, quality control to support key business objectives and improve team performance.
Utilized solidworks, process improvement, quality control to support key business objectives and improve team performance.

Education
Master of Science in Mechanical Engineering","<html><body><p>Liam Sharma</p><p>Summary</p><p>Motivated mechanical engineer professional with a proven track record of 15 years managing cross-functional initiatives.</p><p>Skills</p><p>process improvement, matlab, manufacturing, six sigma, autocad, solidworks, quality control, cad</p><p>Experience</p><p>Utilized cad, process improvement, quality control to support key business objectives and improve team performance.</p><p>Utilized solidworks, process improvement, quality control to support key business objectives and improve team performance.</p><p>Education</p><p>Master of Science in Mechanical Engineering</p></body></html>",ENGINEERING
87,"Sofia Chen
Summary
Motivated product designer professional with a proven track record of 3 years managing cross-functional initiatives.

Skills
figma, wireframing, ux design, typography, graphic design, sketch

Experience
Utilized ux design, typography, wireframing to support key business objectives and improve team performance.
Utilized ux design, graphic design, figma to support key business objectives and improve team performance.
Utilized ux design, wireframing, typography to support key business objectives and improve team performance.
Utilized figma, ux design, typography to support key business objectives and improve team performance.

Education
Diploma in Education","<html><body><p>Sofia Chen</p><p>Summary</p><p>Motivated product designer professional with a proven track record of 3 years managing cross-functional initiatives.</p><p>Skills</p><p>figma, wireframing, ux design, typography, graphic design, sketch</p><p>Experience</p><p>Utilized ux design, typography, wireframing to support key business objectives and improve team performance.</p><p>Utilized ux design, graphic design, figma to support key business objectives and improve team performance.</p><p>Utilized ux design, wireframing, typography to support key business objectives and improve team performance.</p><p>Utilized figma, ux design, typography to support key business objectives and improve team performance.</p><p>Education</p><p>Diploma in Education</p></body></html>",DESIGNER
458,"Neha Davis
Summary
Detail-oriented management consultant offering 9+ years of hands-on expertise and a strong record of measurable results.

Skills
strategy, business case development, stakeholder management, client presentations, change management, project management, data analysis, process optimization

Experience
Utilized data analysis, change management, client presentations to support key business objectives and improve team performance.
Utilized data analysis, change management, stakeholder management to support key business objectives and improve team performance.
Utilized client presentations, business case development, strategy to support key business objectives and improve team performance.

Education
Bachelor of Science in Marketing","<html><body><p>Neha Davis</p><p>Summary</p><p>Detail-oriented management consultant offering 9+ years of hands-on expertise and a strong record of measurable results.</p><p>Skills</p><p>strategy, business case development, stakeholder management, client presentations, change management, project management, data analysis, process optimization</p><p>Experience</p><p>Utilized data analysis, change management, client presentations to support key business objectives and improve team performance.</p><p>Utilized data analysis, change management, stakeholder management to support key business objectives and improve team performance.</p><p>Utilized client presentations, business case development, strategy to support key business objectives and improve team performance.</p><p>Education</p><p>Bachelor of Science in Marketing</p></body></html>",CONSULTANT
330,"Alex Davis
Summary
Results-driven finance analyst with 4 years of experience delivering high-impact outcomes in fast-paced environments.

Skills
financial analysis, risk management, excel, financial reporting, investment analysis, forecasting, budgeting, financial modeling, variance analysis

Experience
Utilized risk management, variance analysis, budgeting to support key business objectives and improve team performance.
Utilized investment analysis, risk management, excel to support key business objectives and improve team performance.
Utilized excel, financial analysis, investment analysis to support key business objectives and improve team performance.
Utilized forecasting, financial analysis, financial reporting to support key business objectives and improve team performance.

Education
Bachelor of Arts in Finance","<html><body><p>Alex Davis</p><p>Summary</p><p>Results-driven finance analyst with 4 years of experience delivering high-impact outcomes in fast-paced environments.</p><p>Skills</p><p>financial analysis, risk management, excel, financial reporting, investment analysis, forecasting, budgeting, financial modeling, variance analysis</p><p>Experience</p><p>Utilized risk management, variance analysis, budgeting to support key business objectives and improve team performance.</p><p>Utilized investment analysis, risk management, excel to support key business objectives and improve team performance.</p><p>Utilized excel, financial analysis, investment analysis to support key business objectives and improve team performance.</p><p>Utilized forecasting, financial analysis, financial reporting to support key business objectives and improve team performance.</p><p>Education</p><p>Bachelor of Arts in Finance</p></body></html>",FINANCE
214,"Taylor Brown
Summary
Detail-oriented business development manager offering 11+ years of hands-on expertise and a strong record of measurable results.

Skills
revenue growth, lead generation, business development, salesforce, account management, client relationship, crm, negotiation, market research, partnership development

Experience
Utilized crm, client relationship, account management to support key business objectives and improve team performance.
Utilized crm, salesforce, partnership development to support key business objectives and improve team performance.
Utilized market research, partnership development, negotiation to support key business objectives and improve team performance.
Utilized business development, client relationship, negotiation to support key business objectives and improve team performance.

Education
Master of Science in Finance","<html><body><p>Taylor Brown</p><p>Summary</p><p>Detail-oriented business development manager offering 11+ years of hands-on expertise and a strong record of measurable results.</p><p>Skills</p><p>revenue growth, lead generation, business development, salesforce, account management, client relationship, crm, negotiation, market research, partnership development</p><p>Experience</p><p>Utilized crm, client relationship, account management to support key business objectives and improve team performance.</p><p>Utilized crm, salesforce, partnership development to support key business objectives and improve team performance.</p><p>Utilized market research, partnership development, negotiation to support key business objectives and improve team performance.</p><p>Utilized business development, client relationship, negotiation to support key business objectives and improve team performance.</p><p>Education</p><p>Master of Science in Finance</p></body></html>",BUSINESS-DEVELOPMENT
466,"Priya Patel
Summary
Motivated management consultant professional with a proven track record of 5 years managing cross-functional initiatives.

Skills
project management, change management, business case development, stakeholder management, data analysis, client presentations, strategy

Experience
Utilized business case development, project management, client presentations to support key business objectives and improve team performance.
Utilized data analysis, change management, client presentations to support key business objectives and improve team performance.

Education
Bachelor of Science in Education","<html><body><p>Priya Patel</p><p>Summary</p><p>Motivated management consultant professional with a proven track record of 5 years managing cross-functional initiatives.</p><p>Skills</p><p>project management, change management, business case development, stakeholder management, data analysis, client presentations, strategy</p><p>Experience</p><p>Utilized business case development, project management, client presentations to support key business objectives and improve team performance.</p><p>Utilized data analysis, change management, client presentations to support key business objectives and improve team performance.</p><p>Education</p><p>Bachelor of Science in Education</p></body></html>",CONSULTANT
121,"Taylor Johnson
Summary
Motivated educator professional with a proven track record of 5 years managing cross-functional initiatives.

Skills
curriculum development, student assessment, instructional design, special education, differentiated instruction, lesson planning, classroom management, parent communication, tutoring

Experience
Utilized student assessment, instructional design, special education to support key business objectives and improve team performance.
Utilized differentiated instruction, classroom management, instructional design to support key business objectives and improve team performance.

Education
Master of Science in Nursing","<html><body><p>Taylor Johnson</p><p>Summary</p><p>Motivated educator professional with a proven track record of 5 years managing cross-functional initiatives.</p><p>Skills</p><p>curriculum development, student assessment, instructional design, special education, differentiated instruction, lesson planning, classroom management, parent communication, tutoring</p><p>Experience</p><p>Utilized student assessment, instructional design, special education to support key business objectives and improve team performance.</p><p>Utilized differentiated instruction, classroom management, instructional design to support key business objectives and improve team performance.</p><p>Education</p><p>Master of Science in Nursing</p></body></html>",TEACHER
614,"Omar Chen
Summary
Detail-oriented construction project manager offering 4+ years of hands-on expertise and a strong record of measurable results.

Skills
project scheduling, site supervision, subcontractor management, blueprint reading, cost estimation, osha compliance

Experience
Utilized project scheduling, cost estimation, blueprint reading to support key business objectives and improve team performance.
Utilized project scheduling, blueprint reading, site supervision to support key business objectives and improve team performance.
Utilized cost estimation, osha compliance, blueprint reading to support key business objectives and improve team performance.
Utilized project scheduling, subcontractor management, blueprint reading to support key business objectives and improve team performance.

Education
Bachelor of Engineering in Finance","<html><body><p>Omar Chen</p><p>Summary</p><p>Detail-oriented construction project manager offering 4+ years of hands-on expertise and a strong record of measurable results.</p><p>Skills</p><p>project scheduling, site supervision, subcontractor management, blueprint reading, cost estimation, osha compliance</p><p>Experience</p><p>Utilized project scheduling, cost estimation, blueprint reading to support key business objectives and improve team performance.</p><p>Utilized project scheduling, blueprint reading, site supervision to support key business objectives and improve team performance.</p><p>Utilized cost estimation, osha compliance, blueprint reading to support key business objectives and improve team performance.</p><p>Utilized project scheduling, subcontractor management, blueprint reading to support key business objectives and improve team performance.</p><p>Education</p><p>Bachelor of Engineering in Finance</p></body></html>",CONSTRUCTION
20,"Omar Kim
Summary
Motivated software engineer professional with a proven track record of 11 years managing cross-functional initiatives.

Skills
react, ci/cd, scrum, java, microservices, kubernetes, linux, agile, machine learning, docker

Experience
Utilized microservices, machine learning, scrum to support key business objectives and improve team performance.
Utilized java, linux, machine learning to support key business objectives and improve team performance.
Utilized scrum, microservices, linux to support key business objectives and improve team performance.
Utilized machine learning, react, microservices to support key business objectives and improve team performance.

Education
Master of Science in Design","<html><body><p>Omar Kim</p><p>Summary</p><p>Motivated software engineer professional with a proven track record of 11 years managing cross-functional initiatives.</p><p>Skills</p><p>react, ci/cd, scrum, java, microservices, kubernetes, linux, agile, machine learning, docker</p><p>Experience</p><p>Utilized microservices, machine learning, scrum to support key business objectives and improve team performance.</p><p>Utilized java, linux, machine learning to support key business objectives and improve team performance.</p><p>Utilized scrum, microservices, linux to support key business objectives and improve team performance.</p><p>Utilized machine learning, react, microservices to support key business objectives and improve team performance.</p><p>Education</p><p>Master of Science in Design</p></body></html>",INFORMATION-TECHNOLOGY
71,"Noah Johnson
Summary
Motivated human resources specialist professional with a proven track record of 12 years managing cross-functional initiatives.

Skills
labor relations, employee relations, training and development, performance management, conflict resolution, onboarding, benefits administration, talent acquisition

Experience
Utilized performance management, talent acquisition, conflict resolution to support key business objectives and improve team performance.
Utilized conflict resolution, benefits administration, onboarding to support key business objectives and improve team performance.
Utilized talent acquisition, employee relations, conflict resolution to support key business objectives and improve team performance.

Education
Bachelor of Science in Design","<html><body><p>Noah Johnson</p><p>Summary</p><p>Motivated human resources specialist professional with a proven track record of 12 years managing cross-functional initiatives.</p><p>Skills</p><p>labor relations, employee relations, training and development, performance management, conflict resolution, onboarding, benefits administration, talent acquisition</p><p>Experience</p><p>Utilized performance management, talent acquisition, conflict resolution to support key business objectives and improve team performance.</p><p>Utilized conflict resolution, benefits administration, onboarding to support key business objectives and improve team performance.</p><p>Utilized talent acquisition, employee relations, conflict resolution to support key business objectives and improve team performance.</p><p>Education</p><p>Bachelor of Science in Design</p></body></html>",HR
106,"Alex Davis
Summary
Detail-oriented product designer offering 7+ years of hands-on expertise and a strong record of measurable results.

Skills
sketch, branding, wireframing, ui design, figma, indesign, illustrator, graphic design, photoshop

Experience
Utilized branding, photoshop, figma to support key business objectives and improve team performance.
Utilized sketch, graphic design, figma to support key business objectives and improve team performance.

Education
Bachelor of Science in Mechanical Engineering","<html><body><p>Alex Davis</p><p>Summary</p><p>Detail-oriented product designer offering 7+ years of hands-on expertise and a strong record of measurable results.</p><p>Skills</p><p>sketch, branding, wireframing, ui design, figma, indesign, illustrator, graphic design, photoshop</p><p>Experience</p><p>Utilized branding, photoshop, figma to support key business objectives and improve team performance.</p><p>Utilized sketch, graphic design, figma to support key business objectives and improve team performance.</p><p>Education</p><p>Bachelor of Science in Mechanical Engineering</p></body></html>",DESIGNER
270,"Jordan Nguyen
Summary
Results-driven healthcare professional with 13 years of experience delivering high-impact outcomes in fast-paced environments.

Skills
clinical, triage, hipaa, ehr, medication administration, nursing, vital signs monitoring, healthcare compliance, patient care

Experience
Utilized patient care, clinical, vital signs monitoring to support key business objectives and improve team performance.
Utilized healthcare compliance, hipaa, triage to support key business objectives and improve team performance.
Utilized nursing, healthcare compliance, patient care to support key business objectives and improve team performance.

Education
Bachelor of Arts in Business Administration","<html><body><p>Jordan Nguyen</p><p>Summary</p><p>Results-driven healthcare professional with 13 years of experience delivering high-impact outcomes in fast-paced environments.</p><p>Skills</p><p>clinical, triage, hipaa, ehr, medication administration, nursing, vital signs monitoring, healthcare compliance, patient care</p><p>Experience</p><p>Utilized patient care, clinical, vital signs monitoring to support key business objectives and improve team performance.</p><p>Utilized healthcare compliance, hipaa, triage to support key business objectives and improve team performance.</p><p>Utilized nursing, healthcare compliance, patient care to support key business objectives and improve team performance.</p><p>Education</p><p>Bachelor of Arts in Business Administration</p></body></html>",HEALTHCARE
435,"Wei Davis
Summary
Motivated accountant professional with a proven track record of 11 years managing cross-functional initiatives.

Skills
financial statements, reconciliation, bookkeeping, gaap, general ledger, accounts receivable, tax

Experience
Utilized financial statements, tax, accounts receivable to support key business objectives and improve team performance.
Utilized gaap, accounts receivable, general ledger to support key business objectives and improve team performance.

Education
Master of Science in Computer Science","<html><body><p>Wei Davis</p><p>Summary</p><p>Motivated accountant professional with a proven track record of 11 years managing cross-functional initiatives.</p><p>Skills</p><p>financial statements, reconciliation, bookkeeping, gaap, general ledger, accounts receivable, tax</p><p>Experience</p><p>Utilized financial statements, tax, accounts receivable to support key business objectives and improve team performance.</p><p>Utilized gaap, accounts receivable, general ledger to support key business objectives and improve team performance.</p><p>Education</p><p>Master of Science in Computer Science</p></body></html>",ACCOUNTANT
102,"Omar Singh
Summary
Detail-oriented product designer offering 9+ years of hands-on expertise and a strong record of measurable results.

Skills
typography, prototyping, wireframing, branding, sketch, graphic design, ui design, indesign, photoshop

Experience
Utilized prototyping, typography, ui design to support key business objectives and improve team performance.
Utilized photoshop, branding, sketch to support key business objectives and improve team performance.
Utilized photoshop, wireframing, prototyping to support key business objectives and improve team performance.
Utilized graphic design, indesign, typography to support key business objectives and improve team performance.

Education
Master of Science in Business Administration","<html><body><p>Omar Singh</p><p>Summary</p><p>Detail-oriented product designer offering 9+ years of hands-on expertise and a strong record of measurable results.</p><p>Skills</p><p>typography, prototyping, wireframing, branding, sketch, graphic design, ui design, indesign, photoshop</p><p>Experience</p><p>Utilized prototyping, typography, ui design to support key business objectives and improve team performance.</p><p>Utilized photoshop, branding, sketch to support key business objectives and improve team performance.</p><p>Utilized photoshop, wireframing, prototyping to support key business objectives and improve team performance.</p><p>Utilized graphic design, indesign, typography to support key business objectives and improve team performance.</p><p>Education</p><p>Master of Science in Business Administration</p></body></html>",DESIGNER
